type,id,basin,river,lat,lon,n,last
river,104255,AKAGERA-TRIB01,AKAGERA-TRIB01,-0.6198,31.6197,81,2026-09-07
river,113595,CONGO,ARUWIMI-ITURI,1.6490,27.0531,169,2026-09-28
river,0000000200662,CONGO,ARUWIMI,1.3092,24.0391,54,2026-09-27
river,0000000003444,CONGO,ARUWIMI,1.3252,24.1759,104,2026-09-16
river,0000000003434,CONGO,ARUWIMI,1.3317,24.3141,133,2026-08-20
river,0000000003431,CONGO,ARUWIMI,1.3372,24.3299,583,2026-09-25
river,0000000003442,CONGO,ARUWIMI,1.3079,24.7769,104,2026-09-30
river,0000000003445,CONGO,ARUWIMI,1.4936,25.0739,101,2026-09-20
river,0000000200025,CONGO,ARUWIMI,1.4757,25.2477,55,2026-09-16
river,0000000003435,CONGO,ARUWIMI,1.5437,25.2961,135,2026-09-20
river,0000000003438,CONGO,ARUWIMI,1.7272,25.4854,134,2026-09-10
river,0000000003443,CONGO,ARUWIMI,1.8811,25.8394,104,2026-10-04
river,0000000003439,CONGO,ARUWIMI,1.8789,25.9231,103,2026-09-24
river,102405,CONGO,ARUWIMI,1.9194,26.3155,103,2026-09-24
river,0000000003433,CONGO,ARUWIMI,1.8544,26.3959,136,2026-09-14
river,0000000203243,CONGO,ARUWIMI,1.8399,26.4273,55,2026-09-26
river,0000000003441,CONGO,ARUWIMI,1.6876,26.9009,103,2026-09-01
river,103840,CONGO,BIASI,-1.3194,27.4684,135,2026-10-02
river,100255,CONGO,BILI,4.0186,23.9760,78,2026-09-12
river,0000000204211,CONGO,BIMA,3.3280,25.3121,53,2026-09-21
river,105679,CONGO,BIMA,3.2653,25.6158,81,2026-09-24
river,101698,CONGO,BIMA,3.2576,25.6772,136,2026-09-20
river,0000000003469,CONGO,BOMOKANDI,3.5396,26.2048,103,2026-10-04
river,0000000203244,CONGO,BOMOKANDI,3.5670,26.1754,55,2026-09-26
river,0000000003465,CONGO,BOMOKANDI,3.4375,26.4071,324,2026-09-28
river,0000000003467,CONGO,BOMOKANDI,3.2762,26.5484,102,2026-09-01
river,0000000200080,CONGO,BOMOKANDI,3.2734,26.5389,56,2026-10-01
river,0000000003455,CONGO,BOMOKANDI,3.2791,26.6169,137,2026-09-24
river,0000000003466,CONGO,BOMOKANDI,3.1531,27.0419,102,2026-09-18
river,0000000003470,CONGO,BOMOKANDI,3.1351,27.0524,103,2026-09-11
river,0000000200411,CONGO,BOMOKANDI,3.3156,27.4450,53,2026-09-15
river,0000000003468,CONGO,BOMOKANDI,3.3181,27.4741,102,2026-10-02
river,0000000003456,CONGO,BOMOKANDI,3.3313,27.5636,137,2026-09-28
river,109366,CONGO,BOMOKANDI,3.1286,27.9861,105,2026-09-15
river,0000000203768,CONGO,BOMOKANDI,3.2898,27.7722,55,2026-09-20
river,102142,CONGO,BOMOKANDI,3.1106,27.9875,103,2026-09-22
river,108190,CONGO,BOMOKANDI,2.8313,28.5173,103,2026-09-09
river,0000000203697,CONGO,BOMOKANDI,2.8411,28.7469,54,2026-09-25
river,0000000201471,CONGO,BOMOKANDI,2.8041,28.9359,56,2026-09-30
river,110220,CONGO,BOMOKANDI,2.8253,28.8539,103,2026-09-19
river,102829,CONGO,BOMOKANDI,2.7712,28.9979,100,2026-09-26
river,0000000004355,CONGO,CHINKO-TRIB-01,5.6531,24.3396,138,2026-09-12
river,104797,CONGO,CHINKO-TRIB-01,5.9080,24.5602,132,2026-09-10
river,0000000003477,CONGO,CHINKO,5.3834,24.2094,101,2026-09-20
river,0000000003476,CONGO,CHINKO,5.5352,24.3131,138,2026-09-12
river,104798,CONGO,CHINKO,6.8678,24.3459,77,2026-09-10
river,104799,CONGO,CHINKO,6.9262,24.3328,76,2026-09-10
river,101004,CONGO,CONGO,0.8738,24.2137,138,2026-09-16
river,0000000003530,CONGO,CONGO,0.8623,24.2069,137,2026-09-16
river,0000000003570,CONGO,CONGO,0.7731,24.3031,105,2026-09-16
river,112548,CONGO,CONGO,0.7214,24.5493,179,2026-09-25
river,0000000003523,CONGO,CONGO,0.7241,24.5591,560,2026-09-25
river,0000000003560,CONGO,CONGO,0.6551,24.6329,103,2026-09-30
river,0000000003550,CONGO,CONGO,0.5771,24.8081,118,2026-10-03
river,0000000204212,CONGO,CONGO,0.5596,24.9088,53,2026-09-21
river,0000000004323,CONGO,DUNGU,3.6946,28.7931,119,2026-09-26
river,103545,CONGO,DUNGU,3.7365,29.7187,83,2026-09-30
river,102828,CONGO,EPULU-TRIB01,1.6468,29.2471,100,2026-09-26
river,0000000003609,CONGO,EPULU,1.2714,28.3954,138,2026-09-22
river,0000000204376,CONGO,EPULU,1.4146,28.7334,45,2026-09-30
river,0000000203688,CONGO,EPULU,1.4288,28.9525,53,2026-09-25
river,104538,CONGO,EPULU,1.4632,29.0197,102,2026-09-09
river,0000000203769,CONGO,GADA,3.6752,27.8284,55,2026-09-20
river,104537,CONGO,IBINA,0.8916,28.8931,102,2026-09-09
river,108189,CONGO,IBINA,0.8718,28.9515,81,2026-09-09
river,0000000203689,CONGO,IBINA,0.8413,29.0380,52,2026-09-25
river,0000000003639,CONGO,ITURI,1.6143,27.0649,615,2026-09-28
river,0000000003643,CONGO,ITURI,1.5806,27.1754,136,2026-09-28
river,0000000003640,CONGO,ITURI,1.5404,27.4006,133,2026-09-18
river,0000000203770,CONGO,ITURI,1.3927,27.4956,55,2026-09-20
river,0000000003650,CONGO,ITURI,1.3434,27.5897,103,2026-09-15
river,0000000003641,CONGO,ITURI,1.1611,28.4175,100,2026-09-22
river,0000000003651,CONGO,ITURI,1.0869,28.4686,103,2026-09-19
river,0000000003648,CONGO,ITURI,1.1886,28.8814,103,2026-09-09
river,0000000203690,CONGO,ITURI,1.1289,28.9961,52,2026-09-25
river,0000000003645,CONGO,ITURI,1.1952,28.9601,102,2026-09-09
river,0000000003642,CONGO,ITURI,1.0879,29.3698,100,2026-09-26
river,0000000003646,CONGO,ITURI,1.1811,29.4247,104,2026-09-23
river,0000000003638,CONGO,ITURI,1.2229,29.4934,608,2026-10-04
river,0000000003649,CONGO,ITURI,1.4461,29.7596,102,2026-09-13
river,0000000203366,CONGO,ITURI,1.7472,30.0149,47,2026-09-19
river,111152,CONGO,ITURI,1.5936,29.9077,183,2026-10-01
river,0000000203691,CONGO,KIBALI,3.6022,28.6356,55,2026-09-25
river,0000000004322,CONGO,KIBALI,3.5831,28.8182,134,2026-09-26
river,0000000003720,CONGO,KIBALI,3.5838,29.0221,103,2026-09-19
river,0000000003719,CONGO,KIBALI,3.2829,29.3521,103,2026-09-13
river,0000000003718,CONGO,KIBALI,3.2931,29.4294,101,2026-09-09
river,103841,CONGO,LENDA,1.2330,28.0336,136,2026-10-02
river,110486,CONGO,LILO,-0.5550,25.5272,102,2026-09-20
river,102404,CONGO,LILO,-0.7147,25.7321,137,2026-09-24
river,0000000003796,CONGO,LINDI,0.5566,25.0786,134,2026-09-20
river,0000000200026,CONGO,LINDI,1.0291,25.3126,55,2026-09-16
river,0000000003800,CONGO,LINDI,1.2448,25.5954,132,2026-09-10
river,0000000003805,CONGO,LINDI,1.2963,25.7096,105,2026-10-04
river,0000000003801,CONGO,LINDI,1.2267,26.0676,103,2026-09-24
river,0000000003797,CONGO,LINDI,1.3029,26.1789,134,2026-09-24
river,0000000201487,CONGO,LINDI,1.3131,26.2533,53,2026-10-01
river,0000000201171,CONGO,LINDI,1.2552,26.5128,55,2026-09-26
river,0000000003794,CONGO,LINDI,1.2519,26.5294,135,2026-09-14
river,0000000003806,CONGO,LINDI,1.2224,26.6281,103,2026-09-11
river,0000000003792,CONGO,LINDI,1.2293,26.6611,636,2026-10-01
river,0000000003802,CONGO,LINDI,1.0969,27.0316,100,2026-09-01
river,0000000003798,CONGO,LINDI,1.0856,27.0656,137,2026-09-28
river,0000000003793,CONGO,LINDI,0.8741,27.3295,631,2026-09-28
river,109364,CONGO,LINDI,0.8576,27.4828,103,2026-09-15
river,0000000003795,CONGO,LINDI,0.8414,27.5556,131,2026-09-18
river,0000000200412,CONGO,LINDI,0.4911,27.8569,54,2026-09-15
river,0000000003803,CONGO,LINDI,0.1811,28.1690,101,2026-10-02
river,109678,CONGO,LOBAYE,0.4196,24.3763,104,2026-09-16
river,0000000003853,CONGO,LOMAMI,0.2489,24.0759,138,2026-09-16
river,0000000003855,CONGO,LOMAMI,0.1511,24.0509,136,2026-09-16
river,0000000003854,CONGO,LOMAMI,0.0864,24.0399,138,2026-09-16
river,101003,CONGO,LOMAMI,0.0344,24.0279,137,2026-09-16
river,0000000003856,CONGO,LOMAMI,-0.0301,24.0129,138,2026-09-16
river,0000000003863,CONGO,LOMAMI,-0.1101,24.0253,136,2026-09-29
river,0000000200664,CONGO,LOMAMI,-0.5204,24.3052,54,2026-09-27
river,0000000003873,CONGO,LOMAMI,-0.6489,24.3439,105,2026-09-30
river,0000000204213,CONGO,LOMAMI,-0.9996,24.6822,55,2026-09-21
river,0000000003879,CONGO,LOMAMI,-1.0054,24.6916,104,2026-09-16
river,0000000003857,CONGO,LOMAMI,-1.0245,24.7284,136,2026-09-20
river,0000000003874,CONGO,LOMAMI,-1.4119,25.1102,104,2026-10-04
river,0000000203105,CONGO,LOMANI,0.4563,24.1631,54,2026-09-27
river,0000000003891,CONGO,LOWA,-1.3799,26.0554,103,2026-09-11
river,0000000003892,CONGO,LOWA,-1.2904,26.0724,102,2026-09-11
river,0000000003888,CONGO,LOWA,-1.2437,26.1469,129,2026-09-10
river,0000000003889,CONGO,LOWA,-1.3691,26.6426,101,2026-09-24
river,0000000201172,CONGO,LOWA,-1.2444,26.8766,55,2026-09-26
river,0000000003893,CONGO,LOWA,-1.1565,27.0366,104,2026-09-15
river,0000000003885,CONGO,LOWA,-1.1585,27.0629,136,2026-09-14
river,0000000003890,CONGO,LOWA,-1.2648,27.5544,97,2026-09-01
river,0000000003894,CONGO,LOWA,-1.4231,27.9090,102,2026-09-19
river,101453,CONGO,LUKA,-1.7749,28.1348,82,2026-09-18
river,0000000003534,CONGO,LWALABA,0.5429,25.0774,128,2026-09-20
river,0000000004008,CONGO,LWALABA,0.4234,25.2949,102,2026-09-20
river,0000000200029,CONGO,LWALABA,0.3339,25.4137,55,2026-09-16
river,0000000202506,CONGO,LWALABA,-0.2862,25.5037,55,2026-09-16
river,0000000004009,CONGO,LWALABA,-0.3190,25.4764,102,2026-09-20
river,0000000004010,CONGO,LWALABA,-1.0444,25.6311,102,2026-09-20
river,0000000003538,CONGO,LWALABA,-1.1301,25.6420,137,2026-09-24
river,0000000004011,CONGO,LWALABA,-1.1589,25.6619,102,2026-09-20
river,0000000004012,CONGO,LWALABA,-1.7459,25.7920,102,2026-09-20
river,100732,CONGO,MAIKO-TRIB01,0.1906,26.7644,101,2026-09-14
river,0000000004035,CONGO,MAIKO,0.0672,25.8566,128,2026-09-10
river,0000000004034,CONGO,MAIKO,0.0346,25.8985,137,2026-09-24
river,0000000012757,CONGO,MAIKO,-0.0731,26.1967,611,2026-10-01
river,108533,CONGO,MAIKO,-0.1719,26.3198,103,2026-09-11
river,105677,CONGO,MAIKO,-0.2638,26.3978,102,2026-09-24
river,0000000202982,CONGO,MAIKO,-0.3306,26.7430,53,2026-09-26
river,103097,CONGO,MAIKO,-0.3285,26.7527,136,2026-09-28
river,100731,CONGO,MAIKO,-0.2569,26.8635,98,2026-09-14
river,0000000004049,CONGO,MBOMOU,4.9280,24.1786,110,2026-09-12
river,0000000004064,CONGO,MBOMOU,5.0030,24.2946,102,2026-09-20
river,0000000004059,CONGO,MBOMOU,4.9760,24.6564,103,2026-09-26
river,0000000003464,CONGO,MBOMOU,4.9001,24.7842,133,2026-09-10
river,0000000004052,CONGO,MBOMOU,5.0153,25.1331,98,2026-09-16
river,113743,CONGO,MBOMOU,5.0003,25.1768,164,2026-09-28
river,0000000004058,CONGO,MBOMOU,5.0131,25.2274,101,2026-09-24
river,0000000004050,CONGO,MBOMOU,5.3512,25.6202,136,2026-09-14
river,0000000204214,CONGO,MBOMOU,5.3397,25.6070,55,2026-09-21
river,0000000004051,CONGO,MBOMOU,5.3054,25.6293,134,2026-09-14
river,0000000004061,CONGO,MBOMOU,5.3149,25.6669,105,2026-09-30
river,0000000004048,CONGO,MBOMOU,5.2469,25.7579,310,2026-09-28
river,0000000004060,CONGO,MBOMOU,5.2374,26.1126,101,2026-09-01
river,0000000004053,CONGO,MBOMOU,5.2461,26.1191,100,2026-09-20
river,0000000012762,CONGO,NAVA,2.1667,26.8683,642,2026-09-28
river,0000000203476,CONGO,NDUYE,1.6720,28.7707,55,2026-09-30
river,0000000203692,CONGO,NDUYE,1.7515,28.9057,53,2026-09-25
river,0000000004128,CONGO,NEPOKO,1.7996,26.9991,626,2026-09-28
river,101454,CONGO,NEPOKO,2.2314,27.2474,83,2026-09-18
river,103098,CONGO,NEPOKO,2.1181,27.2946,83,2026-09-28
river,0000000203774,CONGO,NEPOKO,2.0698,27.5943,55,2026-09-20
river,0000000200414,CONGO,NEPOKO,2.0981,27.6231,54,2026-09-15
river,0000000004130,CONGO,NEPOKO,2.0804,27.7502,103,2026-09-15
river,109365,CONGO,NEPOKO,2.1291,27.7645,89,2026-09-15
river,0000000012763,CONGO,NGAYU,1.7614,27.3519,134,2026-09-18
river,0000000203775,CONGO,ONA,-1.6691,27.0505,54,2026-09-20
river,0000000004135,CONGO,OSO,-0.9096,27.4759,101,2026-09-01
river,0000000003887,CONGO,OSO,-0.9290,27.5546,132,2026-10-02
river,110219,CONGO,OSO,-0.9373,28.0204,83,2026-09-19
river,0000000004136,CONGO,OUARA,5.2592,24.7041,131,2026-09-10
river,0000000004171,CONGO,OUARA,5.2636,24.7204,105,2026-09-26
river,0000000004170,CONGO,OUARA,5.7684,25.0591,102,2026-09-24
river,0000000004173,CONGO,RUBI,2.8570,24.1856,104,2026-09-26
river,0000000003633,CONGO,RUBI,2.8517,24.3050,134,2026-10-03
river,0000000003630,CONGO,RUBI,2.8354,24.4001,614,2026-09-28
river,0000000004172,CONGO,RUBI,2.8229,24.6460,100,2026-09-16
river,0000000004174,CONGO,RUBI,2.7804,24.7883,101,2026-09-20
river,0000000200547,CONGO,RUBI,2.6886,25.0710,51,2026-09-16
river,104796,CONGO,RUBI,2.7150,25.2701,79,2026-09-10
river,111294,CONGO,TSHOPO-TRIB01,0.5103,26.4047,113,2026-05-05
river,108534,CONGO,TSHOPO-TRIB01,0.5596,26.4817,101,2026-09-11
river,0000000201176,CONGO,TSHOPO-TRIB01,0.5723,26.6117,55,2026-09-26
river,100733,CONGO,TSHOPO-TRIB01,0.5962,26.6746,80,2026-09-14
river,0000000004276,CONGO,TSHOPO,0.6696,25.2561,99,2026-08-24
river,0000000202100,CONGO,TSHOPO,0.6721,25.3646,55,2026-09-16
river,0000000004275,CONGO,TSHOPO,0.7071,25.5793,104,2026-10-04
river,0000000004274,CONGO,TSHOPO,0.6014,25.7376,133,2026-09-10
river,105678,CONGO,TSHOPO,0.5492,26.2177,100,2026-09-24
river,0000000004269,CONGO,TSHUAPA,-1.4632,24.1636,105,2026-09-30
river,0000000202895,CONGO,UELE,3.7114,24.1386,56,2026-10-02
river,0000000004331,CONGO,UELE,3.5805,24.3464,105,2026-09-26
river,0000000004314,CONGO,UELE,3.4785,24.6244,575,2026-09-28
river,0000000004340,CONGO,UELE,3.4819,24.6331,101,2026-09-20
river,0000000004317,CONGO,UELE,3.4948,24.7944,136,2026-09-16
river,0000000004328,CONGO,UELE,3.4237,25.1109,131,2026-09-10
river,0000000004333,CONGO,UELE,3.5509,25.2739,105,2026-09-30
river,0000000204215,CONGO,UELE,3.5273,25.3411,55,2026-09-21
river,0000000004330,CONGO,UELE,3.5501,25.5529,103,2026-09-24
river,0000000004319,CONGO,UELE,3.5721,25.7464,136,2026-09-20
river,0000000004316,CONGO,UELE,3.7214,25.9834,137,2026-09-14
river,0000000204348,CONGO,UELE,3.6787,26.1589,55,2026-09-26
river,0000000004313,CONGO,UELE,3.7614,26.2929,325,2026-09-28
river,0000000004332,CONGO,UELE,3.8737,26.4171,103,2026-09-01
river,0000000004321,CONGO,UELE,3.8893,26.7521,137,2026-09-24
river,0000000004318,CONGO,UELE,3.6016,26.9446,135,2026-09-18
river,0000000004335,CONGO,UELE,3.8775,27.2174,95,2026-09-11
river,107356,CONGO,UELE,3.7528,27.3777,101,2026-10-02
river,0000000004311,CONGO,UELE,3.7049,27.5459,629,2026-10-01
river,0000000004324,CONGO,UELE,3.6990,27.6451,132,2026-09-28
river,0000000004320,CONGO,UELE,3.6958,27.8579,138,2026-09-22
river,0000000004337,CONGO,UELE,3.7284,28.1194,105,2026-09-15
river,0000000004342,CONGO,UERE,3.6074,25.2871,104,2026-09-30
river,0000000004343,CONGO,UERE,3.6463,25.2944,104,2026-09-30
river,0000000204216,CONGO,UERE,3.6682,25.3620,55,2026-09-21
river,0000000004341,CONGO,UERE,3.8126,25.4949,101,2026-09-24
river,101699,CONGO,UERE,4.0858,25.8611,137,2026-09-20
river,100734,CONGO,UERE,4.0994,25.8979,132,2026-09-14
river,113596,CONGO,UERE,4.3959,26.0699,159,2026-09-28
river,106517,CONGO,UERE,4.4628,26.2849,100,2026-09-01
river,107674,CONGO,UERE,4.3591,26.3892,82,2026-10-04
river,0000000200601,CONGO,UKU,-1.7648,27.0363,51,2026-09-20
river,0000000004352,CONGO,ULINDI,-1.6853,25.9844,93,2026-09-11
river,0000000004353,CONGO,ULINDI,-1.7726,25.9651,103,2026-09-11
river,101865,KIJANEBALOBA,KIJANEBALOBA,-0.6609,31.3544,137,2026-09-21
river,110091,LAKE-TURKANA,GIBE-TRIB01,6.4357,36.1310,102,2026-09-18
river,110390,LAKE-TURKANA,TURKWEL-TRIB01,5.3408,35.9583,104,2026-09-20
river,109275,LAKE-TURKANA,TURKWEL,3.1094,35.9361,82,2026-09-14
river,106716,NILE,ACHWA-TRIB01,2.5944,33.2452,104,2026-09-29
river,107879,NILE,ACHWA-TRIB01,2.5378,32.5305,72,2026-09-08
river,105857,NILE,ACHWA,3.7151,32.0614,83,2026-09-25
river,107880,NILE,ACHWA,2.9133,32.6139,84,2026-09-08
river,100905,NILE,ACHWA,2.7358,32.7464,82,2026-09-15
river,102549,NILE,ACHWA,2.5291,32.9960,77,2026-09-25
river,106715,NILE,ACHWA,2.3236,33.3052,104,2026-09-29
river,108723,NILE,ACHWA,2.3535,33.4246,82,2026-09-12
river,107028,NILE,AKAGERA-TRIB01,-1.1631,30.7755,83,2026-10-01
river,0000000204524,NILE,AKAGERA,-0.9564,31.7662,55,2026-09-24
river,107870,NILE,AKAGERA,-0.9500,31.7579,104,2026-09-08
river,0000000007850,NILE,AKAGERA,-0.9938,31.7021,136,2026-09-07
river,0000000007849,NILE,AKAGERA,-1.2182,31.4584,594,2026-09-27
river,0000000007802,NILE,AKAGERA,-1.2555,31.2927,104,2026-09-17
river,0000000007800,NILE,AKAGERA,-1.2108,31.2326,102,2026-09-21
river,107029,NILE,AKAGERA,-1.0074,30.8102,101,2026-10-01
river,0000000201840,NILE,AKAGERA,-1.3473,30.5904,53,2026-09-14
river,103266,NILE,AKOKORO-TRIB01,1.4487,33.6921,138,2026-09-29
river,107564,NILE,AKOKORO-TRIB01,1.6943,34.3800,42,2026-05-21
river,107565,NILE,AKOKORO-TRIB01,1.7548,34.3665,73,2026-10-03
river,109554,NILE,AKOKORO-TRIB01,2.3069,34.3493,84,2026-09-16
river,101620,NILE,AKOKORO,1.8905,33.8685,138,2026-09-19
river,103267,NILE,AKOKORO,1.8832,33.7879,122,2026-09-29
river,103268,NILE,AKOKORO,2.1699,33.8514,83,2026-09-29
river,0000000007962,NILE,ALBERT-NILE,3.4376,31.6549,51,2020-05-03
river,104261,NILE,BAHR-AL-ARAB-TRIB-02,8.2347,29.6499,116,2026-09-07
river,109368,NILE,BAHR-AL-ARAB,9.5869,29.4294,102,2026-09-15
river,104262,NILE,BAHR-AL-ARAB,9.6582,29.3293,113,2026-09-07
river,101187,NILE,BAHR-AL-JABAL,4.8992,31.6523,138,2026-09-17
river,105860,NILE,BAHR-EL-ZERAF,9.0593,30.8673,104,2026-09-25
river,0000000007813,NILE,BAHR,8.6897,27.6767,98,2026-09-26
river,102319,NILE,BARO-TRIB-01,7.8680,33.4725,83,2026-09-23
river,107881,NILE,BARO-TRIB-01,7.8486,33.7136,104,2026-09-08
river,108418,NILE,BARO-TRIB-01,7.7299,33.9713,104,2026-09-10
river,102553,NILE,BARO-TRIB-01,7.6279,34.1318,138,2026-09-25
river,0000000204229,NILE,BARO-TRIB-01,7.6250,34.2091,55,2026-10-03
river,103014,NILE,BARO-TRIB-01,7.4876,34.4928,82,2026-09-27
river,0000000200567,NILE,BARO-TRIB-01,7.4437,34.5499,52,2026-09-28
river,108725,NILE,BARO-TRIB-01,7.4426,34.5576,82,2026-09-12
river,113376,NILE,BARO-TRIB-01,7.4385,34.5641,165,2026-09-27
river,103739,NILE,BARO-WENZ-TRIB01,8.1040,35.2896,80,2026-10-01
river,0000000202062,NILE,BARO-WENZ-TRIB01,8.0248,35.3789,48,2026-09-22
river,103740,NILE,BARO-WENZ,8.5374,35.1923,48,2026-07-12
river,0000000202063,NILE,BARO-WENZ,8.4887,35.3092,49,2026-09-22
river,0000000007818,NILE,BARO,8.4489,33.3424,137,2026-09-23
river,0000000007817,NILE,BARO,8.4381,33.3784,123,2026-09-21
river,0000000203704,NILE,BARO,8.4586,33.4678,55,2026-09-18
river,0000000007821,NILE,BARO,8.3256,33.8203,100,2026-09-08
river,0000000007822,NILE,BARO,8.3018,33.8429,104,2026-09-10
river,0000000007819,NILE,BARO,8.1810,34.2556,138,2026-09-25
river,0000000007820,NILE,BARO,8.1804,34.3371,138,2026-09-27
river,0000000200568,NILE,BARO,8.1832,34.6605,53,2026-09-28
river,109276,NILE,BARO,8.1894,34.8032,84,2026-09-14
river,0000000007816,NILE,BARO,8.1983,34.8419,565,2026-09-17
river,0000000007823,NILE,BELES,11.0728,35.3769,44,2022-06-26
river,0000000007825,NILE,BHAR-AL-ARAB,9.3144,28.8988,138,2026-09-28
river,0000000007829,NILE,BHAR-EL-GAZAL,9.4609,30.3404,96,2026-09-19
river,0000000007826,NILE,BHAR-EL-GAZAL,9.4431,30.3121,94,2026-09-11
river,0000000007828,NILE,BHAR-EL-GAZAL,9.3339,29.8656,105,2026-09-21
river,0000000007827,NILE,BHAR-EL-GAZAL,9.2997,29.8260,108,2024-10-30
river,0000000007830,NILE,BHAR-EL-GAZAL,9.0862,29.4576,131,2026-09-07
river,109367,NILE,BHR-LGZL-TRIB-02,9.1503,29.3309,105,2026-09-15
river,109899,NILE,BHR-LGZL-TRIB-02,9.2746,28.9486,104,2026-09-17
river,103101,NILE,BHR-LGZL-TRIB-04,9.2613,28.8886,137,2026-09-28
river,103100,NILE,BHR-LGZL-TRIB-04,9.1788,28.8700,137,2026-09-28
river,112212,NILE,BHR-LGZL,9.3696,29.9297,180,2026-10-04
river,0000000007842,NILE,BLUE-NILE,12.4141,34.2791,133,2026-08-25
river,0000000204065,NILE,BLUE-NILE,11.2387,34.8909,53,2026-09-22
river,110764,NILE,BLUE-NILE,11.2448,34.9011,183,2026-09-30
river,0000000007901,NILE,BLUE-NILE,11.2376,34.9469,111,2026-09-25
river,0000000007838,NILE,BLUE-NILE,10.5238,35.2116,47,2022-07-02
river,0000000007836,NILE,BLUE-NILE,10.4864,35.2434,48,2022-07-23
river,0000000007833,NILE,BLUE-NILE,10.0179,35.6048,76,2026-08-06
river,0000000007847,NILE,BLUE-NILE,10.0459,35.7874,134,2026-09-08
river,0000000202859,NILE,BLUE-NILE,10.1178,36.1847,46,2026-08-27
river,0000000007835,NILE,BLUE-NILE,10.1284,36.2364,100,2026-09-22
river,111155,NILE,BUSSERI,7.4267,27.8085,171,2026-10-01
river,101700,NILE,CHEL,8.8477,26.9252,137,2026-09-20
river,102143,NILE,CHEL,8.5769,26.7678,83,2026-09-22
river,0000000200569,NILE,DABUS,10.1152,34.9527,52,2026-09-28
river,0000000007848,NILE,FULUS,9.2204,31.6839,123,2026-09-13
river,106720,NILE,FULUS,8.8287,31.8543,83,2026-09-29
river,106193,NILE,FULUS,8.6543,32.0244,101,2026-09-27
river,106719,NILE,FULUS,8.5609,31.9145,84,2026-09-29
river,104260,NILE,GULNAM,7.5975,29.7929,80,2026-09-07
river,110221,NILE,GULNAM,7.1049,29.8067,73,2026-03-14
river,104259,NILE,GULNAM,6.8409,29.9623,81,2026-09-07
river,0000000202861,NILE,HANGER,9.5375,36.0967,45,2026-08-27
river,105227,NILE,HANGER,9.4636,36.3865,72,2026-09-22
river,0000000201327,NILE,JUBA,5.4162,31.7847,54,2026-09-29
river,103099,NILE,JUR,8.7262,28.7680,138,2026-09-28
river,102830,NILE,JUR,7.0731,28.0402,100,2026-09-26
river,111154,NILE,JUR,6.9520,27.9813,182,2026-10-01
river,108192,NILE,JUR,5.9569,27.8223,83,2026-09-09
river,108191,NILE,JUR,5.9019,27.8346,83,2026-09-09
river,101869,NILE,KAFU-TRIB01,0.8111,31.6805,83,2026-09-21
river,100136,NILE,KAFU,1.5789,32.0676,117,2026-09-11
river,104989,NILE,KAFU,1.3477,31.6514,82,2026-09-21
river,104990,NILE,KAFU,1.4370,31.6317,83,2026-09-21
river,107033,NILE,KAFU,1.2181,31.3029,84,2026-10-01
river,0000000204668,NILE,KAGERA,-1.0693,30.5498,53,2026-09-14
river,101868,NILE,KATONGA-TRIB01,0.5053,31.6126,83,2026-09-21
river,101867,NILE,KATONGA-TRIB01,0.3809,31.5852,83,2026-09-21
river,104256,NILE,KATONGA-TRIB01,0.1549,31.4481,135,2026-09-07
river,101866,NILE,KATONGA-TRIB01,0.1143,31.5261,83,2026-09-21
river,104988,NILE,KATONGA-TRIB01,0.0557,31.9375,104,2026-09-21
river,107871,NILE,KATONGA-TRIB01,0.0743,31.9847,83,2026-09-08
river,100134,NILE,KATONGA-TRIB01,0.1235,32.3901,137,2026-09-11
river,104987,NILE,KATONGA,-0.0192,31.9541,101,2026-09-21
river,0000000007851,NILE,KAZINGA-CHANNEL,-0.1135,30.0729,91,2026-09-27
river,0000000007852,NILE,KAZINGA-CHANNEL,-0.1016,30.1021,99,2026-09-13
river,113377,NILE,KUSA,11.0711,35.9058,144,2026-09-17
river,109057,NILE,KYAMBURA,-0.2318,30.1311,84,2026-09-13
river,0000000204525,NILE,LNYL-L-BYD,9.0487,30.2933,54,2026-09-24
river,0000000203360,NILE,LNYL-L-BYD,7.1247,30.8025,53,2026-09-19
river,112359,NILE,LNYL-L-BYD,6.5498,31.4061,183,2026-10-04
river,105859,NILE,LNYL-L-BYD,6.6516,31.4074,104,2026-09-25
river,0000000203695,NILE,LOL,8.9499,27.8424,55,2026-09-25
river,0000000007905,NILE,LOL,9.1611,26.9961,137,2026-09-20
river,113744,NILE,LOL,9.1147,26.6746,166,2026-09-28
river,0000000007906,NILE,LOL,9.1074,26.6474,103,2026-09-22
river,0000000007907,NILE,LOL,9.0304,26.4986,103,2026-09-30
river,0000000007908,NILE,LOL,8.8979,26.2285,102,2026-10-02
river,0000000007909,NILE,LOTILLA,6.6836,32.9886,135,2026-09-21
river,107872,NILE,LUGOGO-TRIB01,0.8757,32.1622,102,2026-09-08
river,100135,NILE,LUGOGO,1.4122,32.1044,116,2026-09-11
river,107873,NILE,LUGOGO,1.2831,32.2525,102,2026-09-08
river,106712,NILE,MALABA-TRIB01,0.7034,33.6643,84,2026-09-29
river,109552,NILE,MALABA,0.5811,33.9671,84,2026-09-16
river,101618,NILE,MANAFWA,0.9438,34.0786,84,2026-09-19
river,110917,NILE,MARA,-1.5961,34.1575,175,2026-09-30
river,106711,NILE,MARA,-1.5941,34.1729,77,2026-09-29
river,110389,NILE,MARA,-1.4991,34.4414,82,2026-09-20
river,107031,NILE,MPANGA-TRIB01,0.2045,31.0785,84,2026-10-01
river,101183,NILE,MPANGA,0.1609,30.6012,83,2026-09-17
river,107032,NILE,MUZIZI-TRIB01,0.6537,31.1779,82,2026-10-01
river,101184,NILE,MUZIZI,0.8593,30.7559,82,2026-09-17
river,0000000007916,NILE,NAHIR-AD-DINDAR,12.7289,34.8181,100,2026-09-08
river,0000000007910,NILE,NAHIR-AD-DINDAR,12.1264,35.1494,122,2026-09-25
river,104445,NILE,NAHIR-AD-DINDAR,11.7873,35.3916,135,2026-09-08
river,105228,NILE,NAHIR-AD-DINDAR,12.0498,35.7994,81,2026-09-22
river,0000000203777,NILE,NAHR-AL-JUR,8.7242,28.5795,55,2026-09-20
river,0000000203696,NILE,NAHR-AL-JUR,7.8796,28.0041,55,2026-09-25
river,103264,NILE,NAMATALA-TRIB01,1.1560,33.6269,132,2026-09-29
river,103263,NILE,NAMATALA-TRIB01,1.1160,33.6180,137,2026-09-29
river,103265,NILE,NAMATALA-TRIB01,1.3302,33.6652,136,2026-09-29
river,103262,NILE,NAMATALA-TRIB01,1.0562,33.6048,137,2026-09-29
river,106713,NILE,NAMATALA-TRIB01,1.0089,33.5965,104,2026-09-29
river,103261,NILE,NAMATALA-TRIB01,0.9568,33.5828,137,2026-09-29
river,103260,NILE,NAMATALA-TRIB01,0.9245,33.5756,137,2026-09-29
river,109553,NILE,NAMATALA-TRIB01,1.3745,34.1428,101,2026-09-16
river,107563,NILE,NAMATALA-TRIB01,1.5253,34.4174,83,2026-10-03
river,101619,NILE,NAMATALA,1.0268,34.0601,84,2026-09-19
river,107869,NILE,NGONO,-1.1488,31.7140,101,2026-08-12
river,107868,NILE,NGONO,-1.3285,31.6741,104,2026-09-08
river,105858,NILE,NILE,6.2601,31.4949,104,2026-09-25
river,0000000201328,NILE,NILE,5.6044,31.8117,54,2026-09-29
river,0000000201329,NILE,NILE,5.5371,31.8026,54,2026-09-29
river,0000000201330,NILE,NILE,5.4725,31.7935,54,2026-09-29
river,0000000201331,NILE,NILE,5.3670,31.7768,54,2026-09-29
river,0000000201332,NILE,NILE,5.2756,31.7645,54,2026-09-29
river,0000000201333,NILE,NILE,5.1400,31.7429,54,2026-09-29
river,0000000201334,NILE,NILE,5.0813,31.7347,54,2026-09-29
river,112358,NILE,NILE,6.1299,31.2539,148,2026-09-24
river,0000000203765,NILE,NILE,4.1026,31.5909,50,2026-09-29
river,109898,NILE,NKUSI,1.0941,30.7726,84,2026-09-17
river,101185,NILE,NKUSI,1.1089,30.8114,82,2026-09-17
river,0000000007936,NILE,NYANDING,7.8553,33.0081,102,2026-10-03
river,106717,NILE,PAGER-TRIB01,2.8471,33.1892,104,2026-09-29
river,102552,NILE,PAGER,3.1812,33.1406,83,2026-09-25
river,0000000007937,NILE,PIBOR,7.7374,33.0339,105,2026-10-03
river,0000000007938,NILE,PIBOR,7.6798,33.0476,105,2026-10-03
river,101872,NILE,PIBOR,6.9585,33.0467,137,2026-09-21
river,106194,NILE,R-ADAR,10.3092,32.3979,104,2026-09-27
river,113243,NILE,R-ADAR,10.3111,32.4151,142,2026-09-27
river,107566,NILE,R-ADAR,10.2257,32.4740,99,2026-10-03
river,108188,NILE,RUTSHURU,-0.9600,29.3571,81,2026-09-09
river,106190,NILE,RWIMI,0.3866,30.1838,67,2026-09-27
river,109897,NILE,RWIZI-TRIB01,-0.7048,31.1708,85,2026-09-17
river,109896,NILE,RWIZI-TRIB01,-0.7339,31.1773,85,2026-09-17
river,101182,NILE,RWIZI-TRIB02,-0.4629,30.4633,81,2026-09-17
river,101181,NILE,RWIZI,-0.7235,30.4056,83,2026-08-21
river,101180,NILE,RWIZI,-0.8064,30.3873,83,2026-09-17
river,107030,NILE,RWIZI,-0.6839,30.8818,83,2026-10-01
river,106192,NILE,SEMLIKI,1.2207,30.3685,105,2026-09-27
river,106191,NILE,SEMLIKI,1.0988,30.3414,87,2026-09-27
river,103544,NILE,SEMLIKI,1.1690,30.2886,102,2026-09-30
river,103543,NILE,SEMLIKI,1.0833,30.3070,90,2026-08-07
river,0000000204670,NILE,SEMLIKI,1.0891,30.2361,52,2026-09-14
river,0000000007947,NILE,SEMLIKI,0.8991,30.1554,638,2026-10-01
river,109059,NILE,SEMLIKI,0.8106,29.9001,84,2026-09-13
river,0000000203222,NILE,SEMLIKI,0.8048,29.8759,49,2026-09-19
river,0000000007948,NILE,SEMLIKI,0.7388,29.7949,101,2026-09-13
river,0000000007951,NILE,SEMLIKI,0.3869,29.5246,99,2026-09-26
river,0000000007949,NILE,SEMLIKI,0.3207,29.5413,110,2026-08-30
river,100457,NILE,SEMLIKI,0.0587,29.6437,82,2026-09-13
river,0000000007950,NILE,SEMLIKI,-0.0251,29.6187,97,2026-09-26
river,105229,NILE,SHINFA,12.7014,35.6503,82,2026-09-22
river,113241,NILE,SOBAT-TRIB-01,8.2113,33.1905,162,2026-09-27
river,0000000007815,NILE,SOBAT,9.2934,31.7009,131,2026-09-13
river,0000000007955,NILE,SOBAT,9.2932,31.7496,104,2026-09-29
river,0000000007954,NILE,SOBAT,9.2224,32.1533,105,2026-09-27
river,0000000007953,NILE,SOBAT,9.0714,32.2661,103,2026-09-19
river,0000000007952,NILE,SOBAT,8.8488,32.5364,133,2026-09-17
river,0000000201706,NILE,SOBAT,8.6171,32.8242,55,2026-09-23
river,0000000007956,NILE,SOBAT,8.5934,32.9458,100,2026-10-01
river,113242,NILE,SOBAT,8.5968,33.0490,174,2026-09-27
river,107878,NILE,VICTORIA-NILE-TRIB01,2.4225,32.5048,84,2026-09-08
river,100137,NILE,VICTORIA-NILE-TRIB01,1.8352,32.0108,117,2026-09-11
river,105853,NILE,VICTORIA-NILE-TRIB01,1.7227,32.5034,104,2026-09-25
river,105851,NILE,VICTORIA-NILE-TRIB01,1.1863,32.6223,82,2026-09-25
river,100903,NILE,VICTORIA-NILE-TRIB01,1.1685,33.0937,113,2026-09-15
river,108722,NILE,VICTORIA-NILE-TRIB01,1.0789,33.1423,102,2026-09-12
river,103259,NILE,VICTORIA-NILE-TRIB01,0.8188,33.5523,133,2026-09-29
river,105856,NILE,VICTORIA-NILE,2.2733,32.3815,104,2026-09-25
river,105855,NILE,VICTORIA-NILE,2.0752,32.4253,104,2026-09-25
river,107877,NILE,VICTORIA-NILE,2.0751,32.4279,84,2026-09-08
river,0000000007957,NILE,VICTORIA-NILE,2.2277,31.4559,104,2026-09-21
river,105854,NILE,VICTORIA-NILE,1.9987,32.4423,104,2026-09-25
river,107876,NILE,VICTORIA-NILE,1.9550,32.4013,84,2026-09-08
river,107875,NILE,VICTORIA-NILE,1.9279,32.3952,84,2026-09-08
river,107874,NILE,VICTORIA-NILE,1.6210,32.3273,104,2026-09-08
river,105852,NILE,VICTORIA-NILE,1.3497,32.5860,94,2026-09-25
river,108721,NILE,VICTORIA-NILE,0.8156,33.0840,102,2026-09-12
river,0000000007959,NILE,VICTORIA-NILE,0.6651,33.0503,102,2026-09-12
river,108720,NILE,VICTORIA-NILE,0.6413,33.0453,101,2026-09-12
river,0000000007892,NILE,WHITE-NILE,11.8536,32.7487,104,2026-09-27
river,0000000201336,NILE,WHITE-NILE,11.8354,32.7512,54,2026-09-29
river,0000000201337,NILE,WHITE-NILE,11.4627,32.6936,52,2026-09-29
river,0000000007970,NILE,WHITE-NILE,11.3859,32.6770,137,2026-09-23
river,0000000202025,NILE,WHITE-NILE,11.2248,32.6573,54,2026-09-29
river,0000000202026,NILE,WHITE-NILE,10.9773,32.6190,54,2026-09-29
river,0000000007893,NILE,WHITE-NILE,10.9464,32.5424,105,2026-09-27
river,0000000201707,NILE,WHITE-NILE,10.8613,32.4832,55,2026-09-23
river,0000000007961,NILE,WHITE-NILE,10.6871,32.2775,480,2025-06-28
river,0000000007969,NILE,WHITE-NILE,9.8654,32.0879,138,2026-09-19
river,0000000007964,NILE,WHITE-NILE,9.6708,31.7864,137,2026-09-13
river,0000000007895,NILE,WHITE-NILE,9.6106,31.6784,104,2026-09-29
river,0000000007965,NILE,WHITE-NILE,9.3930,31.2596,133,2026-09-15
river,0000000007886,NILE,WHITE-NILE,9.3943,31.2561,102,2026-09-23
river,0000000007971,NILE,WHITE-NILE,9.4561,30.8026,113,2026-09-09
river,0000000007888,NILE,WHITE-NILE,9.4652,30.7756,104,2026-09-25
river,0000000007881,NILE,WHITE-NILE,9.3336,30.3379,137,2026-09-11
river,0000000007882,NILE,WHITE-NILE,9.2874,30.3471,136,2026-09-11
river,0000000007899,NILE,WHITE-NILE,8.9819,30.2277,92,2026-08-23
river,0000000007900,NILE,WHITE-NILE,8.9241,30.2150,103,2026-09-19
river,0000000007884,NILE,WHITE-NILE,7.9564,30.4654,133,2026-08-13
river,0000000007876,NILE,WHITE-NILE,7.7264,30.5278,660,2026-10-04
river,0000000007878,NILE,WHITE-NILE,7.3208,30.6754,660,2026-10-04
river,0000000007880,NILE,WHITE-NILE,7.1797,30.7269,654,2026-10-04
river,0000000007887,NILE,WHITE-NILE,7.1546,30.7529,104,2026-09-23
river,0000000007883,NILE,WHITE-NILE,7.0398,30.8492,138,2026-09-11
river,0000000007889,NILE,WHITE-NILE,6.5530,31.4296,104,2026-09-25
river,0000000007890,NILE,WHITE-NILE,6.3391,31.4772,103,2026-09-25
river,0000000007891,NILE,WHITE-NILE,6.3071,31.4848,104,2026-09-25
river,0000000007894,NILE,WHITE-NILE,6.2818,31.4929,105,2026-09-27
river,0000000007966,NILE,WHITE-NILE,5.6101,31.8112,138,2026-09-17
river,0000000007854,NILE,WHITE-NILE,5.5431,31.7972,137,2026-09-17
river,0000000007967,NILE,WHITE-NILE,5.4648,31.7781,138,2026-09-17
river,0000000007855,NILE,WHITE-NILE,5.3989,31.7637,138,2026-09-17
river,0000000007857,NILE,WHITE-NILE,5.1511,31.7457,104,2026-09-25
river,0000000007968,NILE,WHITE-NILE,4.9603,31.6646,114,2026-09-17
river,0000000007856,NILE,WHITE-NILE,4.3036,31.5203,127,2026-09-17
river,104992,NILE,YEI,7.0758,30.3775,92,2026-09-21
river,105342,NILE,YEI,5.3282,30.3451,83,2026-09-23
river,0000000203361,NILE,YEI,4.9664,30.4835,53,2026-09-19
lake,1300000000159,Nile,albert,1.67,30.92,645,2026/09/27
lake,1300000015943,Greatriftvalley,bogoria,0.25,36.1,140,2026/09/27
lake,1300000000162,Nile,edouard,-0.34,29.6,534,2026/09/26
lake,1300000015951,Elmenteita,elmenteita,-0.44,36.24,87,2026/09/27
lake,1300000001586,Nile,george,0,30.23,93,2026/09/13
lake,1300000015925,Nile,gigati,1.31,33.47,101,2026/09/29
lake,1300000180584,Nile,kawi,1.2,33.61,66,2026/08/06
lake,1300000015790,Nile,khowr-abu-hobl,12.69,30.65,105,2026/09/05
lake,1300000015960,Nile,kijanebaloba,-0.74,31.31,99,2026/08/25
lake,1300000015949,Nile,nabugabo,-0.35,31.94,97,2026/09/08
lake,1300000001591,Greatriftvalley,naivasha,-0.76,36.35,257,2026/09/27
lake,1300000015950,Nakuru,nakuru,-0.35,36.09,109,2026/09/14
lake,1300000001543,Nile,roseires,11.62,34.38,293,2026/09/08
lake,1300000180423,Nile,sudd,5.97,31.56,83,2026/08/29
lake,1300000000158,Lake Turkana,turkana,3.5,36.28,1137,2026/10/01
