run_utc,script,pillar,activity,indicator,value,kind,unit,verification,note
2026-10-05 13:58,aa_p1_risk_profile.py,1,Develop and validate risk maps,Risk maps produced,1,event,maps,p1_risk_map.png,
2026-10-05 13:58,aa_p1_risk_profile.py,1,Integrate risk information into the information management system,Risk datasets exported in HXL for the IMS,1,event,datasets,p1_county_risk_profile_hxl.csv,
2026-10-05 13:58,aa_p2_trigger_scorecard.py,2,"Map hazards, vulnerabilities and impacts to inform IbF and AA protocols",Trigger skill evaluations against recorded impacts,1,event,evaluations,p2_trigger_skill_season.csv; p2_trigger_track_record.csv,readiness 2yr-0.50m POD 73% FAR 90%; activation 2yr-0.25m POD 71% FAR 90%
2026-10-05 13:58,aa_p3_aap_engine.py,3,Joint activation of the AAPs when the threshold is reached,Draft-plan activation levels reached (not counted as activations),1,event,activations,AAP-FL-AYOD_20261005_1358_activated.md,AAP-FL-AYOD (draft (example) - not validated)
2026-10-05 13:58,aa_p3_aap_engine.py,3,Joint activation of the AAPs when the threshold is reached,Draft-plan activation levels reached (not counted as activations),1,event,activations,AAP-FL-TWICEAST_20261005_1358_activated.md,AAP-FL-TWICEAST (draft (example) - not validated)
2026-10-05 13:58,aa_p3_aap_engine.py,3,Joint activation of the AAPs when the threshold is reached,Readiness stages reached,1,event,plans,AAP-FL-GUIT_20261005_1358_readiness.md,AAP-FL-GUIT
2026-10-05 13:58,aa_p5_dissemination.py,5,Quarterly updates on operations at all levels,TWG-AA situation briefs prepared,11,event,briefs,dissemination/20261005_1358,
2026-10-05 13:58,aa_p5_dissemination.py,5,Community groups / radio listening hubs disseminate early warnings,Early warning messages prepared,86,event,messages,messages.csv,en 86
2026-10-05 13:58,aa_p2_data_package.py,2,"Centralized repository for multi-hazard IbF, EW and trigger-threshold data",Datasets packaged and validated for the repository,7,event,datasets,aa_data_package_20261005_1358.zip,uploaded once shared with SSMS
2026-10-05 14:30,aa_p1_risk_profile.py,1,Develop and validate risk maps,Risk maps produced,1,event,maps,p1_risk_map.png,
2026-10-05 14:30,aa_p1_risk_profile.py,1,Integrate risk information into the information management system,Risk datasets exported in HXL for the IMS,1,event,datasets,p1_county_risk_profile_hxl.csv,
2026-10-05 14:30,aa_p2_trigger_scorecard.py,2,"Map hazards, vulnerabilities and impacts to inform IbF and AA protocols",Trigger skill evaluations against recorded impacts,1,event,evaluations,p2_trigger_skill_season.csv; p2_trigger_track_record.csv,readiness U70 POD 83% FAR 38%; activation U75 POD 72% FAR 29%
2026-10-05 14:30,aa_p5_dissemination.py,5,Quarterly updates on operations at all levels,TWG-AA situation briefs prepared,9,event,briefs,dissemination/20261005_1430,
2026-10-05 14:30,aa_p5_dissemination.py,5,Community groups / radio listening hubs disseminate early warnings,Early warning messages prepared,50,event,messages,messages.csv,en 50
2026-10-05 14:30,aa_p2_data_package.py,2,"Centralized repository for multi-hazard IbF, EW and trigger-threshold data",Datasets packaged and validated for the repository,7,event,datasets,aa_data_package_20261005_1430.zip,uploaded once shared with SSMS
2026-10-05 14:34,aa_p1_risk_profile.py,1,Develop and validate risk maps,Risk maps produced,1,event,maps,p1_risk_map.png,
2026-10-05 14:34,aa_p1_risk_profile.py,1,Integrate risk information into the information management system,Risk datasets exported in HXL for the IMS,1,event,datasets,p1_county_risk_profile_hxl.csv,
2026-10-05 14:34,aa_p2_trigger_scorecard.py,2,"Map hazards, vulnerabilities and impacts to inform IbF and AA protocols",Trigger skill evaluations against recorded impacts,1,event,evaluations,p2_trigger_skill_season.csv; p2_trigger_track_record.csv,readiness S85 POD 61% FAR 32%; activation S85+U55 POD 59% FAR 28%
2026-10-05 14:34,aa_p5_dissemination.py,5,Quarterly updates on operations at all levels,TWG-AA situation briefs prepared,9,event,briefs,dissemination/20261005_1434,
2026-10-05 14:34,aa_p5_dissemination.py,5,Community groups / radio listening hubs disseminate early warnings,Early warning messages prepared,50,event,messages,messages.csv,en 50
2026-10-05 14:34,aa_p2_data_package.py,2,"Centralized repository for multi-hazard IbF, EW and trigger-threshold data",Datasets packaged and validated for the repository,7,event,datasets,aa_data_package_20261005_1434.zip,uploaded once shared with SSMS
2026-10-05 17:46,aa_p1_risk_profile.py,1,Develop and validate risk maps,Risk maps produced,1,event,maps,p1_risk_map.png,
2026-10-05 17:46,aa_p1_risk_profile.py,1,Integrate risk information into the information management system,Risk datasets exported in HXL for the IMS,1,event,datasets,p1_county_risk_profile_hxl.csv,
2026-10-05 17:46,aa_p2_trigger_scorecard.py,2,"Map hazards, vulnerabilities and impacts to inform IbF and AA protocols",Trigger skill evaluations against recorded impacts,1,event,evaluations,p2_trigger_skill_season.csv; p2_trigger_track_record.csv,readiness S85 POD 61% FAR 32%; activation S85+U55 POD 58% FAR 28%
2026-10-05 17:46,aa_p5_dissemination.py,5,Quarterly updates on operations at all levels,TWG-AA situation briefs prepared,12,event,briefs,dissemination/20261005_1746,
2026-10-05 17:46,aa_p5_dissemination.py,5,Community groups / radio listening hubs disseminate early warnings,Early warning messages prepared,122,event,messages,messages.csv,en 122
2026-10-05 17:46,aa_p2_data_package.py,2,"Centralized repository for multi-hazard IbF, EW and trigger-threshold data",Datasets packaged and validated for the repository,7,event,datasets,aa_data_package_20261005_1746.zip,uploaded once shared with SSMS
2026-10-05 18:58,aa_p1_risk_profile.py,1,Assess risk profiles for hazards,Counties with a flood risk profile,79,snapshot,counties,p1_county_risk_profile.csv,
2026-10-05 18:58,aa_p1_risk_profile.py,1,Exposure and coping analysis for livelihood zones,Livelihood zones with exposure analysis,0,snapshot,zones,p1_zone_profile.csv,state profile only; livelihood zone file not filled
2026-10-05 18:58,aa_p1_risk_profile.py,1,Identify and validate vulnerability indicators,Vulnerability and coping indicators in use,0,snapshot,indicators,p1_risk_profile_notes.md,
2026-10-05 18:58,aa_p1_risk_profile.py,1,Develop and validate risk maps,Risk maps produced,1,event,maps,p1_risk_map.png,
2026-10-05 18:58,aa_p1_risk_profile.py,1,Integrate risk information into the information management system,Risk datasets exported in HXL for the IMS,1,event,datasets,p1_county_risk_profile_hxl.csv,
2026-10-05 18:59,aa_p2_trigger_scorecard.py,2,Develop technical guidance and tools for triggers and thresholds,Hazards with defined thresholds and data requirements,3,snapshot,hazards,p2_trigger_design_note.md; county bulletin advisory rules,drought / dry spell; flood / waterlogging; riverine flood (river signal)
2026-10-05 18:59,aa_p2_trigger_scorecard.py,2,Develop technical guidance and tools for triggers and thresholds,Counties with proposed river trigger levels,33,snapshot,counties,aa_triggers.csv,
2026-10-05 18:59,aa_p2_trigger_scorecard.py,2,Develop technical guidance and tools for triggers and thresholds,Counties with validated river trigger levels,0,snapshot,counties,"aa_triggers.csv (validated_by, validated_date)",
2026-10-05 18:59,aa_p2_trigger_scorecard.py,2,"Map hazards, vulnerabilities and impacts to inform IbF and AA protocols",Trigger skill evaluations against recorded impacts,1,event,evaluations,p2_trigger_skill_season.csv; p2_trigger_track_record.csv,readiness S85 POD 61% FAR 32%; activation S85+U55 POD 59% FAR 28%
2026-10-05 18:59,aa_p3_aap_engine.py,3,Develop standardised AAPs for multi-hazard,Anticipatory action plans developed,6,snapshot,plans,aa_config/aap_plans.csv,
2026-10-05 18:59,aa_p3_aap_engine.py,3,Develop standardised AAPs for multi-hazard,Anticipatory action plans validated,0,snapshot,plans,"aa_config/aap_plans.csv (status, validated_by, validated_date)",
2026-10-05 18:59,aa_p3_aap_engine.py,3,Joint activation of the AAPs when the threshold is reached,Plans in readiness or activated now,0,snapshot,plans,aap_status_latest.csv,
2026-10-05 18:59,aa_p5_dissemination.py,5,Quarterly updates on operations at all levels,TWG-AA situation briefs prepared,11,event,briefs,dissemination/20261005_1859,
2026-10-05 18:59,aa_p5_dissemination.py,5,Community groups / radio listening hubs disseminate early warnings,Early warning messages prepared,56,event,messages,messages.csv,en 56
2026-10-05 18:59,aa_p5_dissemination.py,5,Coordination platforms at subnational level linked to the NTWG-AA,Subnational TWG-AA groups active (state / county),0,snapshot,groups,aa_config/recipient_groups.csv,
2026-10-05 18:59,aa_p5_dissemination.py,5,Community groups / radio listening hubs disseminate early warnings,Community groups / radio listening hubs registered,0,snapshot,groups,aa_config/recipient_groups.csv,
2026-10-05 18:59,aa_p5_dissemination.py,2,Translate meteorological information into local languages,Languages with validated warning templates,1,snapshot,languages,aa_config/message_templates.csv,en
2026-10-05 18:59,aa_p2_data_package.py,2,"Centralized repository for multi-hazard IbF, EW and trigger-threshold data",Datasets packaged and validated for the repository,7,event,datasets,aa_data_package_20261005_1859.zip,uploaded once shared with SSMS
2026-10-05 18:59,aa_p2_data_package.py,2,"Centralized repository for multi-hazard IbF, EW and trigger-threshold data",Datasets failing validation,0,snapshot,datasets,aa_data_package_latest.json,
2026-10-05 18:59,aa_p2_data_package.py,1,Integrate risk information into the information management system,Risk and trigger datasets in HXL for the IMS,2,snapshot,datasets,aa_data_package_20261005_1859.zip,
2026-10-06 03:03,aa_p5_dissemination.py,5,Quarterly updates on operations at all levels,TWG-AA situation briefs prepared,11,event,briefs,dissemination/20261006_0303,
2026-10-06 03:03,aa_p5_dissemination.py,5,Community groups / radio listening hubs disseminate early warnings,Early warning messages prepared,52,event,messages,messages.csv,en 52
2026-10-06 03:03,aa_p2_data_package.py,2,"Centralized repository for multi-hazard IbF, EW and trigger-threshold data",Datasets packaged and validated for the repository,7,event,datasets,aa_data_package_20261006_0303.zip,uploaded once shared with SSMS
2026-10-06 08:15,aa_p1_risk_profile.py,1,Assess risk profiles for hazards,Counties with a flood risk profile,79,snapshot,counties,p1_county_risk_profile.csv,
2026-10-06 08:15,aa_p1_risk_profile.py,1,Exposure and coping analysis for livelihood zones,Livelihood zones with exposure analysis,0,snapshot,zones,p1_zone_profile.csv,state profile only; livelihood zone file not filled
2026-10-06 08:15,aa_p1_risk_profile.py,1,Identify and validate vulnerability indicators,Vulnerability and coping indicators in use,0,snapshot,indicators,p1_risk_profile_notes.md,
2026-10-06 08:15,aa_p1_risk_profile.py,1,Develop and validate risk maps,Risk maps produced,1,event,maps,p1_risk_map.png,
2026-10-06 08:15,aa_p1_risk_profile.py,1,Integrate risk information into the information management system,Risk datasets exported in HXL for the IMS,1,event,datasets,p1_county_risk_profile_hxl.csv,
2026-10-06 08:16,aa_p2_trigger_scorecard.py,2,Develop technical guidance and tools for triggers and thresholds,Hazards with defined thresholds and data requirements,3,snapshot,hazards,p2_trigger_design_note.md; county bulletin advisory rules,drought / dry spell; flood / waterlogging; riverine flood (river signal)
2026-10-06 08:16,aa_p2_trigger_scorecard.py,2,Develop technical guidance and tools for triggers and thresholds,Counties with proposed river trigger levels,33,snapshot,counties,aa_triggers.csv,
2026-10-06 08:16,aa_p2_trigger_scorecard.py,2,Develop technical guidance and tools for triggers and thresholds,Counties with validated river trigger levels,0,snapshot,counties,"aa_triggers.csv (validated_by, validated_date)",
2026-10-06 08:16,aa_p2_trigger_scorecard.py,2,"Map hazards, vulnerabilities and impacts to inform IbF and AA protocols",Trigger skill evaluations against recorded impacts,1,event,evaluations,p2_trigger_skill_season.csv; p2_trigger_track_record.csv,readiness S85 POD 61% FAR 32%; activation S85+U55 POD 59% FAR 28%
2026-10-06 08:16,aa_p5_dissemination.py,5,Quarterly updates on operations at all levels,TWG-AA situation briefs prepared,11,event,briefs,dissemination/20261006_0816,
2026-10-06 08:16,aa_p5_dissemination.py,5,Community groups / radio listening hubs disseminate early warnings,Early warning messages prepared,52,event,messages,messages.csv,en 52
2026-10-06 08:16,aa_p2_data_package.py,2,"Centralized repository for multi-hazard IbF, EW and trigger-threshold data",Datasets packaged and validated for the repository,7,event,datasets,aa_data_package_20261006_0816.zip,uploaded once shared with SSMS
2026-10-06 16:51,aa_p3_aap_engine.py,3,Develop standardised AAPs for multi-hazard,Anticipatory action plans developed,6,snapshot,plans,aa_config/aap_plans.csv,
2026-10-06 16:51,aa_p3_aap_engine.py,3,Develop standardised AAPs for multi-hazard,Anticipatory action plans validated,0,snapshot,plans,"aa_config/aap_plans.csv (status, validated_by, validated_date)",
2026-10-06 16:51,aa_p3_aap_engine.py,3,Joint activation of the AAPs when the threshold is reached,Plans in readiness or activated now,0,snapshot,plans,aap_status_latest.csv,
2026-10-06 16:51,aa_p5_dissemination.py,5,Quarterly updates on operations at all levels,TWG-AA situation briefs prepared,11,event,briefs,dissemination/20261006_1651,
2026-10-06 16:51,aa_p5_dissemination.py,5,Community groups / radio listening hubs disseminate early warnings,Early warning messages prepared,60,event,messages,messages.csv,en 60
2026-10-06 16:51,aa_p5_dissemination.py,5,Coordination platforms at subnational level linked to the NTWG-AA,Subnational TWG-AA groups active (state / county),0,snapshot,groups,aa_config/recipient_groups.csv,
2026-10-06 16:51,aa_p5_dissemination.py,5,Community groups / radio listening hubs disseminate early warnings,Community groups / radio listening hubs registered,0,snapshot,groups,aa_config/recipient_groups.csv,
2026-10-06 16:51,aa_p5_dissemination.py,2,Translate meteorological information into local languages,Languages with validated warning templates,1,snapshot,languages,aa_config/message_templates.csv,en
2026-10-06 16:51,aa_p2_data_package.py,2,"Centralized repository for multi-hazard IbF, EW and trigger-threshold data",Datasets packaged and validated for the repository,7,event,datasets,aa_data_package_20261006_1651.zip,uploaded once shared with SSMS
2026-10-06 16:51,aa_p2_data_package.py,2,"Centralized repository for multi-hazard IbF, EW and trigger-threshold data",Datasets failing validation,0,snapshot,datasets,aa_data_package_latest.json,
2026-10-06 16:51,aa_p2_data_package.py,1,Integrate risk information into the information management system,Risk and trigger datasets in HXL for the IMS,2,snapshot,datasets,aa_data_package_20261006_1651.zip,
2026-10-07 10:25,aa_p3_aap_engine.py,3,Joint activation of the AAPs when the threshold is reached,Draft-plan activation levels reached (not counted as activations),1,event,activations,AAP-FL-PANYIJIAR_20261007_1025_activated.md,AAP-FL-PANYIJIAR (draft (example) - not validated)
2026-10-07 10:25,aa_p3_aap_engine.py,3,Joint activation of the AAPs when the threshold is reached,Draft-plan activation levels reached (not counted as activations),1,event,activations,AAP-FL-FANGAK_20261007_1025_activated.md,AAP-FL-FANGAK (draft (example) - not validated)
2026-10-07 10:25,aa_p3_aap_engine.py,3,Joint activation of the AAPs when the threshold is reached,Draft-plan activation levels reached (not counted as activations),1,event,activations,AAP-FL-GUIT_20261007_1025_activated.md,AAP-FL-GUIT (draft (example) - not validated)
2026-10-07 10:25,aa_p5_dissemination.py,5,Quarterly updates on operations at all levels,TWG-AA situation briefs prepared,10,event,briefs,dissemination/20261007_1025,
2026-10-07 10:25,aa_p5_dissemination.py,5,Community groups / radio listening hubs disseminate early warnings,Early warning messages prepared,65,event,messages,messages.csv,en 65
2026-10-07 10:25,aa_p2_data_package.py,2,"Centralized repository for multi-hazard IbF, EW and trigger-threshold data",Datasets packaged and validated for the repository,7,event,datasets,aa_data_package_20261007_1025.zip,uploaded once shared with SSMS
2026-10-07 10:40,aa_p5_dissemination.py,5,Quarterly updates on operations at all levels,TWG-AA situation briefs prepared,12,event,briefs,dissemination/20261007_1040,
2026-10-07 10:40,aa_p5_dissemination.py,5,Community groups / radio listening hubs disseminate early warnings,Early warning messages prepared,63,event,messages,messages.csv,en 63
2026-10-07 10:40,aa_p2_data_package.py,2,"Centralized repository for multi-hazard IbF, EW and trigger-threshold data",Datasets packaged and validated for the repository,7,event,datasets,aa_data_package_20261007_1040.zip,uploaded once shared with SSMS
2026-10-07 17:03,aa_p3_aap_engine.py,3,Develop standardised AAPs for multi-hazard,Anticipatory action plans developed,6,snapshot,plans,aa_config/aap_plans.csv,
2026-10-07 17:03,aa_p3_aap_engine.py,3,Develop standardised AAPs for multi-hazard,Anticipatory action plans validated,0,snapshot,plans,"aa_config/aap_plans.csv (status, validated_by, validated_date)",
2026-10-07 17:03,aa_p3_aap_engine.py,3,Joint activation of the AAPs when the threshold is reached,Plans in readiness or activated now,3,snapshot,plans,aap_status_latest.csv,
2026-10-07 17:03,aa_p5_dissemination.py,5,Quarterly updates on operations at all levels,TWG-AA situation briefs prepared,12,event,briefs,dissemination/20261007_1703,
2026-10-07 17:03,aa_p5_dissemination.py,5,Community groups / radio listening hubs disseminate early warnings,Early warning messages prepared,63,event,messages,messages.csv,en 63
2026-10-07 17:03,aa_p5_dissemination.py,5,Coordination platforms at subnational level linked to the NTWG-AA,Subnational TWG-AA groups active (state / county),0,snapshot,groups,aa_config/recipient_groups.csv,
2026-10-07 17:03,aa_p5_dissemination.py,5,Community groups / radio listening hubs disseminate early warnings,Community groups / radio listening hubs registered,0,snapshot,groups,aa_config/recipient_groups.csv,
2026-10-07 17:03,aa_p5_dissemination.py,2,Translate meteorological information into local languages,Languages with validated warning templates,1,snapshot,languages,aa_config/message_templates.csv,en
2026-10-07 17:03,aa_p2_data_package.py,2,"Centralized repository for multi-hazard IbF, EW and trigger-threshold data",Datasets packaged and validated for the repository,7,event,datasets,aa_data_package_20261007_1703.zip,uploaded once shared with SSMS
2026-10-07 17:03,aa_p2_data_package.py,2,"Centralized repository for multi-hazard IbF, EW and trigger-threshold data",Datasets failing validation,0,snapshot,datasets,aa_data_package_latest.json,
2026-10-07 17:03,aa_p2_data_package.py,1,Integrate risk information into the information management system,Risk and trigger datasets in HXL for the IMS,2,snapshot,datasets,aa_data_package_20261007_1703.zip,
2026-10-08 01:19,aa_p5_dissemination.py,5,Quarterly updates on operations at all levels,TWG-AA situation briefs prepared,11,event,briefs,dissemination/20261008_0119,
2026-10-08 01:19,aa_p5_dissemination.py,5,Community groups / radio listening hubs disseminate early warnings,Early warning messages prepared,71,event,messages,messages.csv,en 71
2026-10-08 01:19,aa_p2_data_package.py,2,"Centralized repository for multi-hazard IbF, EW and trigger-threshold data",Datasets packaged and validated for the repository,7,event,datasets,aa_data_package_20261008_0119.zip,uploaded once shared with SSMS
2026-10-08 17:12,aa_p3_aap_engine.py,3,Develop standardised AAPs for multi-hazard,Anticipatory action plans developed,6,snapshot,plans,aa_config/aap_plans.csv,
2026-10-08 17:12,aa_p3_aap_engine.py,3,Develop standardised AAPs for multi-hazard,Anticipatory action plans validated,0,snapshot,plans,"aa_config/aap_plans.csv (status, validated_by, validated_date)",
2026-10-08 17:12,aa_p3_aap_engine.py,3,Joint activation of the AAPs when the threshold is reached,Plans in readiness or activated now,3,snapshot,plans,aap_status_latest.csv,
2026-10-08 17:12,aa_p5_dissemination.py,5,Quarterly updates on operations at all levels,TWG-AA situation briefs prepared,11,event,briefs,dissemination/20261008_1712,
2026-10-08 17:12,aa_p5_dissemination.py,5,Community groups / radio listening hubs disseminate early warnings,Early warning messages prepared,87,event,messages,messages.csv,en 87
2026-10-08 17:12,aa_p5_dissemination.py,5,Coordination platforms at subnational level linked to the NTWG-AA,Subnational TWG-AA groups active (state / county),0,snapshot,groups,aa_config/recipient_groups.csv,
2026-10-08 17:12,aa_p5_dissemination.py,5,Community groups / radio listening hubs disseminate early warnings,Community groups / radio listening hubs registered,0,snapshot,groups,aa_config/recipient_groups.csv,
2026-10-08 17:12,aa_p5_dissemination.py,2,Translate meteorological information into local languages,Languages with validated warning templates,1,snapshot,languages,aa_config/message_templates.csv,en
2026-10-08 17:12,aa_p2_data_package.py,2,"Centralized repository for multi-hazard IbF, EW and trigger-threshold data",Datasets packaged and validated for the repository,7,event,datasets,aa_data_package_20261008_1712.zip,uploaded once shared with SSMS
2026-10-08 17:12,aa_p2_data_package.py,2,"Centralized repository for multi-hazard IbF, EW and trigger-threshold data",Datasets failing validation,0,snapshot,datasets,aa_data_package_latest.json,
2026-10-08 17:12,aa_p2_data_package.py,1,Integrate risk information into the information management system,Risk and trigger datasets in HXL for the IMS,2,snapshot,datasets,aa_data_package_20261008_1712.zip,
2026-10-09 01:31,aa_p5_dissemination.py,5,Quarterly updates on operations at all levels,TWG-AA situation briefs prepared,11,event,briefs,dissemination/20261009_0131,
2026-10-09 01:31,aa_p5_dissemination.py,5,Community groups / radio listening hubs disseminate early warnings,Early warning messages prepared,85,event,messages,messages.csv,en 85
2026-10-09 01:31,aa_p2_data_package.py,2,"Centralized repository for multi-hazard IbF, EW and trigger-threshold data",Datasets packaged and validated for the repository,7,event,datasets,aa_data_package_20261009_0131.zip,uploaded once shared with SSMS
2026-10-09 11:42,aa_p1_risk_profile.py,1,Assess risk profiles for hazards,Counties with a flood risk profile,79,snapshot,counties,p1_county_risk_profile.csv,
2026-10-09 11:42,aa_p1_risk_profile.py,1,Exposure and coping analysis for livelihood zones,Livelihood zones with exposure analysis,0,snapshot,zones,p1_zone_profile.csv,state profile only; livelihood zone file not filled
2026-10-09 11:42,aa_p1_risk_profile.py,1,Identify and validate vulnerability indicators,Vulnerability and coping indicators in use,0,snapshot,indicators,p1_risk_profile_notes.md,
2026-10-09 11:42,aa_p1_risk_profile.py,1,Develop and validate risk maps,Risk maps produced,1,event,maps,p1_risk_map.png,
2026-10-09 11:42,aa_p1_risk_profile.py,1,Integrate risk information into the information management system,Risk datasets exported in HXL for the IMS,1,event,datasets,p1_county_risk_profile_hxl.csv,
2026-10-09 11:42,aa_p2_trigger_scorecard.py,2,Develop technical guidance and tools for triggers and thresholds,Hazards with defined thresholds and data requirements,3,snapshot,hazards,p2_trigger_design_note.md; county bulletin advisory rules,drought / dry spell; flood / waterlogging; riverine flood (river signal)
2026-10-09 11:42,aa_p2_trigger_scorecard.py,2,Develop technical guidance and tools for triggers and thresholds,Counties with proposed river trigger levels,33,snapshot,counties,aa_triggers.csv,
2026-10-09 11:42,aa_p2_trigger_scorecard.py,2,Develop technical guidance and tools for triggers and thresholds,Counties with validated river trigger levels,0,snapshot,counties,"aa_triggers.csv (validated_by, validated_date)",
2026-10-09 11:42,aa_p2_trigger_scorecard.py,2,"Map hazards, vulnerabilities and impacts to inform IbF and AA protocols",Trigger skill evaluations against recorded impacts,1,event,evaluations,p2_trigger_skill_season.csv; p2_trigger_track_record.csv,readiness S85 POD 61% FAR 32%; activation S85+U55 POD 59% FAR 28%
2026-10-09 11:42,aa_p3_aap_engine.py,3,Develop standardised AAPs for multi-hazard,Anticipatory action plans developed,6,snapshot,plans,aa_config/aap_plans.csv,
2026-10-09 11:42,aa_p3_aap_engine.py,3,Develop standardised AAPs for multi-hazard,Anticipatory action plans validated,0,snapshot,plans,"aa_config/aap_plans.csv (status, validated_by, validated_date)",
2026-10-09 11:42,aa_p3_aap_engine.py,3,Joint activation of the AAPs when the threshold is reached,Plans in readiness or activated now,3,snapshot,plans,aap_status_latest.csv,
2026-10-09 11:42,aa_p5_dissemination.py,5,Quarterly updates on operations at all levels,TWG-AA situation briefs prepared,11,event,briefs,dissemination/20261009_1142,
2026-10-09 11:42,aa_p5_dissemination.py,5,Community groups / radio listening hubs disseminate early warnings,Early warning messages prepared,94,event,messages,messages.csv,en 94
2026-10-09 11:42,aa_p5_dissemination.py,5,Coordination platforms at subnational level linked to the NTWG-AA,Subnational TWG-AA groups active (state / county),0,snapshot,groups,aa_config/recipient_groups.csv,
2026-10-09 11:42,aa_p5_dissemination.py,5,Community groups / radio listening hubs disseminate early warnings,Community groups / radio listening hubs registered,0,snapshot,groups,aa_config/recipient_groups.csv,
2026-10-09 11:42,aa_p5_dissemination.py,2,Translate meteorological information into local languages,Languages with validated warning templates,1,snapshot,languages,aa_config/message_templates.csv,en
2026-10-09 11:42,aa_p2_data_package.py,2,"Centralized repository for multi-hazard IbF, EW and trigger-threshold data",Datasets packaged and validated for the repository,7,event,datasets,aa_data_package_20261009_1142.zip,uploaded once shared with SSMS
2026-10-09 11:42,aa_p2_data_package.py,2,"Centralized repository for multi-hazard IbF, EW and trigger-threshold data",Datasets failing validation,0,snapshot,datasets,aa_data_package_latest.json,
2026-10-09 11:42,aa_p2_data_package.py,1,Integrate risk information into the information management system,Risk and trigger datasets in HXL for the IMS,2,snapshot,datasets,aa_data_package_20261009_1142.zip,
