county,state,station_uid,station_name,relation,link_confidence,readiness_rule,activation_rule,readiness_level_m,activation_level_m,lvl_2yr_m,lvl_5yr_m,lvl_10yr_m,thr_confidence,thr_source,record_start,last_date,last_level_m,days_since_obs,current_state,seasons_tested,hits_on_time,misses_or_late,false_alarms,median_lead_days,note,status,validated_by,validated_date,risk_rank,risk_class
Panyijiar,Unity,hydroweb:104260,Gulnam km 4574,local,high,2yr-0.50m,2yr-0.25m,400.17,400.42,400.67,400.76,400.794,low,station_status.csv,2020-09-11,2026-09-07,397.51,28,below,6,2,4,0,37.5,,proposed - validate with SSMS/MWRI and TWG-AA,,,1,Very high
Fangak,Jonglei,hydroweb:7881,White Nile km 4152,upstream,high,2yr-0.50m,2yr-0.25m,391.868,392.118,392.368,392.5,392.586,low,station_status.csv,2016-07-26,2026-09-11,392.45,24,activation,6,3,1,2,26.0,,proposed - validate with SSMS/MWRI and TWG-AA,,,2,Very high
Leer,Unity,hydroweb:104261,Bahr Al Arab Trib 02 km 4435,local,high,2yr-0.50m,2yr-0.25m,393.923,394.173,394.423,394.86,395.149,medium,station_status.csv,2016-08-18,2026-09-07,394.34,28,activation,6,3,1,2,30.0,,proposed - validate with SSMS/MWRI and TWG-AA,,,3,Very high
Ayod,Jonglei,hydroweb:105860,Bahr El Zeraf km 4110,local,high,2yr-0.50m,2yr-0.25m,392.677,392.927,393.177,393.575,393.839,medium,station_status.csv,2018-12-21,2026-09-25,393.28,10,activation,6,3,1,2,43.0,,proposed - validate with SSMS/MWRI and TWG-AA,,,4,Very high
Twic East,Jonglei,hydroweb:105860,Bahr El Zeraf km 4110,local,high,2yr-0.50m,2yr-0.25m,392.677,392.927,393.177,393.575,393.839,medium,station_status.csv,2018-12-21,2026-09-25,393.28,10,activation,6,1,0,5,12.0,,proposed - validate with SSMS/MWRI and TWG-AA,,,5,Very high
Guit,Unity,hydroweb:7877,White Nile km 4500,upstream,high,2yr-0.50m,2yr-0.25m,407.484,407.734,407.984,408.132,408.229,low,station_status.csv,2016-01-03,2026-09-24,407.54,11,readiness,6,4,0,2,58.0,,proposed - validate with SSMS/MWRI and TWG-AA,,,6,Very high
Mayendit,Unity,hydroweb:104261,Bahr Al Arab Trib 02 km 4435,local,high,2yr-0.50m,2yr-0.25m,393.923,394.173,394.423,394.86,395.149,medium,station_status.csv,2016-08-18,2026-09-07,394.34,28,activation,6,1,0,5,108.0,,proposed - validate with SSMS/MWRI and TWG-AA,,,7,Very high
Rubkona,Unity,hydroweb:104262,Bahr Al Arab km 4333,upstream,high,2yr-0.50m,2yr-0.25m,391.88,392.13,392.38,392.718,392.942,medium,station_status.csv,2016-08-18,2026-09-07,391.11,28,below,6,2,2,1,96.0,,proposed - validate with SSMS/MWRI and TWG-AA,,,8,Very high
Renk,Upper Nile,hydroweb:201707,White Nile km 3750,upstream,high,2yr-0.50m,2yr-0.25m,386.13,386.38,386.63,386.696,386.845,low,station_status.csv,2023-08-02,2026-09-23,386.26,12,readiness,3,0,2,1,,,proposed - validate with SSMS/MWRI and TWG-AA,,,9,Very high
Bor South,Jonglei,hydroweb:105860,Bahr El Zeraf km 4110,local,high,2yr-0.50m,2yr-0.25m,392.677,392.927,393.177,393.575,393.839,medium,station_status.csv,2018-12-21,2026-09-25,393.28,10,activation,6,3,0,3,13.0,,proposed - validate with SSMS/MWRI and TWG-AA,,,10,High
Koch,Unity,hydroweb:111298,Bhr Lgzl Trib 03 km 4333,upstream,high,2yr-0.50m,2yr-0.25m,392.717,392.967,393.217,393.3,393.312,low,station_status.csv,2021-09-23,2026-10-01,392.96,4,readiness,5,1,1,3,45.0,,proposed - validate with SSMS/MWRI and TWG-AA,,,11,High
Duk,Jonglei,hydroweb:105860,Bahr El Zeraf km 4110,local,high,2yr-0.50m,2yr-0.25m,392.677,392.927,393.177,393.575,393.839,medium,station_status.csv,2018-12-21,2026-09-25,393.28,10,activation,6,1,0,5,30.0,,proposed - validate with SSMS/MWRI and TWG-AA,,,12,High
Canal/Pigi,Jonglei,dahiti:12178,"White Nile, River",upstream,high,2yr-0.50m,2yr-0.25m,389.413,389.663,389.913,390.431,390.773,medium,station_status.csv,2016-04-13,2026-09-15,390.148,20,activation,6,2,1,3,24.5,,proposed - validate with SSMS/MWRI and TWG-AA,,,13,High
Manyo,Upper Nile,dahiti:16323,"White Nile, River",upstream,high,2yr-0.50m,2yr-0.25m,385.383,385.633,385.883,386.34,386.643,medium,station_status.csv,2018-12-02,2026-08-10,385.553,56,stale,6,1,1,4,-8.0,,proposed - validate with SSMS/MWRI and TWG-AA,,,14,High
Panyikang,Upper Nile,hydroweb:113241,Sobat Trib 01 km 4390,upstream,high,2yr-0.50m,2yr-0.25m,402.82,403.07,403.32,403.504,403.715,low,station_status.csv,2021-09-28,2026-09-27,402.36,8,below,5,1,1,3,3.0,,proposed - validate with SSMS/MWRI and TWG-AA,,,15,High
Melut,Upper Nile,hydroweb:106194,R Adar km 3864,local,high,2yr-0.50m,2yr-0.25m,386.979,387.229,387.479,387.974,388.301,medium,station_status.csv,2018-12-23,2026-09-27,387.28,8,activation,6,2,1,2,9.5,,proposed - validate with SSMS/MWRI and TWG-AA,,,16,High
Juba,Central Equatoria,hydroweb:203765,Nile km 5018,upstream,high,2yr-0.50m,2yr-0.25m,511.39,511.64,511.89,512.13,512.542,low,station_status.csv,2023-09-19,2026-09-08,510.18,27,below,3,0,0,2,,,proposed - validate with SSMS/MWRI and TWG-AA,,,17,High
Yirol East,Lakes,hydroweb:7890,White Nile km 4716,upstream,high,2yr-0.50m,2yr-0.25m,421.84,422.09,422.34,422.534,422.662,medium,station_status.csv,2018-12-21,2026-09-25,422.09,10,activation,6,2,0,4,63.0,,proposed - validate with SSMS/MWRI and TWG-AA,,,18,Medium
Awerial,Lakes,hydroweb:112358,Nile km 4919,local,high,2yr-0.50m,2yr-0.25m,423.581,423.831,424.081,424.18,424.276,low,station_status.csv,2021-09-26,2026-09-24,423.56,11,below,5,0,0,5,,,proposed - validate with SSMS/MWRI and TWG-AA,,,19,Medium
Cueibet,Lakes,hydroweb:110221,Gulnam km 4631,local,high,2yr-0.50m,2yr-0.25m,411.76,412.01,412.26,412.329,412.344,low,station_status.csv,2019-06-22,2026-01-19,412.23,259,stale,6,0,0,6,,,proposed - validate with SSMS/MWRI and TWG-AA,,,20,Medium
Gogrial West,Warrap,hydroweb:203695,Lol km 4620,upstream,high,2yr-0.50m,2yr-0.25m,412.961,413.211,413.461,413.637,413.784,low,station_status.csv,2023-08-04,2026-09-25,411.93,10,below,3,0,0,3,,,proposed - validate with SSMS/MWRI and TWG-AA,,,21,Medium
Gogrial East,Warrap,hydroweb:111297,Bahr Al Arab Trib 02 km 4355,local,high,2yr-0.50m,2yr-0.25m,392.83,393.08,393.33,393.42,393.43,low,station_status.csv,2021-09-23,2026-10-01,393.04,4,readiness,5,0,0,5,,,proposed - validate with SSMS/MWRI and TWG-AA,,,22,Medium
Aweil East,Northern Bahr el Ghazal,hydroweb:103547,Lol Trib01 km 4417,downstream,high,2yr-0.50m,2yr-0.25m,400.222,400.472,400.722,400.867,400.963,low,station_status.csv,2016-08-14,2026-09-30,400.4,5,readiness,6,0,0,6,,,proposed - validate with SSMS/MWRI and TWG-AA,,,23,Medium
Malakal,Upper Nile,dahiti:11815,"Sobat, River",upstream,high,2yr-0.50m,2yr-0.25m,389.87,390.12,390.37,390.892,391.238,medium,station_status.csv,2016-05-08,2026-09-13,390.263,22,activation,6,4,0,2,19.5,,proposed - validate with SSMS/MWRI and TWG-AA,,,24,Medium
Tonj North,Warrap,dahiti:2687,"Unknown, River",local,high,2yr-0.50m,2yr-0.25m,392.531,392.781,393.031,393.162,393.248,low,station_status.csv,2016-01-01,2026-08-22,392.814,44,activation,6,0,0,6,,,proposed - validate with SSMS/MWRI and TWG-AA,,,25,Medium
Tonj South,Warrap,dahiti:2686,"Unknown, River",local,high,2yr-0.50m,2yr-0.25m,476.65,476.9,477.15,477.961,478.497,medium,station_status.csv,2016-01-01,2026-08-22,476.104,44,below,6,0,0,5,,,proposed - validate with SSMS/MWRI and TWG-AA,,,26,Medium
Aweil South,Northern Bahr el Ghazal,hydroweb:7813,Bahr km 4651,local,high,2yr-0.50m,2yr-0.25m,421.614,421.864,422.114,422.346,422.5,medium,station_status.csv,2019-03-13,2026-09-26,421.5,9,below,6,0,0,6,,,proposed - validate with SSMS/MWRI and TWG-AA,,,27,Medium
Jur River,Western Bahr el Ghazal,hydroweb:102830,Jur km 4780,local,high,2yr-0.50m,2yr-0.25m,443.445,443.695,443.945,445.07,445.815,medium,station_status.csv,2019-03-13,2026-09-26,441.15,9,below,6,0,0,5,,,proposed - validate with SSMS/MWRI and TWG-AA,,,28,Medium
Rumbek East,Lakes,hydroweb:104259,Gulnam km 4669,local,high,2yr-0.50m,2yr-0.25m,423.883,424.133,424.383,424.462,424.511,low,station_status.csv,2020-09-11,2026-09-07,424.24,28,activation,6,0,0,6,,,proposed - validate with SSMS/MWRI and TWG-AA,,,29,Medium
Mayom,Unity,hydroweb:203695,Lol km 4620,upstream,high,2yr-0.50m,2yr-0.25m,412.961,413.211,413.461,413.637,413.784,low,station_status.csv,2023-08-04,2026-09-25,411.93,10,below,3,0,0,3,,,proposed - validate with SSMS/MWRI and TWG-AA,,,30,Medium
Fashoda,Upper Nile,hydroweb:7961,White Nile km 3783,downstream,high,2yr-0.50m,2yr-0.25m,385.38,385.63,385.88,386.06,386.45,low,station_status.csv,2016-01-06,2025-06-28,385.5,464,stale,3,2,0,1,152.5,,proposed - validate with SSMS/MWRI and TWG-AA,,,31,Medium
Tonj East,Warrap,hydroweb:104261,Bahr Al Arab Trib 02 km 4435,local,high,2yr-0.50m,2yr-0.25m,393.923,394.173,394.423,394.86,395.149,medium,station_status.csv,2016-08-18,2026-09-07,394.34,28,activation,6,0,0,6,,,proposed - validate with SSMS/MWRI and TWG-AA,,,32,Medium
Akobo,Jonglei,dahiti:23353,"Pipor, River",upstream,high,2yr-0.50m,2yr-0.25m,404.074,404.324,404.574,405.092,405.436,medium,station_status.csv,2018-12-02,2026-09-18,402.291,17,below,6,0,0,5,,,proposed - validate with SSMS/MWRI and TWG-AA,,,33,Medium
Pochalla,Jonglei,hydroweb:7909,Lotilla km 4712,upstream,high,2yr-0.50m,2yr-0.25m,413.534,413.784,414.034,415.144,415.879,medium,station_status.csv,2016-09-28,2026-09-21,410.75,14,below,6,0,0,5,,,proposed - validate with SSMS/MWRI and TWG-AA,,,34,Medium
Twic,Warrap,hydroweb:103547,Lol Trib01 km 4417,local,high,2yr-0.50m,2yr-0.25m,400.222,400.472,400.722,400.867,400.963,low,station_status.csv,2016-08-14,2026-09-30,400.4,5,readiness,6,0,0,6,,,proposed - validate with SSMS/MWRI and TWG-AA,,,35,Medium
Luakpiny/Nasir,Upper Nile,hydroweb:107566,R Adar km 3880,downstream,high,2yr-0.50m,2yr-0.25m,387.328,387.578,387.828,388.133,388.335,medium,station_status.csv,2018-12-29,2026-09-06,387.13,29,below,6,0,0,5,,,proposed - validate with SSMS/MWRI and TWG-AA,,,36,Medium
Aweil Centre,Northern Bahr el Ghazal,hydroweb:101700,Chel km 4862,local,high,2yr-0.50m,2yr-0.25m,449.284,449.534,449.784,450.247,450.554,medium,station_status.csv,2016-08-04,2026-08-24,447.5,42,below,6,0,0,5,,,proposed - validate with SSMS/MWRI and TWG-AA,,,37,Medium
Aweil West,Northern Bahr el Ghazal,dahiti:23343,"Wadi Boro, River",local,high,2yr-0.50m,2yr-0.25m,455.193,455.443,455.693,456.279,456.667,medium,station_status.csv,2018-11-29,2026-08-07,454.486,59,stale,6,0,0,6,,,proposed - validate with SSMS/MWRI and TWG-AA,,,38,Medium
Terekeka,Central Equatoria,hydroweb:112358,Nile km 4919,local,high,2yr-0.50m,2yr-0.25m,423.581,423.831,424.081,424.18,424.276,low,station_status.csv,2021-09-26,2026-09-24,423.56,11,below,5,0,0,5,,,proposed - validate with SSMS/MWRI and TWG-AA,,,39,Medium
Rumbek Centre,Lakes,hydroweb:110221,Gulnam km 4631,local,high,2yr-0.50m,2yr-0.25m,411.76,412.01,412.26,412.329,412.344,low,station_status.csv,2019-06-22,2026-01-19,412.23,259,stale,6,0,0,6,,,proposed - validate with SSMS/MWRI and TWG-AA,,,40,Medium
Yirol West,Lakes,hydroweb:104992,Yei km 4546,local,high,2yr-0.50m,2yr-0.25m,412.85,413.1,413.35,413.5,413.609,low,station_status.csv,2018-12-17,2026-09-21,412.83,14,below,6,0,0,6,,,proposed - validate with SSMS/MWRI and TWG-AA,,,41,Medium
Pibor,Jonglei,hydroweb:7909,Lotilla km 4712,upstream,high,2yr-0.50m,2yr-0.25m,413.534,413.784,414.034,415.144,415.879,medium,station_status.csv,2016-09-28,2026-09-21,410.75,14,below,6,0,0,5,,,proposed - validate with SSMS/MWRI and TWG-AA,,,42,Low
Mvolo,Western Equatoria,hydroweb:104259,Gulnam km 4669,local,high,2yr-0.50m,2yr-0.25m,423.883,424.133,424.383,424.462,424.511,low,station_status.csv,2020-09-11,2026-09-07,424.24,28,activation,6,0,0,6,,,proposed - validate with SSMS/MWRI and TWG-AA,,,43,Low
Maiwut,Upper Nile,hydroweb:107566,R Adar km 3880,downstream,high,2yr-0.50m,2yr-0.25m,387.328,387.578,387.828,388.133,388.335,medium,station_status.csv,2018-12-29,2026-09-06,387.13,29,below,6,0,0,5,,,proposed - validate with SSMS/MWRI and TWG-AA,,,44,Low
Nyirol,Jonglei,hydroweb:106193,Fulus km 4165,local,high,2yr-0.50m,2yr-0.25m,394.991,395.241,395.491,395.75,395.921,medium,station_status.csv,2018-12-23,2026-08-04,392.98,62,stale,6,0,0,5,,,proposed - validate with SSMS/MWRI and TWG-AA,,,45,Low
Uror,Jonglei,hydroweb:106719,Fulus km 4188,local,high,2yr-0.50m,2yr-0.25m,396.042,396.292,396.542,396.672,396.776,low,station_status.csv,2020-06-17,2026-09-29,395.22,6,below,6,0,0,5,,,proposed - validate with SSMS/MWRI and TWG-AA,,,46,Low
Rumbek North,Lakes,hydroweb:104260,Gulnam km 4574,local,high,2yr-0.50m,2yr-0.25m,400.17,400.42,400.67,400.76,400.794,low,station_status.csv,2020-09-11,2026-09-07,397.51,28,below,6,0,0,5,,,proposed - validate with SSMS/MWRI and TWG-AA,,,47,Low
Longochuk,Upper Nile,hydroweb:107566,R Adar km 3880,downstream,high,2yr-0.50m,2yr-0.25m,387.328,387.578,387.828,388.133,388.335,medium,station_status.csv,2018-12-29,2026-09-06,387.13,29,below,6,0,0,5,,,proposed - validate with SSMS/MWRI and TWG-AA,,,48,Low
Lafon,Eastern Equatoria,hydroweb:7909,Lotilla km 4712,downstream,high,2yr-0.50m,2yr-0.25m,413.534,413.784,414.034,415.144,415.879,medium,station_status.csv,2016-09-28,2026-09-21,410.75,14,below,6,0,0,5,,,proposed - validate with SSMS/MWRI and TWG-AA,,,49,Low
Mundri West,Western Equatoria,hydroweb:105342,Yei km 4779,local,high,2yr-0.50m,2yr-0.25m,545.515,545.765,546.015,547.254,548.371,low,station_status.csv,2020-07-08,2026-09-23,543.31,12,below,6,0,0,5,,,proposed - validate with SSMS/MWRI and TWG-AA,,,49,Low
Abyei Region,Abyei Region,hydroweb:7825,Bhar Al Arab km 4390,downstream,high,2yr-0.50m,2yr-0.25m,394.76,395.01,395.26,395.471,395.611,medium,station_status.csv,2016-08-12,2026-09-28,394.42,7,below,6,0,0,5,,,proposed - validate with SSMS/MWRI and TWG-AA,,,51,Low
Aweil North,Northern Bahr el Ghazal,hydroweb:103547,Lol Trib01 km 4417,downstream,high,2yr-0.50m,2yr-0.25m,400.222,400.472,400.722,400.867,400.963,low,station_status.csv,2016-08-14,2026-09-30,400.4,5,readiness,6,0,0,6,,,proposed - validate with SSMS/MWRI and TWG-AA,,,52,Low
Maban,Upper Nile,hydroweb:107566,R Adar km 3880,downstream,high,2yr-0.50m,2yr-0.25m,387.328,387.578,387.828,388.133,388.335,medium,station_status.csv,2018-12-29,2026-09-06,387.13,29,below,6,0,0,5,,,proposed - validate with SSMS/MWRI and TWG-AA,,,53,Low
Pariang,Unity,hydroweb:111300,Bahr Al Arab km 4263,upstream,high,2yr-0.50m,2yr-0.25m,391.476,391.726,391.976,392.187,392.27,low,station_status.csv,2021-09-23,2026-10-01,391.54,4,readiness,5,1,0,3,42.0,,proposed - validate with SSMS/MWRI and TWG-AA,,,54,Low
Ulang,Upper Nile,hydroweb:113241,Sobat Trib 01 km 4390,upstream,high,2yr-0.50m,2yr-0.25m,402.82,403.07,403.32,403.504,403.715,low,station_status.csv,2021-09-28,2026-09-27,402.36,8,below,5,0,0,5,,,proposed - validate with SSMS/MWRI and TWG-AA,,,55,Low
Wulu,Lakes,dahiti:2686,"Unknown, River",local,high,2yr-0.50m,2yr-0.25m,476.65,476.9,477.15,477.961,478.497,medium,station_status.csv,2016-01-01,2026-08-22,476.104,44,below,6,0,0,5,,,proposed - validate with SSMS/MWRI and TWG-AA,,,55,Low
Mundri East,Western Equatoria,hydroweb:112358,Nile km 4919,local,high,2yr-0.50m,2yr-0.25m,423.581,423.831,424.081,424.18,424.276,low,station_status.csv,2021-09-26,2026-09-24,423.56,11,below,5,0,0,5,,,proposed - validate with SSMS/MWRI and TWG-AA,,,57,Low
Magwi,Eastern Equatoria,hydroweb:203765,Nile km 5018,downstream,high,2yr-0.50m,2yr-0.25m,511.39,511.64,511.89,512.13,512.542,low,station_status.csv,2023-09-19,2026-09-08,510.18,27,below,3,0,0,2,,,proposed - validate with SSMS/MWRI and TWG-AA,,,58,Low
Kapoeta North,Eastern Equatoria,hydroweb:101872,Pibor km 4625,downstream,high,2yr-0.50m,2yr-0.25m,409.532,409.782,410.032,411.647,412.716,medium,station_status.csv,2016-08-05,2026-09-21,405.52,14,below,6,0,0,5,,,proposed - validate with SSMS/MWRI and TWG-AA,,,59,Low
Wau,Western Bahr el Ghazal,hydroweb:111154,Jur km 4808,upstream,high,2yr-0.50m,2yr-0.25m,447.41,447.66,447.91,449.23,449.784,low,station_status.csv,2021-09-22,2026-10-01,446.56,4,below,5,0,0,5,,,proposed - validate with SSMS/MWRI and TWG-AA,,,60,Low
Baliet,Upper Nile,dahiti:18743,"Sobat, River",upstream,high,2yr-0.50m,2yr-0.25m,392.015,392.265,392.515,392.63,392.706,low,station_status.csv,2018-11-26,2026-09-27,392.551,8,activation,6,0,0,6,,,proposed - validate with SSMS/MWRI and TWG-AA,,,61,Low
Torit,Eastern Equatoria,hydroweb:7909,Lotilla km 4712,downstream,high,2yr-0.50m,2yr-0.25m,413.534,413.784,414.034,415.144,415.879,medium,station_status.csv,2016-09-28,2026-09-21,410.75,14,below,6,0,0,5,,,proposed - validate with SSMS/MWRI and TWG-AA,,,62,Low
Yei,Central Equatoria,hydroweb:203361,Yei km 4848,local,high,2yr-0.50m,2yr-0.25m,629.566,629.816,630.066,630.88,631.459,low,station_status.csv,2023-07-30,2026-09-19,628.56,16,below,3,0,0,3,,,proposed - validate with SSMS/MWRI and TWG-AA,,,63,Low
Abiemnhom,Unity,dahiti:18741,"Bhar-al-arab, River",upstream,high,2yr-0.50m,2yr-0.25m,394.357,394.607,394.857,395.073,395.216,medium,station_status.csv,2016-06-19,2026-08-05,394.112,61,stale,6,0,0,6,,,proposed - validate with SSMS/MWRI and TWG-AA,,,64,Very low
Ikotos,Eastern Equatoria,hydroweb:7909,Lotilla km 4712,downstream,high,2yr-0.50m,2yr-0.25m,413.534,413.784,414.034,415.144,415.879,medium,station_status.csv,2016-09-28,2026-09-21,410.75,14,below,6,0,0,5,,,proposed - validate with SSMS/MWRI and TWG-AA,,,65,Very low
Lainya,Central Equatoria,hydroweb:203361,Yei km 4848,local,high,2yr-0.50m,2yr-0.25m,629.566,629.816,630.066,630.88,631.459,low,station_status.csv,2023-07-30,2026-09-19,628.56,16,below,3,0,0,3,,,proposed - validate with SSMS/MWRI and TWG-AA,,,66,Very low
Budi,Eastern Equatoria,hydroweb:7909,Lotilla km 4712,downstream,high,2yr-0.50m,2yr-0.25m,413.534,413.784,414.034,415.144,415.879,medium,station_status.csv,2016-09-28,2026-09-21,410.75,14,below,6,0,0,5,,,proposed - validate with SSMS/MWRI and TWG-AA,,,67,Very low
Ibba,Western Equatoria,hydroweb:111296,Ibba km 4410,local,high,2yr-0.50m,2yr-0.25m,476.448,476.698,476.948,477.76,478.186,low,station_status.csv,2021-09-23,2026-10-01,475.17,4,below,5,0,0,5,,,proposed - validate with SSMS/MWRI and TWG-AA,,,68,Very low
Ezo,Western Equatoria,hydroweb:108192,Jur km 4964,downstream,high,2yr-0.50m,2yr-0.25m,484.85,485.1,485.35,486.55,487.378,low,station_status.csv,2020-06-24,2026-09-09,483.28,26,below,6,0,0,5,,,proposed - validate with SSMS/MWRI and TWG-AA,,,69,Very low
Kapoeta East,Eastern Equatoria,hydroweb:101872,Pibor km 4625,downstream,high,2yr-0.50m,2yr-0.25m,409.532,409.782,410.032,411.647,412.716,medium,station_status.csv,2016-08-05,2026-09-21,405.52,14,below,6,0,0,5,,,proposed - validate with SSMS/MWRI and TWG-AA,,,70,Very low
Maridi,Western Equatoria,hydroweb:111296,Ibba km 4410,local,high,2yr-0.50m,2yr-0.25m,476.448,476.698,476.948,477.76,478.186,low,station_status.csv,2021-09-23,2026-10-01,475.17,4,below,5,0,0,5,,,proposed - validate with SSMS/MWRI and TWG-AA,,,71,Very low
Yambio,Western Equatoria,hydroweb:108191,Jur km 4973,downstream,high,2yr-0.50m,2yr-0.25m,486.02,486.27,486.52,487.7,488.6,low,station_status.csv,2020-06-24,2026-09-09,484.1,26,below,6,0,0,5,,,proposed - validate with SSMS/MWRI and TWG-AA,,,72,Very low
Nzara,Western Equatoria,hydroweb:108191,Jur km 4973,downstream,high,2yr-0.50m,2yr-0.25m,486.02,486.27,486.52,487.7,488.6,low,station_status.csv,2020-06-24,2026-09-09,484.1,26,below,6,0,0,5,,,proposed - validate with SSMS/MWRI and TWG-AA,,,73,Very low
Nagero,Western Equatoria,hydroweb:111155,Busseri km 4772,local,high,2yr-0.50m,2yr-0.25m,439.487,439.737,439.987,441.68,442.696,low,station_status.csv,2021-09-22,2026-09-21,437.27,14,below,5,0,0,5,,,proposed - validate with SSMS/MWRI and TWG-AA,,,74,Very low
Tambura,Western Equatoria,hydroweb:108191,Jur km 4973,downstream,high,2yr-0.50m,2yr-0.25m,486.02,486.27,486.52,487.7,488.6,low,station_status.csv,2020-06-24,2026-09-09,484.1,26,below,6,0,0,5,,,proposed - validate with SSMS/MWRI and TWG-AA,,,75,Very low
Raja,Western Bahr el Ghazal,dahiti:23344,"Wadi Boro, River",downstream,high,2yr-0.50m,2yr-0.25m,467.101,467.351,467.601,468.225,468.638,medium,station_status.csv,2018-12-01,2026-08-09,466.267,57,stale,6,0,0,6,,,proposed - validate with SSMS/MWRI and TWG-AA,,,76,Very low
Kajo-keji,Central Equatoria,hydroweb:7853,White Nile km 4934,downstream,high,2yr-0.50m,2yr-0.25m,458.645,458.895,459.145,459.988,460.546,medium,station_status.csv,2017-09-09,2026-09-24,459.6,11,activation,6,0,0,6,,,proposed - validate with SSMS/MWRI and TWG-AA,,,77,Very low
Morobo,Central Equatoria,hydroweb:7853,White Nile km 4934,downstream,high,2yr-0.50m,2yr-0.25m,458.645,458.895,459.145,459.988,460.546,medium,station_status.csv,2017-09-09,2026-09-24,459.6,11,activation,6,0,0,6,,,proposed - validate with SSMS/MWRI and TWG-AA,,,78,Very low
Kapoeta South,Eastern Equatoria,hydroweb:106718,Pager km 5355,nearest,indicative,2yr-0.50m,2yr-0.25m,965.978,966.228,966.478,967.13,967.549,low,station_status.csv,2020-06-17,2026-09-02,964.88,33,below,6,0,0,6,,,proposed - validate with SSMS/MWRI and TWG-AA,,,79,Very low
