prepared_utc,item,scope,language,group_id,group_name,channel,status,sent_utc,sent_by,receipt_confirmed
2026-10-05 13:58,brief_national.md,national,en,NTWG-AA,National Technical Working Group on Anticipatory Action,email,prepared,,,
2026-10-05 14:30,brief_national.md,national,en,NTWG-AA,National Technical Working Group on Anticipatory Action,email,prepared,,,
2026-10-05 14:34,brief_national.md,national,en,NTWG-AA,National Technical Working Group on Anticipatory Action,email,prepared,,,
2026-10-05 17:46,brief_national.md,national,en,NTWG-AA,National Technical Working Group on Anticipatory Action,email,prepared,,,
2026-10-05 18:59,brief_national.md,national,en,NTWG-AA,National Technical Working Group on Anticipatory Action,email,prepared,,,
2026-10-06 03:03,brief_national.md,national,en,NTWG-AA,National Technical Working Group on Anticipatory Action,email,prepared,,,
2026-10-06 08:16,brief_national.md,national,en,NTWG-AA,National Technical Working Group on Anticipatory Action,email,prepared,,,
2026-10-06 16:51,brief_national.md,national,en,NTWG-AA,National Technical Working Group on Anticipatory Action,email,prepared,,,
2026-10-07 10:25,brief_national.md,national,en,NTWG-AA,National Technical Working Group on Anticipatory Action,email,prepared,,,
2026-10-07 10:40,brief_national.md,national,en,NTWG-AA,National Technical Working Group on Anticipatory Action,email,prepared,,,
2026-10-07 17:03,brief_national.md,national,en,NTWG-AA,National Technical Working Group on Anticipatory Action,email,prepared,,,
2026-10-08 01:19,brief_national.md,national,en,NTWG-AA,National Technical Working Group on Anticipatory Action,email,prepared,,,
2026-10-08 17:12,brief_national.md,national,en,NTWG-AA,National Technical Working Group on Anticipatory Action,email,prepared,,,
2026-10-09 01:31,brief_national.md,national,en,NTWG-AA,National Technical Working Group on Anticipatory Action,email,prepared,,,
2026-10-09 11:42,brief_national.md,national,en,NTWG-AA,National Technical Working Group on Anticipatory Action,email,prepared,,,
2026-10-09 13:29,brief_national.md,national,en,NTWG-AA,National Technical Working Group on Anticipatory Action,email,prepared,,,
2026-10-09 13:58,brief_national.md,national,en,NTWG-AA,National Technical Working Group on Anticipatory Action,email,prepared,,,
2026-10-09 14:03,brief_national.md,national,en,NTWG-AA,National Technical Working Group on Anticipatory Action,email,prepared,,,
2026-10-09 14:06,brief_national.md,national,en,NTWG-AA,National Technical Working Group on Anticipatory Action,email,prepared,,,
2026-10-09 14:09,brief_national.md,national,en,NTWG-AA,National Technical Working Group on Anticipatory Action,email,prepared,,,
2026-10-09 16:42,brief_national.md,national,en,NTWG-AA,National Technical Working Group on Anticipatory Action,email,prepared,,,
2026-10-10 01:14,brief_national.md,national,en,NTWG-AA,National Technical Working Group on Anticipatory Action,email,prepared,,,
