risk_rank,state,county,pcode,risk_score,risk_class,hazard_exposure,hazard,exposure,vulnerability,lack_of_coping,data_completeness,data_flag,pop_total,pop_flood_prone,flood_prone_share,cropland_km2,assessments_listed,affected_pct_mean,displaced_total,displaced_per_1000,displacement_years,area_risk_share,facilities_at_risk,facilities_risk_share,roads_risk_km,flooded_settlement_pop,high_ground_sites,flooded_now_km2,flooded_now_share,facilities_flooded_now,pop_2025,flood_years_share,area_km2,facilities_total,s_flood_years_share,s_affected_pct_mean,s_pop_flood_prone,s_flood_prone_share,s_cropland_km2,s_area_risk_share,s_facilities_risk_share,s_roads_risk_km,s_flooded_settlement_pop,s_displaced_per_1000,s_displacement_years,generated_utc
1,Unity,Panyijiar,SS0607,8.64,Very high,8.64,9.98,7.3,,,1.0,,126239.0,4064.0,0.03219290393618454,0.0,4,37.650000000000006,92563.0,733.2361631508488,5.0,0.7820558325586635,60,0.9836065573770492,311.0100000000001,63200.0,7,1009.6800000000001,0.18961660891856108,7,126239,1.0,5324.85,61,10.0,9.9,8.63,6.81,0.0,7.79,9.83,8.04,10.0,10.0,10.0,2026-10-05 14:30
2,Jonglei,Fangak,SS0306,7.93,Very high,7.93,10.0,5.86,,,1.0,,213029.0,4546.0,0.021339817583521492,0.0,4,45.775,199169.0,934.9384356120528,4.0,0.775237219412281,22,0.5238095238095238,124.68,11700.0,1,2599.81,0.3396064979308615,5,213029,1.0,7655.36,42,10.0,10.0,8.74,4.52,0.0,7.72,5.11,5.09,9.86,10.0,10.0,2026-10-05 14:30
3,Unity,Leer,SS0604,7.91,Very high,7.91,9.99,5.83,,,1.0,,86784.0,985.0,0.011350018436578171,0.0,4,45.7,37458.0,431.6233407079646,5.0,0.8656643222069788,36,1.0,63.57000000000001,9300.0,14,544.1,0.3377635965211777,18,86784,1.0,1610.89,36,10.0,10.0,7.16,2.4,0.0,8.71,10.0,2.94,9.62,9.97,10.0,2026-10-05 14:30
4,Jonglei,Ayod,SS0302,7.9,Very high,7.9,7.98,7.82,,,1.0,,205709.0,7356.0,0.03575925214745101,0.0,3,16.875,106649.0,518.4459600698074,4.0,0.8541451811623028,34,1.0,468.57000000000005,31800.0,5,4142.43,0.30801049000705627,5,205709,0.75,13448.990000000002,34,7.5,4.44,9.24,7.57,0.0,8.58,10.0,9.37,10.0,10.0,10.0,2026-10-05 14:30
5,Jonglei,Twic East,SS0310,7.38,Very high,7.38,6.85,7.9,,,1.0,,129822.0,6132.0,0.04723390488515044,0.0,3,41.4,11516.0,88.70607447119903,1.0,0.8412342966356484,29,1.0,300.22,12100.0,1,1691.65,0.2846079689894832,2,129822,0.75,5943.789999999999,29,7.5,10.0,9.06,10.0,0.0,8.44,10.0,7.93,9.9,7.39,2.5,2026-10-05 14:30
6,Unity,Guit,SS0602,7.18,Very high,7.18,6.93,7.43,,,1.0,,73878.0,3497.0,0.04733479520290208,0.0,3,5.525,15181.0,205.4874252145429,4.0,0.9104863481475692,31,0.9393939393939394,121.08,39620.0,10,968.39,0.2803587610122434,1,73878,0.75,3454.1099999999997,33,7.5,1.45,8.47,10.0,0.0,9.19,9.38,5.0,10.0,8.76,10.0,2026-10-05 14:30
7,Unity,Mayendit,SS0605,6.91,Very high,6.91,7.16,6.66,,,1.0,,74335.0,2032.0,0.027335709961660053,0.0,4,43.85,3095.0,41.63583776148517,1.0,0.9877402220675999,44,1.0,70.49000000000001,9500.0,17,952.0000000000001,0.3109861068916743,8,74335,1.0,3061.2300000000005,44,10.0,10.0,7.91,5.79,0.0,10.0,10.0,3.27,9.64,6.16,2.5,2026-10-05 14:30
8,Unity,Rubkona,SS0609,6.78,Very high,6.78,7.6,5.97,,,1.0,,361802.0,16480.0,0.0455497758442463,0.0,4,7.8500000000000005,56898.0,157.26281225642754,4.0,0.8810826584956593,76,0.8636363636363636,109.23999999999998,0.0,0,1505.7900000000002,0.422521339461589,19,361802,1.0,3563.82,88,10.0,2.06,10.0,9.64,0.0,8.87,8.6,4.67,0.0,8.32,10.0,2026-10-05 14:30
9,Upper Nile,Renk,SS0711,6.7,Very high,6.7,7.05,6.36,,,1.0,,210351.0,4300.0,0.02044202309473214,1554.6,3,3.325,83827.0,398.5101092935142,4.0,0.7875328588031664,21,0.3888888888888889,562.4699999999999,0.0,0,5119.99,0.5107756922171399,19,210351,0.75,10023.95,54,7.5,0.87,8.69,4.33,10.0,7.85,3.72,9.96,0.0,9.84,10.0,2026-10-05 14:30
10,Jonglei,Bor South,SS0303,6.34,High,6.34,6.65,6.02,,,1.0,,354711.0,7498.0,0.02113833515171506,0.0,3,8.525,22799.0,64.2748603792947,4.0,0.9748107277322637,166,0.9485714285714286,426.79,0.0,0,9991.91,0.7156149710406806,38,354711,0.75,13962.689999999999,175,7.5,2.24,9.26,4.47,0.0,9.9,9.47,9.07,0.0,6.86,10.0,2026-10-05 14:30
11,Unity,Koch,SS0603,6.04,High,6.04,6.51,5.57,,,1.0,,115158.0,513.0,0.00445474912728599,0.0,3,18.925,21009.0,182.43630490282916,2.0,0.9339768770087048,35,0.9722222222222222,53.620000000000005,50526.0,9,1053.2099999999998,0.2395570102513596,10,115158,0.75,4396.49,36,7.5,4.98,6.48,0.94,0.0,9.45,9.71,2.39,10.0,8.56,5.0,2026-10-05 14:30
12,Jonglei,Duk,SS0305,5.8,High,5.8,4.71,6.89,,,1.0,,206545.0,5015.0,0.024280423152339685,0.0,3,10.2,8566.0,41.47280253697741,1.0,0.7846912468500135,23,0.92,353.18,4100.0,9,2093.88,0.3041242129572473,4,206545,0.75,6884.950000000001,25,7.5,2.68,8.85,5.14,0.0,7.82,9.18,8.45,8.76,6.16,2.5,2026-10-05 14:30
13,Jonglei,Canal/Pigi,SS0304,5.62,High,5.62,7.33,3.9,,,1.0,,111613.0,2399.0,0.021493911999498266,0.0,3,22.599999999999998,18158.0,162.68714217877846,3.0,0.6112228828394475,13,0.2708333333333333,175.96999999999997,0.0,0,769.4499999999999,0.17335382022750365,13,111613,0.75,4438.61,48,7.5,5.94,8.08,4.55,0.0,5.93,2.51,6.2,0.0,8.37,7.5,2026-10-05 14:30
14,Upper Nile,Manyo,SS0708,5.61,High,5.61,6.39,4.83,,,1.0,,83853.0,2021.0,0.0241017017876522,268.9,3,18.575,12095.0,144.2405161413426,2.0,0.3293840920388326,16,0.42105263157894735,85.84,0.0,0,2198.2999999999997,0.3291400406053673,16,83853,0.75,6678.92,38,7.5,4.88,7.9,5.1,10.0,2.86,4.05,3.9,0.0,8.18,5.0,2026-10-05 14:30
15,Upper Nile,Panyikang,SS0710,5.59,High,5.59,7.65,3.53,,,1.0,,69656.0,1376.0,0.01975422074193178,0.0,3,30.8,39647.0,569.1828413919835,2.0,0.5848448498202616,2,0.125,184.48999999999998,0.0,0,2564.8900000000003,0.5019147941082656,2,69656,0.75,5110.210000000001,16,7.5,8.1,7.5,4.18,0.0,5.64,1.01,6.36,0.0,10.0,5.0,2026-10-05 14:30
16,Upper Nile,Melut,SS0709,5.2,High,5.2,5.09,5.32,,,1.0,,134054.0,5600.0,0.04177421039282677,14.2,2,6.725,24687.0,184.15713070852044,2.0,0.5480721994199959,2,0.08333333333333333,176.37,0.0,0,1946.25,0.28038574739999395,1,134054,0.5,6941.33,24,5.0,1.77,8.96,8.84,7.38,5.24,0.59,6.21,0.0,8.58,5.0,2026-10-05 14:30
17,Central Equatoria,Juba,SS0101,5.09,High,5.09,5.0,5.18,,,1.0,,570834.0,2953.0,0.005173132644516619,1.7,3,1.7249999999999999,41247.0,72.25743385993125,2.0,0.7661542582819209,113,0.6647058823529411,856.4300000000001,0.0,0,10610.180000000002,0.5777011152545899,71,570834,0.75,18366.210000000003,170,7.5,0.45,8.3,1.09,2.69,7.62,6.56,10.0,0.0,7.05,5.0,2026-10-05 14:30
18,Lakes,Yirol East,SS0407,4.84,Medium,4.84,3.85,5.82,,,1.0,,165810.0,3725.0,0.022465472528798023,0.0,2,4.15,2114.0,12.749532597551415,2.0,0.9043710155338062,43,0.9772727272727273,365.24999999999994,0.0,0,2331.77,0.4187429289754871,18,165810,0.5,5568.5,44,5.0,1.09,8.54,4.76,0.0,9.13,9.77,8.56,0.0,4.31,5.0,2026-10-05 14:30
19,Lakes,Awerial,SS0401,4.83,Medium,4.83,3.57,6.09,,,1.0,,144223.0,5340.0,0.03702599446690195,0.0,1,1.4,32660.0,226.45486503539658,1.0,0.9030217244409898,32,0.9696969696969697,230.23000000000002,0.0,0,1428.8700000000001,0.31552553361569075,13,144223,0.25,4528.54,33,2.5,0.37,8.91,7.84,0.0,9.11,9.69,7.07,0.0,8.91,2.5,2026-10-05 14:30
20,Lakes,Cueibet,SS0402,4.81,Medium,4.81,3.96,5.66,,,1.0,,189199.0,531.0,0.002806568745077934,2.3,4,22.2,0.0,0.0,0.0,0.972267868858528,52,1.0,476.53,0.0,0,3038.7799999999993,0.624976605384772,25,189199,1.0,4862.23,52,10.0,5.84,6.52,0.59,3.24,9.87,10.0,9.42,0.0,0.0,0.0,2026-10-05 14:30
21,Warrap,Gogrial West,SS0802,4.74,Medium,4.74,2.5,6.99,,,1.0,,347953.0,34800.0,0.10001350757142488,52.7,3,9.575,0.0,0.0,0.0,0.7370516298790711,43,0.581081081081081,162.16,0.0,0,2795.38,0.6351779392584311,36,347953,0.75,4400.9400000000005,74,7.5,2.52,10.0,10.0,10.0,7.3,5.7,5.94,0.0,0.0,0.0,2026-10-05 14:30
22,Warrap,Gogrial East,SS0801,4.72,Medium,4.72,2.1,7.33,,,1.0,,138793.0,9049.0,0.06519781256979819,10.4,2,12.95,0.0,0.0,0.0,0.929004874939826,72,0.972972972972973,172.25,0.0,0,2121.31,0.4794278443364138,48,138793,0.5,4424.67,74,5.0,3.41,9.46,10.0,6.6,9.4,9.72,6.13,0.0,0.0,0.0,2026-10-05 14:30
23,Northern Bahr el Ghazal,Aweil East,SS0502,4.64,Medium,4.64,2.98,6.31,,,1.0,,395769.0,15726.0,0.039735300137201245,30.4,3,16.8,0.0,0.0,0.0,0.5826146909301073,87,0.5403726708074534,141.16,0.0,0,3708.81,0.5824749149172417,87,395769,0.75,6367.329999999999,161,7.5,4.42,10.0,8.41,9.35,5.62,5.28,5.49,0.0,0.0,0.0,2026-10-05 14:30
24,Upper Nile,Malakal,SS0707,4.6,Medium,4.6,5.25,3.94,,,1.0,,204041.0,6999.0,0.034301929514166274,0.0,2,1.325,29047.0,142.35864360594195,3.0,0.6323858742463394,28,0.32558139534883723,46.42,0.0,0,477.65,0.632942423640098,28,204041,0.5,754.65,86,5.0,0.35,9.19,7.26,0.0,6.16,3.07,1.93,0.0,8.16,7.5,2026-10-05 14:30
25,Warrap,Tonj North,SS0804,4.57,Medium,4.57,1.51,7.62,,,1.0,,271487.0,7001.0,0.025787606773068322,28.8,2,3.9,0.0,0.0,0.0,0.9675498122050258,78,0.975,553.4200000000001,0.0,0,5894.29,0.5249789137015962,57,271487,0.5,11227.669999999998,80,5.0,1.03,9.19,5.46,9.21,9.82,9.74,9.91,0.0,0.0,0.0,2026-10-05 14:30
26,Warrap,Tonj South,SS0805,4.56,Medium,4.56,1.67,7.46,,,1.0,,126289.0,3140.0,0.024863606489876396,53.6,2,6.4,0.0,0.0,0.0,0.8850402992775362,31,0.96875,640.29,0.0,0,4760.55,0.6413061195897731,22,126289,0.5,7423.21,32,5.0,1.68,8.36,5.26,10.0,8.92,9.68,10.0,0.0,0.0,0.0,2026-10-05 14:30
27,Northern Bahr el Ghazal,Aweil South,SS0504,4.48,Medium,4.48,3.54,5.43,,,1.0,,151604.0,5505.0,0.036311706815123614,13.2,3,25.325,0.0,0.0,0.0,0.6250404694455686,24,0.41379310344827586,92.07000000000001,0.0,0,1233.3400000000001,0.623907324969648,24,151604,0.75,1976.8,58,7.5,6.66,8.94,7.69,7.2,6.08,3.98,4.12,0.0,0.0,0.0,2026-10-05 14:30
28,Western Bahr el Ghazal,Jur River,SS0901,4.45,Medium,4.45,2.13,6.77,,,1.0,,293840.0,5068.0,0.017247481622651783,37.2,3,3.875,0.0,0.0,0.0,0.7572172992253247,73,0.7604166666666666,554.29,0.0,0,6376.84,0.6346326860454933,62,293840,0.75,10048.08,96,7.5,1.02,8.86,3.65,9.88,7.52,7.54,9.91,0.0,0.0,0.0,2026-10-05 14:30
29,Lakes,Rumbek East,SS0404,4.4,Medium,4.4,3.06,5.74,,,1.0,,180970.0,3596.0,0.01987069680057468,0.1,3,18.1,0.0,0.0,0.0,0.9664812457593379,65,0.9848484848484849,270.09000000000003,0.0,0,2550.2400000000002,0.7150218972371912,47,180970,0.75,3566.66,66,7.5,4.76,8.5,4.21,0.26,9.8,9.84,7.59,0.0,0.0,0.0,2026-10-05 14:30
30,Unity,Mayom,SS0606,4.3,Medium,4.3,2.24,6.37,,,1.0,,170251.0,22600.0,0.13274518211346775,0.0,2,15.100000000000001,0.0,0.0,0.0,0.8916938951796143,15,1.0,147.29999999999998,0.0,0,1059.2999999999997,0.2486479634950143,2,170251,0.5,4260.24,15,5.0,3.97,10.0,10.0,0.0,8.99,10.0,5.63,0.0,0.0,0.0,2026-10-05 14:30
31,Upper Nile,Fashoda,SS0702,4.28,Medium,4.28,5.65,2.91,,,1.0,,83775.0,1926.0,0.02299015219337511,0.0,3,7.4,11791.0,140.74604595643092,2.0,0.36537215118041894,2,0.09523809523809523,80.56,0.0,0,1314.25,0.3655863429126181,2,83775,0.75,3594.9100000000003,21,7.5,1.95,7.85,4.87,0.0,3.25,0.71,3.69,0.0,8.14,5.0,2026-10-05 14:30
32,Warrap,Tonj East,SS0803,4.22,Medium,4.22,3.04,5.4,,,1.0,,190959.0,105.0,0.0005498562518655837,4.6,4,8.175,0.0,0.0,0.0,0.9968696847971628,41,1.0,327.03999999999996,0.0,0,2097.62,0.47443726703579053,33,190959,1.0,4421.28,41,10.0,2.15,4.84,0.12,4.67,10.0,10.0,8.2,0.0,0.0,0.0,2026-10-05 14:30
33,Jonglei,Akobo,SS0301,4.15,Medium,4.15,2.77,5.53,,,1.0,,238042.0,1673.0,0.007028171499147209,0.0,3,13.6,0.0,0.0,0.0,0.9770443952419897,42,0.9767441860465116,544.9399999999999,0.0,0,5136.829999999999,0.5692446979922295,27,238042,0.75,9023.939999999999,43,7.5,3.58,7.71,1.49,0.0,9.92,9.76,9.86,0.0,0.0,0.0,2026-10-05 14:30
34,Jonglei,Pochalla,SS0309,4.14,Medium,4.14,3.25,5.04,,,1.0,,82568.0,498.0,0.006031392306947002,0.0,3,20.925,0.0,0.0,0.0,0.9027151676552475,16,0.9411764705882353,419.41999999999996,0.0,0,3677.42,0.445154339668321,3,82568,0.75,8261.0,17,7.5,5.5,6.45,1.28,0.0,9.11,9.4,9.01,0.0,0.0,0.0,2026-10-05 14:30
35,Warrap,Twic,SS0806,4.12,Medium,4.12,2.2,6.04,,,1.0,,291675.0,11366.0,0.03896802948487186,2.6,3,4.975,0.0,0.0,0.0,0.7519775182083306,89,0.7355371900826446,169.95,0.0,0,1892.96,0.4783850310084964,70,291675,0.75,3956.98,121,7.5,1.31,9.7,8.25,3.47,7.47,7.28,6.09,0.0,0.0,0.0,2026-10-05 14:30
36,Upper Nile,Luakpiny/Nasir,SS0704,4.09,Medium,4.09,2.05,6.13,,,1.0,,350742.0,15180.0,0.04327967565903142,0.0,3,2.65,0.0,0.0,0.0,0.8052676846177282,53,0.9636363636363636,168.43,0.0,0,2124.7400000000002,0.4097400869333806,27,350742,0.75,5185.580000000001,55,7.5,0.7,10.0,9.16,0.0,8.05,9.63,6.06,0.0,0.0,0.0,2026-10-05 14:30
37,Northern Bahr el Ghazal,Aweil Centre,SS0501,3.81,Medium,3.81,3.87,3.75,,,1.0,,78958.0,382.0,0.004838015147293498,0.6,3,30.4,0.0,0.0,0.0,0.5397048911133897,37,0.49333333333333335,290.43,0.0,0,6019.530000000001,0.5395507217278445,37,78958,0.75,11156.560000000001,75,7.5,7.99,6.18,1.02,1.28,5.15,4.8,7.82,0.0,0.0,0.0,2026-10-05 14:30
38,Northern Bahr el Ghazal,Aweil West,SS0505,3.74,Medium,3.74,1.56,5.92,,,1.0,,223173.0,8943.0,0.04007205172668737,11.8,2,4.725,0.0,0.0,0.0,0.6335929995946251,40,0.449438202247191,168.00000000000003,0.0,0,3170.84,0.6331916185242357,40,223173,0.5,5007.71,89,5.0,1.24,9.45,8.48,6.92,6.18,4.35,6.05,0.0,0.0,0.0,2026-10-05 14:30
39,Central Equatoria,Terekeka,SS0105,3.67,Medium,3.67,1.36,5.98,,,1.0,,266693.0,4725.0,0.017717000446205937,0.0,2,1.6,0.0,0.0,0.0,0.9490845679492427,70,0.9722222222222222,756.09,0.0,0,6119.700000000001,0.5734346200949961,43,266693,0.5,10672.010000000002,72,5.0,0.42,8.78,3.75,0.0,9.62,9.71,10.0,0.0,0.0,0.0,2026-10-05 14:30
40,Lakes,Rumbek Centre,SS0403,3.54,Medium,3.54,1.28,5.79,,,1.0,,222497.0,1661.0,0.007465269194640827,3.7,1,9.975,0.0,0.0,0.0,0.9769650791014409,55,0.9482758620689655,276.33000000000004,0.0,0,1523.85,0.3954682763775277,33,222497,0.25,3853.28,58,2.5,2.62,7.7,1.58,4.2,9.92,9.47,7.66,0.0,0.0,0.0,2026-10-05 14:30
41,Lakes,Yirol West,SS0408,3.52,Medium,3.52,1.42,5.61,,,1.0,,181325.0,2910.0,0.01604853164207914,0.2,1,12.1,0.0,0.0,0.0,0.984030313383746,41,1.0,234.34000000000003,0.0,0,3533.01,0.7271692552144867,25,181325,0.25,4858.579999999999,41,2.5,3.18,8.28,3.4,0.49,10.0,10.0,7.13,0.0,0.0,0.0,2026-10-05 14:30
42,Jonglei,Pibor,SS0308,3.4,Low,3.4,1.64,5.17,,,1.0,,237649.0,1354.0,0.005697478213668057,0.5,1,15.45,0.0,0.0,0.0,0.8565064551383917,18,0.782608695652174,907.8,0.0,0,16250.759999999998,0.49170762525703754,8,237649,0.25,33049.64,23,2.5,4.06,7.49,1.21,1.1,8.61,7.77,10.0,0.0,0.0,0.0,2026-10-05 14:30
43,Western Equatoria,Mvolo,SS1006,3.34,Low,3.34,2.26,4.42,,,1.0,,77611.0,135.0,0.0017394441509579828,0.1,2,15.375,0.0,0.0,0.0,0.8984744640837153,15,0.7894736842105263,337.43,0.0,0,4212.969999999999,0.7377223426572201,12,77611,0.5,5710.78,19,5.0,4.04,5.1,0.37,0.26,9.06,7.84,8.31,0.0,0.0,0.0,2026-10-05 14:30
44,Upper Nile,Maiwut,SS0706,3.29,Low,3.29,2.46,4.12,,,1.0,,147823.0,331.0,0.0022391644060802446,0.0,3,8.899999999999999,0.0,0.0,0.0,0.811610519405123,12,0.8,178.01,0.0,0,2144.7200000000003,0.5818335711611605,8,147823,0.75,3686.14,15,7.5,2.34,6.03,0.47,0.0,8.12,7.95,6.24,0.0,0.0,0.0,2026-10-05 14:30
45,Jonglei,Nyirol,SS0307,3.25,Low,3.25,1.52,4.98,,,1.0,,153295.0,814.0,0.005310023157963404,0.0,2,4.15,0.0,0.0,0.0,0.9351157713260181,44,0.9777777777777777,265.3,0.0,0,2297.63,0.32468681330328064,12,153295,0.5,7076.45,45,5.0,1.09,6.96,1.12,0.0,9.46,9.77,7.53,0.0,0.0,0.0,2026-10-05 14:30
46,Jonglei,Uror,SS0311,3.23,Low,3.23,0.82,5.64,,,1.0,,205594.0,1768.0,0.008599472747259161,0.0,1,2.975,0.0,0.0,0.0,0.9982950885403659,33,1.0,557.94,0.0,0,7563.67,0.6214644655369609,18,205594,0.25,12170.72,33,2.5,0.78,7.76,1.82,0.0,10.0,10.0,9.93,0.0,0.0,0.0,2026-10-05 14:30
47,Lakes,Rumbek North,SS0405,3.22,Low,3.22,2.5,3.95,,,1.0,,75047.0,6.0,7.994989806387997e-05,0.0,2,19.075,0.0,0.0,0.0,0.9933769509119488,34,1.0,146.98000000000002,0.0,0,1445.4,0.3522058554771739,22,75047,0.5,4103.849999999999,34,5.0,5.02,2.02,0.02,0.0,10.0,10.0,5.62,0.0,0.0,0.0,2026-10-05 14:30
48,Upper Nile,Longochuk,SS0703,3.2,Low,3.2,2.19,4.21,,,1.0,,80526.0,257.0,0.0031915157837220276,0.0,2,14.275,0.0,0.0,0.0,0.8111088978573778,29,0.90625,157.08,0.0,0,1968.35,0.28411682515487957,17,80526,0.5,6927.960000000001,32,5.0,3.75,5.77,0.68,0.0,8.11,9.04,5.84,0.0,0.0,0.0,2026-10-05 14:30
49,Eastern Equatoria,Lafon,SS0206,3.18,Low,3.18,0.81,5.54,,,1.0,,163767.0,1795.0,0.010960694156942485,5.1,1,2.775,0.0,0.0,0.0,0.9025582424835351,31,0.5740740740740741,418.49,0.0,0,10170.1,0.6261601858390681,13,163767,0.25,16242.009999999998,54,2.5,0.73,7.78,2.32,4.91,9.11,5.63,9.0,0.0,0.0,0.0,2026-10-05 14:30
49,Western Equatoria,Mundri West,SS1005,3.18,Low,3.18,2.62,3.74,,,1.0,,51413.0,42.0,0.0008169140100752728,0.0,2,20.875,0.0,0.0,0.0,0.7429931685521824,30,0.7142857142857143,279.32,0.0,0,2795.88,0.47606949959474465,19,51413,0.5,5872.84,42,5.0,5.49,3.91,0.17,0.0,7.37,7.07,7.69,0.0,0.0,0.0,2026-10-05 14:30
51,Abyei Administrative Area,Abyei Region,SS0001,3.12,Low,3.12,0.9,5.35,,,1.0,,145358.0,283.0,0.0019469172663355303,13.2,1,4.2,0.0,0.0,0.0,0.5732843751399338,25,1.0,352.93,0.0,0,5395.25,0.5140276847531876,17,145358,0.25,10496.03,25,2.5,1.1,5.87,0.41,7.2,5.52,10.0,8.45,0.0,0.0,0.0,2026-10-05 14:30
52,Northern Bahr el Ghazal,Aweil North,SS0503,3.09,Low,3.09,2.42,3.76,,,1.0,,185929.0,1375.0,0.007395296053870026,14.8,3,8.3,0.0,0.0,0.0,0.49817350518308307,39,0.3786407766990291,39.480000000000004,0.0,0,3161.65,0.49846675337984314,39,185929,0.75,6342.75,103,7.5,2.18,7.5,1.57,7.49,4.7,3.62,1.42,0.0,0.0,0.0,2026-10-05 14:30
53,Upper Nile,Maban,SS0705,2.95,Low,2.95,1.24,4.66,,,1.0,,84550.0,25.0,0.00029568302779420464,0.3,1,9.3,0.0,0.0,0.0,0.9452259559381478,32,0.9411764705882353,492.54,0.0,0,5101.92,0.4315939873666686,17,84550,0.25,11821.11,34,2.5,2.45,3.38,0.06,0.71,9.57,9.4,9.53,0.0,0.0,0.0,2026-10-05 14:30
54,Unity,Pariang,SS0608,2.82,Low,2.82,1.12,4.52,,,1.0,,143832.0,4128.0,0.028700150175204404,14.4,0,0.0,330.0,2.294343400634073,1.0,0.3044685955365277,7,0.175,135.65,0.0,0,2647.3999999999996,0.29485468878429516,7,143832,0.0,8978.66,40,0.0,0.0,8.64,6.07,7.42,2.59,1.53,5.37,0.0,1.96,2.5,2026-10-05 14:30
55,Upper Nile,Ulang,SS0712,2.76,Low,2.76,0.0,5.52,,,1.0,,167265.0,5416.0,0.03237975667354198,0.0,0,0.0,0.0,0.0,0.0,0.7516943892750744,12,1.0,136.74,0.0,0,1615.5900000000001,0.33424155908639525,6,167265,0.0,4833.6,12,0.0,0.0,8.93,6.85,0.0,7.46,10.0,5.39,0.0,0.0,0.0,2026-10-05 14:30
55,Lakes,Wulu,SS0406,2.76,Low,2.76,0.72,4.81,,,1.0,,92247.0,108.0,0.0011707697811310937,0.3,1,1.5,0.0,0.0,0.0,0.8526548919146666,24,0.96,523.04,0.0,0,6722.04,0.567575919793438,10,92247,0.25,11843.42,25,2.5,0.39,4.87,0.25,0.71,8.56,9.59,9.72,0.0,0.0,0.0,2026-10-05 14:30
57,Western Equatoria,Mundri East,SS1004,2.59,Low,2.59,1.1,4.08,,,1.0,,103283.0,59.0,0.0005712459940164403,0.0,1,7.25,0.0,0.0,0.0,0.8186464134622388,40,0.7843137254901961,329.11,0.0,0,3218.25,0.6335524411922774,23,103283,0.25,5079.6900000000005,51,2.5,1.91,4.25,0.12,0.0,8.19,7.78,8.22,0.0,0.0,0.0,2026-10-05 14:30
58,Eastern Equatoria,Magwi,SS0207,2.54,Low,2.54,0.64,4.45,,,1.0,,314109.0,843.0,0.0026837817445536424,26.8,1,0.2,0.0,0.0,0.0,0.5964557731171776,72,0.375,130.4,0.0,0,2583.5,0.4967724691716485,32,314109,0.25,5200.57,192,2.5,0.05,7.0,0.57,9.02,5.77,3.58,5.24,0.0,0.0,0.0,2026-10-05 14:30
59,Eastern Equatoria,Kapoeta North,SS0204,2.33,Low,2.33,0.0,4.66,,,1.0,,162158.0,403.0,0.0024852304542483258,8.2,0,0.0,0.0,0.0,0.0,0.6747251903869835,24,0.9230769230769231,89.44,0.0,0,1797.3,0.3134975039507697,0,162158,0.0,5733.06,26,0.0,0.0,6.23,0.53,6.02,6.62,9.21,4.03,0.0,0.0,0.0,2026-10-05 14:30
60,Western Bahr el Ghazal,Wau,SS0903,2.28,Low,2.28,0.0,4.57,,,1.0,,345948.0,1411.0,0.0040786476580295305,4.8,0,0.0,0.0,0.0,0.0,0.43568144662419134,148,0.6297872340425532,372.34999999999997,0.0,0,8107.589999999999,0.4219905239911246,67,345948,0.0,19212.73,235,0.0,0.0,7.53,0.86,4.77,4.02,6.2,8.62,0.0,0.0,0.0,2026-10-05 14:30
61,Upper Nile,Baliet,SS0701,2.15,Low,2.15,0.91,3.4,,,1.0,,76145.0,1252.0,0.016442314006172434,0.0,1,4.325,0.0,0.0,0.0,0.5648861565236457,4,0.14814814814814814,178.13,0.0,0,3789.2500000000005,0.3245421251695833,3,76145,0.25,11675.68,27,2.5,1.14,7.41,3.48,0.0,5.43,1.25,6.24,0.0,0.0,0.0,2026-10-05 14:30
62,Eastern Equatoria,Torit,SS0208,2.1,Low,2.1,0.0,4.2,,,1.0,,65844.0,14.0,0.00021262377741327988,7.1,0,0.0,0.0,0.0,0.0,0.6071974828849536,130,0.7142857142857143,296.61,0.0,0,2602.19,0.4457002995668356,73,65844,0.0,5838.43,182,0.0,0.0,2.81,0.05,5.67,5.89,7.07,7.89,0.0,0.0,0.0,2026-10-05 14:30
63,Central Equatoria,Yei,SS0106,2.04,Low,2.04,0.0,4.08,,,1.0,,327602.0,154.0,0.00047008260022832584,5.3,0,0.0,0.0,0.0,0.0,0.6355502450725099,54,0.46551724137931033,267.07,0.0,0,2098.2400000000002,0.312216723260015,15,327602,0.0,6720.46,116,0.0,0.0,5.24,0.1,4.99,6.2,4.51,7.55,0.0,0.0,0.0,2026-10-05 14:30
64,Unity,Abiemnhom,SS0601,1.92,Very low,1.92,0.0,3.83,,,1.0,,60349.0,165.0,0.0027340966710301747,0.0,0,0.0,0.0,0.0,0.0,0.6976181081922957,12,1.0,90.09,0.0,0,782.8199999999999,0.32512511681030004,9,60349,0.0,2407.75,12,0.0,0.0,5.31,0.58,0.0,6.87,10.0,4.05,0.0,0.0,0.0,2026-10-05 14:30
65,Eastern Equatoria,Ikotos,SS0202,1.88,Very low,1.88,0.0,3.77,,,1.0,,111148.0,42.0,0.0003778745456508439,32.7,0,0.0,0.0,0.0,0.0,0.4957961173897193,14,0.34146341463414637,120.50999999999999,0.0,0,391.33,0.11145700419248997,0,111148,0.0,3511.04,41,0.0,0.0,3.91,0.08,9.54,4.67,3.24,4.98,0.0,0.0,0.0,2026-10-05 14:30
66,Central Equatoria,Lainya,SS0103,1.83,Very low,1.83,0.0,3.66,,,1.0,,119155.0,72.0,0.0006042549620242541,2.9,0,0.0,0.0,0.0,0.0,0.6738500408709224,28,0.45161290322580644,184.56,0.0,0,1059.65,0.3028592496898955,7,119155,0.0,3498.8199999999997,62,0.0,0.0,4.45,0.13,3.69,6.61,4.37,6.36,0.0,0.0,0.0,2026-10-05 14:30
67,Eastern Equatoria,Budi,SS0201,1.8,Very low,1.8,0.0,3.59,,,1.0,,108474.0,4.0,3.6875195899478214e-05,37.6,0,0.0,0.0,0.0,0.0,0.4311842754756934,12,0.41379310344827586,145.33,0.0,0,382.90999999999997,0.06678806462697162,3,108474,0.0,5733.21,29,0.0,0.0,1.67,0.01,9.91,3.97,3.98,5.59,0.0,0.0,0.0,2026-10-05 14:30
68,Western Equatoria,Ibba,SS1002,1.64,Very low,1.64,0.8,2.47,,,1.0,,68544.0,0.0,0.0,0.0,1,2.75,0.0,0.0,0.0,0.671268777496875,9,0.3333333333333333,268.97999999999996,0.0,0,3619.73,0.3767447863270992,4,68544,0.25,9607.910000000002,27,2.5,0.72,0.0,0.0,0.0,6.59,3.15,7.57,0.0,0.0,0.0,2026-10-05 14:30
69,Western Equatoria,Ezo,SS1001,1.6,Very low,1.6,0.63,2.58,,,1.0,,138291.0,37.0,0.0002675517568026842,0.0,1,0.1,0.0,0.0,0.0,0.5287415699158108,15,0.24193548387096775,223.9,0.0,0,2796.42,0.34642257206142507,10,138291,0.25,8072.28,62,2.5,0.03,3.78,0.06,0.0,5.03,2.21,6.98,0.0,0.0,0.0,2026-10-05 14:30
70,Eastern Equatoria,Kapoeta East,SS0203,1.55,Very low,1.55,0.0,3.1,,,1.0,,175078.0,631.0,0.003604107883343424,1.6,0,0.0,0.0,0.0,0.0,0.19222898074801115,6,0.17142857142857143,397.23,0.0,0,1029.74,0.03483245418375748,1,175078,0.0,29562.660000000003,35,0.0,0.0,6.7,0.76,2.59,1.36,1.49,8.83,0.0,0.0,0.0,2026-10-05 14:30
71,Western Equatoria,Maridi,SS1003,1.48,Very low,1.48,0.0,2.97,,,1.0,,113864.0,4.0,3.5129628328532286e-05,0.0,0,0.0,0.0,0.0,0.0,0.6276566521593658,28,0.4307692307692308,397.0,0.0,0,2552.92,0.33235995984997113,16,113864,0.0,7681.1900000000005,65,0.0,0.0,1.67,0.01,0.0,6.11,4.15,8.83,0.0,0.0,0.0,2026-10-05 14:30
72,Western Equatoria,Yambio,SS1010,1.36,Very low,1.36,0.0,2.73,,,1.0,,173972.0,15.0,8.622077115857725e-05,0.0,0,0.0,0.0,0.0,0.0,0.6127288733595845,23,0.20535714285714285,349.79999999999995,0.0,0,3176.73,0.3613213405853971,8,173972,0.0,8791.980000000001,112,0.0,0.0,2.88,0.02,0.0,5.95,1.84,8.42,0.0,0.0,0.0,2026-10-05 14:30
73,Western Equatoria,Nzara,SS1008,1.32,Very low,1.32,0.65,2.0,,,1.0,,86370.0,12.0,0.00013893713094824593,0.0,1,0.325,0.0,0.0,0.0,0.5843453890297611,3,0.06818181818181818,130.39000000000001,0.0,0,2209.7200000000003,0.34291229954158764,1,86370,0.25,6443.9800000000005,44,2.5,0.09,2.66,0.03,0.0,5.64,0.43,5.24,0.0,0.0,0.0,2026-10-05 14:30
74,Western Equatoria,Nagero,SS1007,1.27,Very low,1.27,0.0,2.55,,,1.0,,61561.0,34.0,0.0005522977209596985,0.1,0,0.0,0.0,0.0,0.0,0.40518647778536265,8,0.24242424242424243,296.79,0.0,0,6742.129999999999,0.3754015917789639,7,61561,0.0,17959.78,33,0.0,0.0,3.69,0.12,0.26,3.69,2.22,7.89,0.0,0.0,0.0,2026-10-05 14:30
75,Western Equatoria,Tambura,SS1009,1.16,Very low,1.16,0.0,2.31,,,1.0,,122913.0,50.0,0.00040679179582306184,0.2,0,0.0,0.0,0.0,0.0,0.5448837410882614,11,0.23404255319148937,92.56,0.0,0,1559.3200000000002,0.4223784861421111,9,122913,0.0,3691.76,47,0.0,0.0,4.08,0.09,0.49,5.21,2.13,4.14,0.0,0.0,0.0,2026-10-05 14:30
76,Western Bahr el Ghazal,Raja,SS0902,1.14,Very low,1.14,0.0,2.28,,,1.0,,76633.0,23.0,0.00030013179700651155,10.5,0,0.0,0.0,0.0,0.0,0.0670778778561178,1,0.02631578947368421,163.3,0.0,0,4115.99,0.06637589781441183,1,76633,0.0,62010.31,38,0.0,0.0,3.3,0.06,6.63,0.0,0.0,5.96,0.0,0.0,0.0,2026-10-05 14:30
77,Central Equatoria,Kajo-keji,SS0102,1.1,Very low,1.1,0.0,2.21,,,1.0,,257989.0,190.0,0.0007364655082193426,0.7,0,0.0,0.0,0.0,0.0,0.5065976693534284,26,0.25,38.54,0.0,0,960.23,0.38164337609894916,18,257989,0.0,2516.04,104,0.0,0.0,5.45,0.16,1.44,4.79,2.3,1.35,0.0,0.0,0.0,2026-10-05 14:30
78,Central Equatoria,Morobo,SS0104,1.0,Very low,1.0,0.0,2.01,,,1.0,,136697.0,44.0,0.0003218797779029532,3.6,0,0.0,0.0,0.0,0.0,0.475070670028268,11,0.16923076923076924,25.11,0.0,0,210.6,0.16089846435938573,2,136697,0.0,1308.9,65,0.0,0.0,3.95,0.07,4.14,4.45,1.47,0.0,0.0,0.0,0.0,2026-10-05 14:30
79,Eastern Equatoria,Kapoeta South,SS0205,0.96,Very low,0.96,0.0,1.92,,,1.0,,105511.0,3.0,2.8433054373477648e-05,0.1,0,0.0,0.0,0.0,0.0,0.23783297366206452,16,0.8421052631578947,40.71000000000001,0.0,0,12.57,0.010473516251864318,1,105511,0.0,1200.17,19,0.0,0.0,1.44,0.01,0.26,1.86,8.38,1.52,0.0,0.0,0.0,2026-10-05 14:30
