state,county,pcode,pop_total,pop_flood_prone,risk_score,risk_class,risk_rank,hazard,exposure,hazard_exposure,vulnerability,lack_of_coping,data_completeness,flooded_now_km2,generated_utc
#adm1+name,#adm2+name,#adm2+code,#population+total,#population+flood_prone,#indicator+risk_score+num,#indicator+risk_class,#indicator+risk_rank+num,#indicator+hazard+num,#indicator+exposure+num,#indicator+hazard_exposure+num,#indicator+vulnerability+num,#indicator+lack_of_coping+num,#indicator+completeness+num,#indicator+flooded_now_km2+num,#date+generated
Unity,Panyijiar,SS0607,126239.0,4064.0,8.63,Very high,1,9.98,7.28,8.63,,,1.0,,2026-10-06 08:15
Jonglei,Fangak,SS0306,213029.0,4546.0,7.94,Very high,2,10.0,5.89,7.94,,,1.0,,2026-10-06 08:15
Unity,Leer,SS0604,86784.0,985.0,7.94,Very high,2,9.99,5.89,7.94,,,1.0,,2026-10-06 08:15
Jonglei,Ayod,SS0302,205709.0,7356.0,7.89,Very high,4,7.98,7.8,7.89,,,1.0,,2026-10-06 08:15
Jonglei,Twic East,SS0310,129822.0,6132.0,7.37,Very high,5,6.85,7.89,7.37,,,1.0,,2026-10-06 08:15
Unity,Guit,SS0602,73878.0,3497.0,7.2,Very high,6,6.93,7.48,7.2,,,1.0,,2026-10-06 08:15
Unity,Mayendit,SS0605,74335.0,2032.0,6.96,Very high,7,7.16,6.75,6.96,,,1.0,,2026-10-06 08:15
Unity,Rubkona,SS0609,361802.0,16480.0,6.81,Very high,8,7.6,6.02,6.81,,,1.0,,2026-10-06 08:15
Upper Nile,Renk,SS0711,210351.0,4300.0,6.7,Very high,9,7.05,6.34,6.7,,,1.0,,2026-10-06 08:15
Jonglei,Bor South,SS0303,354711.0,7498.0,6.34,High,10,6.65,6.03,6.34,,,1.0,,2026-10-06 08:15
Unity,Koch,SS0603,115158.0,513.0,6.08,High,11,6.51,5.65,6.08,,,1.0,,2026-10-06 08:15
Jonglei,Duk,SS0305,206545.0,5015.0,5.78,High,12,4.71,6.86,5.78,,,1.0,,2026-10-06 08:15
Jonglei,Canal/Pigi,SS0304,111613.0,2399.0,5.6,High,13,7.33,3.88,5.6,,,1.0,,2026-10-06 08:15
Upper Nile,Manyo,SS0708,83853.0,2021.0,5.58,High,14,6.39,4.78,5.58,,,1.0,,2026-10-06 08:15
Upper Nile,Panyikang,SS0710,69656.0,1376.0,5.58,High,14,7.65,3.51,5.58,,,1.0,,2026-10-06 08:15
Upper Nile,Melut,SS0709,134054.0,5600.0,5.2,High,16,5.09,5.3,5.2,,,1.0,,2026-10-06 08:15
Central Equatoria,Juba,SS0101,570834.0,2953.0,5.06,High,17,5.0,5.13,5.06,,,1.0,,2026-10-06 08:15
Warrap,Gogrial West,SS0802,347953.0,34800.0,4.96,Medium,18,2.5,7.42,4.96,,,1.0,,2026-10-06 08:15
Northern Bahr el Ghazal,Aweil South,SS0504,151604.0,5505.0,4.86,Medium,19,3.54,6.18,4.86,,,1.0,,2026-10-06 08:15
Lakes,Awerial,SS0401,144223.0,5340.0,4.84,Medium,20,3.57,6.11,4.84,,,1.0,,2026-10-06 08:15
Lakes,Yirol East,SS0407,165810.0,3725.0,4.84,Medium,20,3.85,5.82,4.84,,,1.0,,2026-10-06 08:15
Lakes,Cueibet,SS0402,189199.0,531.0,4.81,Medium,22,3.96,5.66,4.81,,,1.0,,2026-10-06 08:15
Northern Bahr el Ghazal,Aweil East,SS0502,395769.0,15726.0,4.75,Medium,23,2.98,6.52,4.75,,,1.0,,2026-10-06 08:15
Warrap,Gogrial East,SS0801,138793.0,9049.0,4.74,Medium,24,2.1,7.37,4.74,,,1.0,,2026-10-06 08:15
Upper Nile,Malakal,SS0707,204041.0,6999.0,4.62,Medium,25,5.25,3.99,4.62,,,1.0,,2026-10-06 08:15
Warrap,Tonj North,SS0804,271487.0,7001.0,4.56,Medium,26,1.51,7.61,4.56,,,1.0,,2026-10-06 08:15
Lakes,Rumbek East,SS0404,180970.0,3596.0,4.42,Medium,27,3.06,5.77,4.42,,,1.0,,2026-10-06 08:15
Unity,Mayom,SS0606,170251.0,22600.0,4.32,Medium,28,2.24,6.41,4.32,,,1.0,,2026-10-06 08:15
Upper Nile,Fashoda,SS0702,83775.0,1926.0,4.27,Medium,29,5.65,2.88,4.27,,,1.0,,2026-10-06 08:15
Warrap,Tonj East,SS0803,190959.0,105.0,4.24,Medium,30,3.04,5.44,4.24,,,1.0,,2026-10-06 08:15
Jonglei,Akobo,SS0301,238042.0,1673.0,4.15,Medium,31,2.77,5.53,4.15,,,1.0,,2026-10-06 08:15
Jonglei,Pochalla,SS0309,82568.0,498.0,4.14,Medium,32,3.25,5.03,4.14,,,1.0,,2026-10-06 08:15
Upper Nile,Luakpiny/Nasir,SS0704,350742.0,15180.0,4.1,Medium,33,2.05,6.14,4.1,,,1.0,,2026-10-06 08:15
Northern Bahr el Ghazal,Aweil Centre,SS0501,78958.0,382.0,4.01,Medium,34,3.87,4.15,4.01,,,1.0,,2026-10-06 08:15
Warrap,Tonj South,SS0805,126289.0,3140.0,3.96,Medium,35,1.67,6.25,3.96,,,1.0,,2026-10-06 08:15
Northern Bahr el Ghazal,Aweil West,SS0505,223173.0,8943.0,3.9,Medium,36,1.56,6.23,3.9,,,1.0,,2026-10-06 08:15
Western Bahr el Ghazal,Jur River,SS0901,293840.0,5068.0,3.86,Medium,37,2.13,5.6,3.86,,,0.73,,2026-10-06 08:15
Warrap,Twic,SS0806,291675.0,11366.0,3.78,Medium,38,2.2,5.36,3.78,,,0.73,,2026-10-06 08:15
Central Equatoria,Terekeka,SS0105,266693.0,4725.0,3.66,Medium,39,1.36,5.96,3.66,,,1.0,,2026-10-06 08:15
Lakes,Rumbek Centre,SS0403,222497.0,1661.0,3.55,Medium,40,1.28,5.82,3.55,,,1.0,,2026-10-06 08:15
Lakes,Yirol West,SS0408,181325.0,2910.0,3.54,Medium,41,1.42,5.65,3.54,,,1.0,,2026-10-06 08:15
Jonglei,Pibor,SS0308,237649.0,1354.0,3.39,Low,42,1.64,5.14,3.39,,,1.0,,2026-10-06 08:15
Northern Bahr el Ghazal,Aweil North,SS0503,185929.0,1375.0,3.36,Low,43,2.42,4.29,3.36,,,1.0,,2026-10-06 08:15
Western Equatoria,Mvolo,SS1006,77611.0,135.0,3.34,Low,44,2.26,4.43,3.34,,,1.0,,2026-10-06 08:15
Upper Nile,Maiwut,SS0706,147823.0,331.0,3.3,Low,45,2.46,4.13,3.3,,,1.0,,2026-10-06 08:15
Jonglei,Nyirol,SS0307,153295.0,814.0,3.26,Low,46,1.52,5.0,3.26,,,1.0,,2026-10-06 08:15
Lakes,Rumbek North,SS0405,75047.0,6.0,3.26,Low,46,2.5,4.02,3.26,,,1.0,,2026-10-06 08:15
Jonglei,Uror,SS0311,205594.0,1768.0,3.24,Low,48,0.82,5.65,3.24,,,1.0,,2026-10-06 08:15
Upper Nile,Longochuk,SS0703,80526.0,257.0,3.2,Low,49,2.19,4.22,3.2,,,1.0,,2026-10-06 08:15
Abyei Administrative Area,Abyei Region,SS0001,145358.0,283.0,3.18,Low,50,0.9,5.45,3.18,,,1.0,,2026-10-06 08:15
Eastern Equatoria,Lafon,SS0206,163767.0,1795.0,3.18,Low,50,0.81,5.54,3.18,,,1.0,,2026-10-06 08:15
Western Equatoria,Mundri West,SS1005,51413.0,42.0,3.18,Low,50,2.62,3.73,3.18,,,1.0,,2026-10-06 08:15
Upper Nile,Maban,SS0705,84550.0,25.0,2.95,Low,53,1.24,4.66,2.95,,,1.0,,2026-10-06 08:15
Unity,Pariang,SS0608,143832.0,4128.0,2.78,Low,54,1.12,4.45,2.78,,,1.0,,2026-10-06 08:15
Upper Nile,Ulang,SS0712,167265.0,5416.0,2.76,Low,55,0.0,5.52,2.76,,,1.0,,2026-10-06 08:15
Lakes,Wulu,SS0406,92247.0,108.0,2.76,Low,55,0.72,4.79,2.76,,,1.0,,2026-10-06 08:15
Western Equatoria,Mundri East,SS1004,103283.0,59.0,2.58,Low,57,1.1,4.07,2.58,,,1.0,,2026-10-06 08:15
Eastern Equatoria,Magwi,SS0207,314109.0,843.0,2.54,Low,58,0.64,4.45,2.54,,,1.0,,2026-10-06 08:15
Eastern Equatoria,Kapoeta North,SS0204,162158.0,403.0,2.34,Low,59,0.0,4.67,2.34,,,1.0,,2026-10-06 08:15
Upper Nile,Baliet,SS0701,76145.0,1252.0,2.14,Low,60,0.91,3.38,2.14,,,1.0,,2026-10-06 08:15
Eastern Equatoria,Torit,SS0208,65844.0,14.0,2.07,Low,61,0.0,4.14,2.07,,,1.0,,2026-10-06 08:15
Central Equatoria,Yei,SS0106,327602.0,154.0,2.02,Low,62,0.0,4.05,2.02,,,1.0,,2026-10-06 08:15
Unity,Abiemnhom,SS0601,60349.0,165.0,1.92,Very low,63,0.0,3.84,1.92,,,1.0,,2026-10-06 08:15
Eastern Equatoria,Ikotos,SS0202,111148.0,42.0,1.88,Very low,64,0.0,3.75,1.88,,,1.0,,2026-10-06 08:15
Central Equatoria,Lainya,SS0103,119155.0,72.0,1.82,Very low,65,0.0,3.65,1.82,,,1.0,,2026-10-06 08:15
Eastern Equatoria,Budi,SS0201,108474.0,4.0,1.77,Very low,66,0.0,3.54,1.77,,,1.0,,2026-10-06 08:15
Western Bahr el Ghazal,Wau,SS0903,345948.0,1411.0,1.64,Very low,67,0.0,3.29,1.64,,,0.73,,2026-10-06 08:15
Eastern Equatoria,Kapoeta East,SS0203,175078.0,631.0,1.48,Very low,68,0.0,2.96,1.48,,,1.0,,2026-10-06 08:15
Western Equatoria,Nagero,SS1007,61561.0,34.0,1.34,Very low,69,0.0,2.69,1.34,,,1.0,,2026-10-06 08:15
Western Bahr el Ghazal,Raja,SS0902,76633.0,23.0,1.25,Very low,70,0.0,2.5,1.25,,,0.73,,2026-10-06 08:15
Central Equatoria,Kajo-keji,SS0102,257989.0,190.0,1.12,Very low,71,0.0,2.24,1.12,,,1.0,,2026-10-06 08:15
Central Equatoria,Morobo,SS0104,136697.0,44.0,1.02,Very low,72,0.0,2.05,1.02,,,1.0,,2026-10-06 08:15
Eastern Equatoria,Kapoeta South,SS0205,105511.0,3.0,0.93,Very low,73,0.0,1.86,0.93,,,1.0,,2026-10-06 08:15
Western Equatoria,Ezo,SS1001,138291.0,37.0,0.8,Very low,74,0.63,0.96,0.8,,,0.73,,2026-10-06 08:15
Western Equatoria,Maridi,SS1003,113864.0,4.0,0.65,Very low,75,0.0,1.3,0.65,,,1.0,,2026-10-06 08:15
Western Equatoria,Nzara,SS1008,86370.0,12.0,0.65,Very low,75,0.65,0.65,0.65,,,1.0,,2026-10-06 08:15
Western Equatoria,Tambura,SS1009,122913.0,50.0,0.58,Very low,77,0.0,1.16,0.58,,,0.73,,2026-10-06 08:15
Western Equatoria,Ibba,SS1002,68544.0,0.0,0.4,Very low,78,0.8,0.0,0.4,,,0.73,,2026-10-06 08:15
Western Equatoria,Yambio,SS1010,173972.0,15.0,0.36,Very low,79,0.0,0.72,0.36,,,0.73,,2026-10-06 08:15
