zone_type,zone,n_counties,population,pop_flood_prone,cropland_km2,displaced_2020_2025,risk_score_pop_weighted,risk_class,counties_very_high_or_high,highest_risk_counties
livelihood zone,SS08 Nile basin fishing and agro-pastoral,14,739428,19292,0.1,274259,7.48,Very high,12,"Panyijiar, Fangak, Leer"
livelihood zone,SS09 North-Western Nile basin cattle and maize,4,668330,41654,0.0,82817,6.67,Very high,3,"Guit, Rubkona, Koch"
livelihood zone,SS06 Eastern plains sorghum and cattle,12,1605097,28867,3.3,194850,5.88,High,8,"Fangak, Ayod, Twic East"
livelihood zone,SS07 Greater Bahr el Ghazal sorghum and cattle,21,2989635,104862,196.4,59714,5.62,High,11,"Panyijiar, Leer, Mayendit"
livelihood zone,SS11 Northern sorhgum and livestock,10,1118381,27217,1852.4,193614,5.48,High,6,"Panyikang, Malakal, Fashoda"
livelihood zone,SS10 North-Eastern maize cattle and fishing,7,821667,22062,0.0,7810,5.05,High,3,"Panyikang, Luakpiny/Nasir, Akobo"
livelihood zone,SS05 South-Eastern semi-arid pastoral,6,674283,2522,17.3,0,3.97,Medium,1,"Lafon, Pibor, Kapoeta North"
livelihood zone,SS03 Highland forest and sorghum,7,990489,3517,79.3,37370,3.88,Medium,1,"Lafon, Juba, Magwi"
livelihood zone,SS12 Maize Sorghum Fishing and Natural Resources,2,103243,616,0.0,0,3.87,Medium,0,"Pibor, Pochalla"
livelihood zone,SS02 Ironstone Plateau agro-pastoral,16,1167522,16538,59.4,20073,3.83,Medium,2,"Awerial, Yirol East, Juba"
livelihood zone,SS04 Western plains groundnuts sesame and sorghum,11,877800,4271,27.2,0,2.71,Low,0,"Aweil West, Jur River, Aweil Centre"
livelihood zone,SS01 Equatorial maize and cassava,14,1541649,820,33.8,0,2.26,Low,0,"Magwi, Mundri West, Ikotos"
