candidate,lead,n,events,hits,misses,false_alarms,correct_negatives,POD,FAR,CSI,TSS,bias
P50,0,2769,73,65,8,2159,537,0.89,0.971,0.029,0.09,30.466
P50,1,2699,72,55,17,1961,666,0.764,0.973,0.027,0.017,28.0
P50,2,2638,66,45,21,1679,893,0.682,0.974,0.026,0.029,26.121
P60,0,2769,73,59,14,1841,855,0.808,0.969,0.031,0.125,26.027
P60,1,2699,72,51,21,1690,937,0.708,0.971,0.029,0.065,24.181
P60,2,2638,66,39,27,1426,1146,0.591,0.973,0.026,0.036,22.197
P70,0,2769,73,51,22,1489,1207,0.699,0.967,0.033,0.146,21.096
P70,1,2699,72,42,30,1377,1250,0.583,0.97,0.029,0.059,19.708
P70,2,2638,66,32,34,1151,1421,0.485,0.973,0.026,0.037,17.924
2yr-0.50m,0,2769,73,66,7,1807,889,0.904,0.965,0.035,0.234,25.658
2yr-0.50m,1,2699,72,60,12,1686,941,0.833,0.966,0.034,0.192,24.25
2yr-0.50m,2,2638,66,51,15,1487,1085,0.773,0.967,0.033,0.195,23.303
P75,0,2769,73,46,27,1310,1386,0.63,0.966,0.033,0.144,18.575
P75,1,2699,72,39,33,1204,1423,0.542,0.969,0.031,0.083,17.264
P75,2,2638,66,28,38,1002,1570,0.424,0.973,0.026,0.035,15.606
2yr-0.25m,0,2769,73,61,12,1449,1247,0.836,0.96,0.04,0.298,20.685
2yr-0.25m,1,2699,72,52,20,1320,1307,0.722,0.962,0.037,0.22,19.056
2yr-0.25m,2,2638,66,42,24,1117,1455,0.636,0.964,0.036,0.202,17.561
P80,0,2769,73,40,33,1105,1591,0.548,0.965,0.034,0.138,15.685
P80,1,2699,72,34,38,1019,1608,0.472,0.968,0.031,0.084,14.625
P80,2,2638,66,26,40,844,1728,0.394,0.97,0.029,0.066,13.182
P85,0,2769,73,38,35,882,1814,0.521,0.959,0.04,0.193,12.603
P85,1,2699,72,30,42,818,1809,0.417,0.965,0.034,0.105,11.778
P85,2,2638,66,23,43,683,1889,0.348,0.967,0.031,0.083,10.697
2yr,0,2769,73,44,29,901,1795,0.603,0.953,0.045,0.269,12.945
2yr,1,2699,72,35,37,836,1791,0.486,0.96,0.039,0.168,12.097
2yr,2,2638,66,23,43,705,1867,0.348,0.968,0.03,0.074,11.03
P90,0,2769,73,29,44,634,2062,0.397,0.956,0.041,0.162,9.082
P90,1,2699,72,23,49,596,2031,0.319,0.963,0.034,0.093,8.597
P90,2,2638,66,18,48,503,2069,0.273,0.965,0.032,0.077,7.894
2yr+0.25m,0,2769,73,22,51,417,2279,0.301,0.95,0.045,0.147,6.014
2yr+0.25m,1,2699,72,17,55,397,2230,0.236,0.959,0.036,0.085,5.75
2yr+0.25m,2,2638,66,13,53,353,2219,0.197,0.964,0.031,0.06,5.545
P95,0,2769,73,17,56,359,2337,0.233,0.955,0.039,0.1,5.151
P95,1,2699,72,11,61,345,2282,0.153,0.969,0.026,0.021,4.944
P95,2,2638,66,11,55,289,2283,0.167,0.963,0.031,0.054,4.545
5yr,0,2769,73,12,61,296,2400,0.164,0.961,0.033,0.055,4.219
5yr,1,2699,72,8,64,281,2346,0.111,0.972,0.023,0.004,4.014
5yr,2,2638,66,9,57,236,2336,0.136,0.963,0.03,0.045,3.712
10yr,0,2769,73,1,72,57,2639,0.014,0.983,0.008,-0.007,0.795
10yr,1,2699,72,0,72,56,2571,0.0,1.0,0.0,-0.021,0.778
10yr,2,2638,66,2,64,44,2528,0.03,0.957,0.018,0.013,0.697
