pillar,activity,indicator,counted_as,verification,2026Q1,2026Q2,2026Q3,2026Q4,year_to_date,target,achieved_pct
1,Assess risk profiles for hazards,Counties with a flood risk profile,snapshot,p1_county_risk_profile.csv,,,,79.0,79.0,,
1,Exposure and coping analysis for livelihood zones,Livelihood zones with exposure analysis,snapshot,p1_zone_profile.csv,,,,0.0,0.0,,
1,Identify and validate vulnerability indicators,Vulnerability and coping indicators in use,snapshot,aa_config/county_vulnerability.csv,,,,0.0,0.0,,
1,Develop and validate risk maps,Risk maps produced,event,p1_risk_map.png,,,,3.0,3.0,,
1,Integrate risk information into the information management system,Risk datasets exported in HXL for the IMS,event,p1_county_risk_profile_hxl.csv,,,,3.0,3.0,,
1,Integrate risk information into the information management system,Risk and trigger datasets in HXL for the IMS,snapshot,aa_indicator_ledger.csv,,,,2.0,2.0,,
2,Develop technical guidance and tools for triggers and thresholds,Hazards with defined thresholds and data requirements,snapshot,p2_trigger_design_note.md,,,,3.0,3.0,,
2,Develop technical guidance and tools for triggers and thresholds,Counties with proposed river trigger levels,snapshot,aa_triggers.csv,,,,33.0,33.0,,
2,Develop technical guidance and tools for triggers and thresholds,Counties with validated river trigger levels,snapshot,aa_triggers.csv,,,,0.0,0.0,,
2,"Map hazards, vulnerabilities and impacts to inform IbF and AA protocols",Trigger skill evaluations against recorded impacts,event,p2_trigger_skill_season.csv,,,,3.0,3.0,,
2,"Centralized repository for multi-hazard IbF, EW and trigger-threshold data",Datasets packaged and validated for the repository,event,aa_data_package_*.zip,,,,14.0,14.0,,
2,Translate meteorological information into local languages,Languages with validated warning templates,snapshot,aa_config/message_templates.csv,,,,1.0,1.0,,
2,"Centralized repository for multi-hazard IbF, EW and trigger-threshold data",Datasets failing validation,snapshot,aa_indicator_ledger.csv,,,,0.0,0.0,,
3,Develop standardised AAPs for multi-hazard,Anticipatory action plans developed,snapshot,aa_config/aap_plans.csv,,,,6.0,6.0,,
3,Develop standardised AAPs for multi-hazard,Anticipatory action plans validated,snapshot,aa_config/aap_plans.csv,,,,0.0,0.0,,
3,Joint simulation exercises on the agreed activation mechanisms,Simulation exercise packs prepared,event,aa_out/simulations,,,,,,,
3,Joint simulation exercises on the agreed activation mechanisms,Simulation exercises conducted,derived,simulations/*/evaluation.csv (conducted_date),,,,,,,
3,Joint activation of the AAPs when the threshold is reached,Readiness stages reached,event,aap_activation_log.csv,,,,1.0,1.0,,
3,Joint activation of the AAPs when the threshold is reached,AAPs activated,event,aap_activation_log.csv; aap_reports,,,,,,,
3,Joint activation of the AAPs when the threshold is reached,Draft-plan activation levels reached (not counted as activations),event,aa_indicator_ledger.csv,,,,2.0,2.0,,
3,Joint activation of the AAPs when the threshold is reached,Plans in readiness or activated now,snapshot,aa_indicator_ledger.csv,,,,0.0,0.0,,
5,Coordination platforms at subnational level linked to the NTWG-AA,Subnational TWG-AA groups active (state / county),snapshot,aa_config/recipient_groups.csv,,,,0.0,0.0,,
5,Quarterly meetings at all levels,TWG-AA meetings held,derived,aa_config/meetings_log.csv,,,,,,,
5,Quarterly updates on operations at all levels,TWG-AA situation briefs prepared,event,aa_out/dissemination,,,,20.0,20.0,,
5,Community groups / radio listening hubs disseminate early warnings,Community groups / radio listening hubs registered,snapshot,aa_config/recipient_groups.csv,,,,0.0,0.0,,
5,Community groups / radio listening hubs disseminate early warnings,Early warning messages prepared,event,dissemination/*/messages.csv,,,,136.0,136.0,,
5,Community groups / radio listening hubs disseminate early warnings,Early warning items sent,derived,dissemination_log.csv (status sent),,,,,,,
5,Community groups / radio listening hubs disseminate early warnings,Community feedback records,derived,aa_config/feedback_log.csv,,,,,,,
