situation,channel,language,language_name,draft_text,chars,over_160_chars,placeholders_ok,status,english_master
flood_red,sms,din,Dinka (NLLB: Southwestern Dinka),"{LEVEL} ALERT THAN FLOOD {county}: bɛ̈ɛ̈i lɔ̈ɔ̈m abï röt looi në pɛ̈i kënë. Luɔi kɔc, läi ku jɔl ya mïïth bïk la nhial ëmën. Tiɛ̈ŋkë radio ku bäny. {source}",156,,yes,DRAFT machine translation - not validated; do not publish,"{LEVEL} FLOOD ALERT {county}: flooding likely this week. Move people, animals and food to high ground now. Follow radio and chiefs. {source}"
flood_red,sms,nus,Nuer,"Rɛy gua̱thni̱ ti̱ti̱, ci̱ naath, ley kɛnɛ mi̱eth rɔ̱ luäŋ kɛ naŋ guäth mi̱ di̱i̱t ɛlɔ̱ŋ.",88,,NO - fix {county}/{LEVEL}/{source} by hand,DRAFT machine translation - not validated; do not publish,"{LEVEL} FLOOD ALERT {county}: flooding likely this week. Move people, animals and food to high ground now. Follow radio and chiefs. {source}"
flood_orange,sms,din,Dinka (NLLB: Southwestern Dinka),"{LEVEL} tuany de tuany {county}: tuany alëu bï bɛ̈n në ye pɔ̈ɔ̈c kënë. Luɔikë miëth, kɔ̈u ku käpuɔth tɔ̈u ke path; guiir tɛ̈ bï läi la thïn.{source}",148,,yes,DRAFT machine translation - not validated; do not publish,"{LEVEL} flood alert {county}: flooding possible this week. Keep food, seed and papers high and dry; plan where animals go. {source}"
flood_orange,sms,nus,Nuer,"{LEVEL} riɛk mi̱ di̱i̱t {county}: mi̱ ci̱ rɔ lot ɛn wi̱c ɛmɛ kɛ riɛk. Luäk mi̱eth, kuayni̱ kɛnɛ warɛgakni̱ ti̱ gɔw kä ti̱e̱ŋ; carɛ gua̱a̱th in wä ley thi̱n. {source}",165,yes,yes,DRAFT machine translation - not validated; do not publish,"{LEVEL} flood alert {county}: flooding possible this week. Keep food, seed and papers high and dry; plan where animals go. {source}"
flood_yellow,sms,din,Dinka (NLLB: Southwestern Dinka),Ajuiɛɛr de lɔ̈ɔ̈m {county}: ye nïn tɔ̈u ke cï bɛ̈n.,51,,NO - fix {county}/{LEVEL}/{source} by hand,DRAFT machine translation - not validated; do not publish,"Flood watch {county}: wet days ahead. Clear drains, watch the river, follow radio updates. {source}"
flood_yellow,sms,nus,Nuer,Rɛ̈ɛ̈k ri̱e̱eŋ {county}: gua̱thni̱ ti̱ kɔ̱a̱c kɛ kui̱i̱ muɔ̱ɔ̱n tëë nhiam.,74,,NO - fix {county}/{LEVEL}/{source} by hand,DRAFT machine translation - not validated; do not publish,"Flood watch {county}: wet days ahead. Clear drains, watch the river, follow radio updates. {source}"
drought_red,sms,din,Dinka (NLLB: Southwestern Dinka),{LEVEL} DRAY-SPELL ALERT {county}: riɛ̈ɛ̈k thiin koor tën pɛ̈i 1-2.,67,,NO - fix {county}/{LEVEL}/{source} by hand,DRAFT machine translation - not validated; do not publish,"{LEVEL} DRY-SPELL ALERT {county}: little rain for 1-2 weeks. Save water, plan grazing moves, do not plant now. {source}"
drought_red,sms,nus,Nuer,{LEVEL} DRAY-SPELL ALERT {county}: nhiaal mi tɔt kɛ ni̱n 1-2.,61,,NO - fix {county}/{LEVEL}/{source} by hand,DRAFT machine translation - not validated; do not publish,"{LEVEL} DRY-SPELL ALERT {county}: little rain for 1-2 weeks. Save water, plan grazing moves, do not plant now. {source}"
drought_orange,sms,din,Dinka (NLLB: Southwestern Dinka),{LEVEL} warning for dry spell {county}: ye nïn ke rou bɛ̈n tueŋ.,64,,NO - fix {county}/{LEVEL}/{source} by hand,DRAFT machine translation - not validated; do not publish,{LEVEL} dry-spell alert {county}: dry days ahead. Save water and protect crops and pasture. {source}
drought_orange,sms,nus,Nuer,Rɛy gua̱thni̱ ti̱e̱c ti̱ti̱ /ci̱ kɛn bi̱ ben thi̱n kɛ kɔr kä mi̱ ci̱ ji̱i̱ ro̱ŋ kɛ ɣöö bi̱kɛ rɔ̱ riali̱kä ɛlɔ̱ŋ.,112,,NO - fix {county}/{LEVEL}/{source} by hand,DRAFT machine translation - not validated; do not publish,{LEVEL} dry-spell alert {county}: dry days ahead. Save water and protect crops and pasture. {source}
drought_yellow,sms,din,Dinka (NLLB: Southwestern Dinka),Kuɔ̈ɔ̈r de tuany {county}: deŋ alëu bï lɔ̈k kɔ̈k nïn.,53,,NO - fix {county}/{LEVEL}/{source} by hand,DRAFT machine translation - not validated; do not publish,"Dry-spell watch {county}: rain may stop for some days. Delay planting, save water. {source}"
drought_yellow,sms,nus,Nuer,Rɛy gua̱thni̱ ti̱e̱c ti̱ /ci̱ bi̱ ro̱ŋ thi̱n kɛ ni̱n ti̱ ŋuan.,62,,NO - fix {county}/{LEVEL}/{source} by hand,DRAFT machine translation - not validated; do not publish,"Dry-spell watch {county}: rain may stop for some days. Delay planting, save water. {source}"
river_high,sms,din,Dinka (NLLB: Southwestern Dinka),"River warning {county}: river is high and may rise. keep boats ready, move animals near high ground.{source}",108,,yes,DRAFT machine translation - not validated; do not publish,"River warning {county}: the river is high and may rise. Keep boats ready, move animals near high ground. {source}"
river_high,sms,nus,Nuer,"Ri̱i̱k ri̱e̱y {county}: wi̱c ɛ mi̱ bäär kä derɛ rɔ jiɛc. Guɛckɛ ria̱a̱y, naŋɛ leeyni̱ ni̱ thia̱k kɛ gua̱th mi̱ ro̱ŋ thi̱n.{source}",130,,yes,DRAFT machine translation - not validated; do not publish,"River warning {county}: the river is high and may rise. Keep boats ready, move animals near high ground. {source}"
aap_readiness,sms,din,Dinka (NLLB: Southwestern Dinka),Cɔl rot guiir bïk lɔ nhial tɛ̈ wïc bäny ke bïk looi.{source},60,,NO - fix {county}/{LEVEL}/{source} by hand,DRAFT machine translation - not validated; do not publish,Early action alert {county}: flood plan in READINESS. Get ready to move to high ground if leaders advise. {source}
aap_readiness,sms,nus,Nuer,Ŋi̱i̱c lätni̱ tëë nhiam {county}: ta̱a̱ mi̱ ca la̱t kɛ kui̱ läätni̱ ti̱ di̱t rɛy READINESS. Rɛydɛ rɔ̱ rialikä kɛ ɣöö ba wä nhial mi̱ ci̱ ji̱ lua̱ŋni̱,149,,NO - fix {county}/{LEVEL}/{source} by hand,DRAFT machine translation - not validated; do not publish,Early action alert {county}: flood plan in READINESS. Get ready to move to high ground if leaders advise. {source}
aap_activated,sms,din,Dinka (NLLB: Southwestern Dinka),Käk cï röt looi në thɛɛr ke lɔ̈ɔ̈m: Kuɔɔny de tuany acï bɛ̈n ya looi.,69,,NO - fix {county}/{LEVEL}/{source} by hand,DRAFT machine translation - not validated; do not publish,EARLY ACTION {county}: flood plan ACTIVATED. Support starts before the flood. Follow chiefs and radio. {source}
aap_activated,sms,nus,Nuer,KƐL GƆRNI̱ {county}: ca̱a̱p kɛ kui̱ li̱eŋni̱ la̱t. /Ka̱n luäk tok kɛ nhiam.,75,,NO - fix {county}/{LEVEL}/{source} by hand,DRAFT machine translation - not validated; do not publish,EARLY ACTION {county}: flood plan ACTIVATED. Support starts before the flood. Follow chiefs and radio. {source}
flood,radio,din,Dinka (NLLB: Southwestern Dinka),"Wɛ̈ɛ̈r path tënë kɔc cï gam {county}. Yen ë wɛ̈t de tuany {level} tënë {county}, {state}. {why} Në nïn thiɔ̈ɔ̈ŋ yiic, lɛ̈ukë bäk mïth ku kɔc cï tuaany ku kɔc la gup käpuɔth kɔ̈k bɛ̈n kuɔny yiic tueŋ; camkë miëth, kuat ku kuat athördït apɛi ku duɔ̈kkë riɔ̈c; kuɔnykë läi apath ku titkë riäth ke cï guiir; ku luɔikë pïu path bïk tuaany cïï ya tuaany. Ku piŋkë tɛ̈n benë akölë në thaa töŋ thöŋ ku buɔthkë bänykun ku kɔc mac baai. Wɛ̈t cï guiir {source}.",450,,yes,DRAFT machine translation - not validated; do not publish,"Good day, listeners in {county}. This is a {level} flood message for {county}, {state}. {why} Over the coming days, please: move children, the elderly and people with disabilities to high ground first; keep food, seed and important papers high and dry; move animals early and keep boats ready; and use safe water to avoid cholera. Listen again tomorrow at the same time and follow your chief and local authorities. Message prepared by {source}."
flood,radio,nus,Nuer,"Gɔaa ni̱n, ji̱ tiecni rɛy {county}. Ɛ jɛn {level} ri̱e̱t mi̱ ca la̱t kɛ kui̱ muɔ̱ɔ̱n {county} {state} {why} Kɛ kɔr ni̱ni̱ ti̱ bi̱ ben, nhɔakɛ: naŋɛ gaat, nɛy tin di̱t kɛnɛ nɛy tin tekɛ ria̱a̱ŋ nhial kɛ nhiam; guicɛ mi̱eth, kuay kɛnɛ warɛgakni̱ tin gɔw kɛ pek mi̱ di̱i̱t kä ti̱ ci̱ ro̱ŋ; naŋɛ leeyni̱ kɛ tuk mi̱ thia̱k kɛnɛ yiëër ti̱ ca rialikä; kä la̱tkɛ pi̱w mi̱ gɔaa kɛ ɣöö ba ko̱lerä gaŋ.",391,,NO - fix {county}/{LEVEL}/{source} by hand,DRAFT machine translation - not validated; do not publish,"Good day, listeners in {county}. This is a {level} flood message for {county}, {state}. {why} Over the coming days, please: move children, the elderly and people with disabilities to high ground first; keep food, seed and important papers high and dry; move animals early and keep boats ready; and use safe water to avoid cholera. Listen again tomorrow at the same time and follow your chief and local authorities. Message prepared by {source}."
drought,radio,din,Dinka (NLLB: Southwestern Dinka),"Good day, listeners in {county}. Yen ee {level} dry spell message tënë {county}, {state}. {why} Në nïn bï bɛ̈n, lɛ̈k yï: muɔ̈ɔ̈kkë pïu ku kuɔnykë kɔ̈th ë piiny; guiir tɛ̈ ye kɔc luui thïn në tueŋ ku jɔl ya tɛ̈ bï kek rëër thïn apath; cuat piny agut bï tueny ben dhuk; ku dötkë kɔc cï tuaany ku kɔc tuany në ɣɔ̈ntöök. Cɛtkë wël bɛn bɛ̈ɛ̈i. Wɛ̈t cï guiir në {source}.",365,,yes,DRAFT machine translation - not validated; do not publish,"Good day, listeners in {county}. This is a {level} dry-spell message for {county}, {state}. {why} Over the coming days, please: save water and protect water points; plan grazing moves early and peacefully; delay new planting until rain returns; and check on the elderly and the sick in the heat. Listen again tomorrow. Message prepared by {source}."
drought,radio,nus,Nuer,"Gɔaa ni̱n, ji̱ tiecni rɛy {county}. Ɛ jɛn {level} ruac mi̱ ca la̱t kɛ kui̱i̱ muɔ̱ɔ̱n mi̱ ro̱ŋ {county} {state} {why} Kɛ kɔr ni̱ni̱ ti̱ bi̱ ben, nhɔakɛ: luäkɛ pi̱w kä gaŋɛ gua̱a̱th ti̱e̱c pi̱wni̱; carɛ ɣöö bi̱ yiëër wä raar kɛ pɛ̈th kɛnɛ mal; ŋua̱li̱ pith mi̱ pay ben amäni̱ mi̱ ci̱ nhiaal loc jɔk; kä guicɛ nɛy tin di̱t kɛnɛ nɛy tin ci̱ li̱w kɛ gua̱th mi̱ thia̱k. Liɛŋɛ jɛ nyɔk kɛ runwaŋ. Mi̱ ca rialikä ɛ",405,,NO - fix {county}/{LEVEL}/{source} by hand,DRAFT machine translation - not validated; do not publish,"Good day, listeners in {county}. This is a {level} dry-spell message for {county}, {state}. {why} Over the coming days, please: save water and protect water points; plan grazing moves early and peacefully; delay new planting until rain returns; and check on the elderly and the sick in the heat. Listen again tomorrow. Message prepared by {source}."
river,radio,din,Dinka (NLLB: Southwestern Dinka),"Wɛ̈ɛ̈r path, kɔc cï wɛ̈t bɛ̈n piŋ në thiɛɛk {county}. Kuɔɔny de lɔ̈ɔ̈m {county} acï nyuɔ̈th piiny tɔ̈u dït apɛi. Piiny alëu bï juak apɛi në pɛ̈i thiɔ̈k yiic. Lëkkë bïk riäth guiir, ku jɔl ya läi ku mïïth tɔ̈ thïn tëthiääk kek piny, ku buɔthkë bɛ̈nykun ku ɣän ke baai. Wɛ̈t cï guiir ë {source}.",293,,yes,DRAFT machine translation - not validated; do not publish,"Good day, listeners in {county}. The river gauge serving {county} shows a high water level. Water can rise further in the coming weeks. Please keep boats ready, move animals and stored food near high ground, and follow your chief and local authorities. Message prepared by {source}."
river,radio,nus,Nuer,"Gua̱a̱th mi̱ gɔaa, nɛy tin li̱eŋkɛ rɛy pi̱i̱ni̱ ti̱ti̱ {county}. Rɔm mi̱ la̱tkɛ {county} nyothɛ ɣöö te pi̱w ɛ mi̱ di̱t. Pi̱w dɔ̱ŋ derɛ wä nhial ɛlɔ̱ŋ rɛy juɔkni̱ tin bi̱ ben. Lätni̱ riey ti̱ ca rialikä, naŋɛ leeyni̱ kɛnɛ mi̱eth mi̱ ca tɔ̱w thi̱n thia̱k kɛ wi̱c mi̱ ro̱ŋ, kä guɔ̱ɔ̱r",281,,NO - fix {county}/{LEVEL}/{source} by hand,DRAFT machine translation - not validated; do not publish,"Good day, listeners in {county}. The river gauge serving {county} shows a high water level. Water can rise further in the coming weeks. Please keep boats ready, move animals and stored food near high ground, and follow your chief and local authorities. Message prepared by {source}."
