Date - UTC,L_victoria - Water Surface Elevation - values(m),L_victoria - Water Surface Elevation - uncertainty(m)
1992/09/28 04:56:00,1135.32,0.08
1992/10/18 16:50:00,1135.3,0.08
1992/11/15 21:12:00,1135.36,0.08
1992/12/16 15:04:00,1135.43,0.1
1993/01/14 03:21:00,1135.54,0.07
1993/02/13 10:26:00,1135.49,0.08
1993/03/16 19:47:00,1135.45,0.08
1993/04/19 09:43:00,1135.46,0.09
1993/05/14 14:09:00,1135.57,0.1
1993/06/13 21:14:00,1135.64,0.09
1993/07/12 08:31:00,1135.49,0.1
1993/08/16 18:14:00,1135.35,0.09
1993/09/19 08:09:00,1135.23,0.08
1993/10/18 21:43:00,1135.11,0.06
1993/11/18 04:48:00,1135.11,0.07
1993/12/18 11:52:00,1135.08,0.1
1994/01/17 01:26:00,1135,0.08
1994/02/15 06:14:00,1134.95,0.08
1994/03/19 17:52:00,1134.98,0.08
1994/04/17 05:09:00,1135.06,0.09
1994/05/16 18:43:00,1135.2,0.07
1994/06/14 23:31:00,1135.27,0.06
1994/07/16 08:52:00,1135.2,0.08
1994/08/13 20:09:00,1135.14,0.08
1994/09/12 09:43:00,1135.03,0.11
1994/10/17 19:26:00,1135,0.08
1994/11/22 05:09:00,1135.11,0.09
1994/12/20 16:26:00,1135.27,0.09
1995/01/18 21:14:00,1135.22,0.08
1995/02/16 08:31:00,1135.23,0.08
1995/03/20 20:09:00,1135.23,0.07
1995/04/19 09:43:00,1135.36,0.08
1995/05/19 16:47:00,1135.47,0.07
1995/06/17 21:36:00,1135.52,0.08
1995/07/18 13:26:00,1135.41,0.08
1995/08/14 22:26:00,1135.37,0.08
1995/09/14 05:31:00,1135.24,0.07
1995/10/12 16:47:00,1135.22,0.07
1995/11/13 02:09:00,1135.23,0.07
1995/12/22 12:14:00,1135.23,0.08
1996/01/21 03:07:00,1135.27,0.09
1996/02/19 09:50:00,1135.39,0.05
1996/03/21 03:41:00,1135.39,0.07
1996/04/18 16:50:00,1135.63,0.08
1996/05/20 04:16:00,1135.65,0.08
1996/06/17 08:38:00,1135.65,0.06
1996/07/18 02:29:00,1135.6,0.09
1996/08/16 09:12:00,1135.48,0.08
1996/09/15 00:43:00,1135.47,0.08
1996/10/14 16:13:00,1135.45,0.09
1996/11/12 22:56:00,1135.39,0.09
1996/12/13 08:00:00,1135.39,0.09
1997/01/15 23:09:00,1135.4,0.08
1997/02/15 06:14:00,1135.3,0.07
1997/03/17 22:04:00,1135.22,0.08
1997/04/22 07:48:00,1135.3,0.08
1997/05/22 14:52:00,1135.48,0.07
1997/06/20 02:09:00,1135.42,0.09
1997/07/20 09:14:00,1135.31,0.09
1997/08/22 23:09:00,1135.22,0.07
1997/09/17 03:35:00,1135.1,0.09
1997/10/17 19:26:00,1134.95,0.08
1997/11/15 06:43:00,1135.17,0.09
1997/12/15 13:47:00,1135.59,0.12
1998/01/09 00:43:00,1135.93,0.09
1998/02/11 14:38:00,1136.13,0.07
1998/03/15 17:31:00,1136.15,0.1
1998/04/14 07:04:00,1136.26,0.08
1998/05/12 18:21:00,1136.46,0.09
1998/06/17 04:04:00,1136.5,0.07
1998/07/19 15:43:00,1136.37,0.07
1998/08/20 18:35:00,1136.19,0.07
1998/09/17 03:35:00,1136.14,0.07
1998/10/18 21:43:00,1136.1,0.08
1998/11/16 00:14:00,1136.08,0.09
1998/12/17 09:35:00,1135.99,0.07
1999/01/13 01:04:00,1136.03,0.09
1999/02/13 10:26:00,1135.89,0.09
1999/03/17 22:04:00,1135.9,0.08
1999/04/15 09:21:00,1136.04,0.09
1999/05/15 16:26:00,1136.21,0.09
1999/06/13 03:43:00,1136.03,0.08
1999/07/14 13:04:00,1135.88,0.07
1999/08/13 02:38:00,1135.76,0.07
1999/09/21 03:57:00,1135.73,0.08
1999/10/19 15:14:00,1135.71,0.08
1999/11/13 02:09:00,1135.7,0.08
1999/12/18 11:52:00,1135.8,0.08
2000/01/20 00:46:00,1135.73,0.08
2000/02/13 13:17:00,1135.61,0.1
2000/03/20 01:20:00,1135.53,0.11
2000/04/16 12:08:00,1135.52,0.07
2000/05/13 22:56:00,1135.58,0.1
2000/06/13 08:00:00,1135.44,0.08
2000/07/18 02:29:00,1135.3,0.09
2000/08/16 09:12:00,1135.17,0.11
2000/09/16 03:04:00,1135.09,0.1
2000/10/13 13:52:00,1135.04,0.07
2000/11/18 01:55:00,1135.09,0.11
2000/12/19 13:20:00,1135.22,0.08
2001/01/17 01:26:00,1135.3,0.1
2001/02/14 12:43:00,1135.35,0.12
2001/03/17 22:04:00,1135.26,0.09
2001/04/19 09:43:00,1135.36,0.09
2001/05/20 19:04:00,1135.41,0.09
2001/06/16 01:48:00,1135.42,0.08
2001/07/15 15:21:00,1135.34,0.07
2001/08/16 00:43:00,1135.28,0.09
2001/09/16 10:04:00,1135.23,0.07
2001/10/17 19:26:00,1135.27,0.13
2001/11/11 06:21:00,1135.31,0.11
2001/12/15 13:47:00,1135.3,0.09
2002/01/18 21:14:00,1135.31,0.08
2002/02/17 10:47:00,1135.24,0.09
2002/03/18 15:35:00,1135.32,0.09
2002/04/16 02:52:00,1135.41,0.1
2002/05/18 14:31:00,1135.62,0.09
2002/06/17 21:36:00,1135.57,0.1
2002/07/20 09:14:00,1135.4,0.08
2002/08/14 22:26:00,1135.31,0.09
2002/09/18 05:52:00,1135.15,0.07
2002/09/30 07:44:00,1135.24,0.26
2002/10/14 20:24:00,1135.14,0.22
2002/11/18 20:16:00,1135.21,0.23
2002/12/23 19:38:00,1135.25,0.25
2003/01/30 12:52:00,1135.34,0.23
2003/03/08 13:22:00,1135.24,0.22
2003/04/11 21:52:00,1135.19,0.19
2003/05/07 02:10:00,1135.34,0.24
2003/06/17 03:27:00,1135.4,0.21
2003/07/22 00:25:00,1135.34,0.21
2003/08/26 01:28:00,1135.22,0.22
2003/09/29 05:16:00,1135.13,0.22
2003/11/03 19:07:00,1135.08,0.21
2003/12/09 03:02:00,1135.11,0.24
2004/01/12 21:52:00,1135.08,0.22
2004/02/16 21:13:00,1135.02,0.22
2004/03/22 22:53:00,1134.99,0.23
2004/04/26 22:21:00,1135.13,0.26
2004/06/01 02:11:00,1135.16,0.21
2004/07/05 21:24:00,1134.92,0.2
2004/08/09 22:31:00,1134.77,0.21
2004/09/13 20:15:00,1134.65,0.22
2004/10/21 04:29:00,1134.59,0.22
2004/11/22 22:09:00,1134.61,0.23
2004/12/28 02:28:00,1134.62,0.24
2005/01/31 20:28:00,1134.62,0.24
2005/03/07 17:02:00,1134.55,0.23
2005/04/11 20:17:00,1134.61,0.24
2005/05/15 23:23:00,1134.62,0.25
2005/06/21 06:55:00,1134.67,0.22
2005/07/26 00:42:00,1134.5,0.21
2005/08/31 21:28:00,1134.38,0.19
2005/10/04 04:08:00,1134.35,0.22
2005/11/07 20:13:00,1134.31,0.21
2005/12/13 04:45:00,1134.24,0.21
2006/01/16 21:07:00,1134.12,0.23
2006/02/20 16:12:00,1134.06,0.22
2006/03/27 18:15:00,1134.14,0.25
2006/04/28 02:09:00,1134.26,0.24
2006/07/11 02:56:00,1134.25,0.21
2006/08/14 23:47:00,1134.14,0.22
2006/09/20 06:29:00,1134.09,0.21
2006/10/23 19:18:00,1133.99,0.21
2006/11/27 08:38:00,1134.16,0.29
2007/01/03 22:52:00,1134.52,0.26
2007/02/05 22:52:00,1134.64,0.24
2007/03/15 08:37:00,1134.7,0.24
2007/04/16 19:35:00,1134.69,0.25
2007/05/21 18:39:00,1134.77,0.22
2007/06/26 14:24:00,1134.78,0.22
2007/07/30 19:27:00,1134.75,0.22
2007/09/04 01:54:00,1134.75,0.22
2007/10/14 15:27:00,1134.73,0.22
2007/11/12 19:17:00,1134.69,0.22
2007/12/17 21:13:00,1134.68,0.22
2008/01/21 13:29:00,1134.7,0.23
2008/02/25 21:33:00,1134.72,0.23
2008/03/31 17:54:00,1134.77,0.25
2008/05/06 23:49:00,1134.91,0.21
2008/06/09 21:37:00,1134.89,0.22
2008/07/15 00:24:00,1134.76,0.21
2008/08/18 22:37:00,1134.68,0.21
2008/09/22 20:59:00,1134.63,0.22
2008/10/27 20:20:00,1134.69,0.23
2008/12/01 22:25:00,1134.75,0.21
2009/01/05 19:34:00,1134.74,0.22
2009/02/10 01:46:00,1134.75,0.22
2009/03/16 19:27:00,1134.75,0.23
2009/04/20 17:26:00,1134.87,0.24
2009/05/25 21:08:00,1135,0.23
2009/06/30 00:34:00,1134.91,0.22
2009/08/04 02:03:00,1134.73,0.21
2009/09/08 00:45:00,1134.61,0.21
2009/10/12 22:09:00,1134.57,0.21
2009/11/17 01:03:00,1134.57,0.23
2009/12/21 07:55:00,1134.63,0.25
2010/01/26 23:59:00,1134.73,0.23
2010/03/01 20:42:00,1134.78,0.25
2010/04/05 23:38:00,1134.95,0.25
2010/05/10 20:13:00,1135.11,0.25
2010/06/15 01:48:00,1135.12,0.22
2010/07/20 01:37:00,1134.97,0.21
2010/08/23 22:33:00,1134.86,0.23
2010/08/29 03:22:00,1134.79,0.31
2010/09/08 01:21:00,1134.76,0.34
2010/09/17 23:20:00,1134.8,0.32
2010/09/27 21:18:00,1134.78,0.32
2010/10/07 19:17:00,1134.77,0.32
2010/10/17 17:15:00,1134.74,0.32
2010/10/27 15:14:00,1134.75,0.32
2010/11/06 13:12:00,1134.72,0.32
2010/11/16 11:11:00,1134.73,0.32
2010/11/26 09:09:00,1134.69,0.32
2010/12/06 07:08:00,1134.73,0.3
2010/12/16 05:06:00,1134.74,0.31
2010/12/26 03:05:00,1134.67,0.32
2011/01/05 01:03:00,1134.67,0.33
2011/01/14 23:02:00,1134.7,0.32
2011/01/24 21:00:00,1134.7,0.33
2011/02/03 18:59:00,1134.69,0.32
2011/02/13 16:57:00,1134.66,0.34
2011/02/23 14:56:00,1134.64,0.32
2011/03/05 12:54:00,1134.63,0.32
2011/03/15 10:53:00,1134.57,0.31
2011/03/25 08:51:00,1134.66,0.34
2011/04/04 06:50:00,1134.73,0.33
2011/04/14 04:49:00,1134.7,0.32
2011/04/24 02:47:00,1134.68,0.33
2011/05/04 00:46:00,1134.7,0.32
2011/05/13 22:44:00,1134.74,0.32
2011/05/23 20:43:00,1134.75,0.33
2011/06/02 18:41:00,1134.77,0.32
2011/06/12 16:40:00,1134.7,0.3
2011/06/22 14:38:00,1134.72,0.34
2011/07/02 12:37:00,1134.66,0.31
2011/07/12 10:35:00,1134.65,0.33
2011/07/22 08:34:00,1134.62,0.31
2011/08/01 06:32:00,1134.61,0.32
2011/08/11 04:31:00,1134.57,0.33
2011/08/21 02:29:00,1134.57,0.33
2011/08/31 00:28:00,1134.55,0.34
2011/09/09 22:26:00,1134.61,0.34
2011/09/19 20:25:00,1134.64,0.32
2011/09/29 18:23:00,1134.66,0.31
2011/10/09 16:22:00,1134.64,0.31
2011/10/19 14:21:00,1134.65,0.31
2011/10/29 12:19:00,1134.7,0.31
2011/11/08 10:18:00,1134.7,0.31
2011/11/18 08:16:00,1134.78,0.32
2011/11/28 06:15:00,1134.74,0.26
2011/12/08 04:13:00,1134.77,0.25
2011/12/27 00:10:00,1134.98,0.33
2012/01/06 22:09:00,1134.95,0.32
2012/01/16 20:07:00,1134.97,0.32
2012/01/26 18:06:00,1134.92,0.33
2012/02/05 16:04:00,1134.89,0.32
2012/02/15 14:03:00,1134.83,0.31
2012/02/25 12:01:00,1134.82,0.34
2012/03/06 10:00:00,1134.77,0.31
2012/03/16 07:58:00,1134.79,0.33
2012/03/26 05:57:00,1134.79,0.33
2012/04/05 03:55:00,1134.76,0.32
2012/04/15 01:54:00,1134.76,0.32
2012/04/25 23:53:00,1134.88,0.33
2012/05/04 21:51:00,1134.91,0.31
2012/05/14 19:50:00,1134.99,0.31
2012/05/24 17:48:00,1135.08,0.33
2012/06/03 15:47:00,1135.11,0.32
2012/06/13 13:45:00,1135.1,0.32
2012/06/23 11:44:00,1135.06,0.34
2012/07/03 09:42:00,1135.06,0.31
2012/07/13 07:41:00,1135.01,0.31
2012/07/23 05:39:00,1134.95,0.32
2012/08/02 03:38:00,1134.99,0.32
2012/08/12 01:36:00,1134.97,0.3
2012/08/21 23:35:00,1134.95,0.32
2012/08/31 21:33:00,1134.97,0.33
2012/09/10 19:32:00,1134.92,0.32
2012/09/20 17:30:00,1134.96,0.33
2012/09/30 15:29:00,1134.95,0.32
2012/10/10 13:27:00,1134.96,0.28
2012/10/20 11:26:00,1135,0.31
2012/10/30 09:24:00,1134.99,0.32
2012/11/09 07:23:00,1135.08,0.33
2012/11/19 05:22:00,1135.05,0.32
2012/11/29 03:20:00,1135.04,0.33
2012/12/09 01:19:00,1135.09,0.32
2012/12/18 23:17:00,1135.16,0.33
2012/12/28 21:16:00,1135.2,0.33
2013/01/07 19:14:00,1135.29,0.32
2013/01/17 17:13:00,1135.24,0.33
2013/01/27 15:11:00,1135.23,0.31
2013/02/06 13:10:00,1135.25,0.32
2013/02/16 11:08:00,1135.22,0.32
2013/02/26 09:07:00,1135.25,0.33
2013/03/08 07:05:00,1135.21,0.33
2013/03/18 05:04:00,1135.18,0.3
2013/04/07 01:01:00,1135.33,0.33
2013/04/16 22:59:00,1135.42,0.32
2013/04/26 20:58:00,1135.51,0.34
2013/05/06 18:56:00,1135.59,0.32
2013/05/16 16:55:00,1135.63,0.33
2013/05/26 14:54:00,1135.6,0.32
2013/06/05 12:52:00,1135.61,0.33
2013/06/15 10:51:00,1135.53,0.3
2013/06/25 08:49:00,1135.52,0.31
2013/07/05 06:48:00,1135.44,0.31
2013/07/15 04:46:00,1135.36,0.32
2013/07/25 02:45:00,1135.32,0.33
2013/08/04 00:43:00,1135.31,0.33
2013/08/13 22:42:00,1135.29,0.33
2013/08/23 20:40:00,1135.31,0.32
2013/09/02 18:39:00,1135.22,0.32
2013/09/12 16:37:00,1135.24,0.33
2013/09/22 14:36:00,1135.25,0.32
2013/10/02 12:34:00,1135.31,0.32
2013/10/12 10:33:00,1135.29,0.31
2013/10/22 08:31:00,1135.26,0.32
2013/11/01 06:30:00,1135.28,0.32
2013/11/11 04:28:00,1135.28,0.32
2013/11/21 02:27:00,1135.29,0.33
2013/12/01 00:26:00,1135.28,0.32
2013/12/10 22:24:00,1135.31,0.33
2013/12/20 20:23:00,1135.37,0.32
2013/12/30 18:21:00,1135.39,0.32
2014/01/09 16:20:00,1135.39,0.32
2014/01/19 14:18:00,1135.37,0.32
2014/01/29 12:17:00,1135.36,0.32
2014/02/08 10:15:00,1135.37,0.33
2014/02/18 08:14:00,1135.34,0.33
2014/02/28 06:12:00,1135.35,0.32
2014/03/10 04:11:00,1135.3,0.32
2014/03/20 02:09:00,1135.3,0.32
2014/03/30 00:08:00,1135.35,0.33
2014/04/08 22:06:00,1135.36,0.34
2014/04/18 20:05:00,1135.46,0.33
2014/04/28 18:03:00,1135.45,0.33
2014/05/08 16:02:00,1135.43,0.33
2014/05/18 14:01:00,1135.48,0.31
2014/05/28 11:59:00,1135.47,0.33
2014/06/07 09:58:00,1135.49,0.33
2014/06/17 07:56:00,1135.49,0.32
2014/06/27 05:55:00,1135.5,0.31
2014/07/07 03:53:00,1135.44,0.32
2014/07/17 01:52:00,1135.37,0.32
2014/07/26 23:50:00,1135.36,0.32
2014/08/05 21:49:00,1135.3,0.33
2014/08/15 19:47:00,1135.31,0.33
2014/08/25 17:46:00,1135.34,0.31
2014/09/04 15:44:00,1135.21,0.22
2014/09/14 13:43:00,1135.37,0.31
2014/09/24 11:41:00,1135.36,0.32
2014/10/04 09:40:00,1135.36,0.31
2014/10/14 07:38:00,1135.36,0.32
2014/10/24 05:37:00,1135.41,0.32
2014/11/03 03:35:00,1135.41,0.32
2014/11/13 01:34:00,1135.42,0.32
2014/11/22 23:33:00,1135.31,0.26
2014/12/02 21:31:00,1135.5,0.33
2014/12/12 19:30:00,1135.48,0.33
2014/12/22 17:28:00,1135.5,0.33
2015/01/01 15:27:00,1135.54,0.32
2015/01/11 13:25:00,1135.52,0.31
2015/01/21 11:24:00,1135.47,0.31
2015/01/31 09:22:00,1135.41,0.33
2015/02/10 07:21:00,1135.4,0.32
2015/02/20 05:19:00,1135.35,0.32
2015/03/02 03:18:00,1135.36,0.32
2015/03/12 01:16:00,1135.3,0.33
2015/03/21 23:15:00,1135.25,0.32
2015/03/31 21:13:00,1135.33,0.34
2015/04/10 19:12:00,1135.39,0.35
2015/04/20 17:10:00,1135.48,0.32
2015/04/30 15:09:00,1135.6,0.33
2015/05/10 13:07:00,1135.67,0.3
2015/05/20 11:06:00,1135.73,0.34
2015/05/30 09:05:00,1135.76,0.32
2015/06/09 07:03:00,1135.76,0.32
2015/06/19 05:02:00,1135.73,0.32
2015/06/29 03:00:00,1135.71,0.33
2015/07/09 00:59:00,1135.71,0.32
2015/07/18 22:57:00,1135.65,0.32
2015/07/28 20:56:00,1135.62,0.32
2015/08/07 18:54:00,1135.58,0.3
2015/08/17 16:53:00,1135.53,0.33
2015/08/27 14:51:00,1135.48,0.32
2015/09/06 12:50:00,1135.54,0.3
2015/09/16 10:48:00,1135.48,0.3
2015/09/26 08:47:00,1135.37,0.3
2015/10/06 06:45:00,1135.4,0.32
2015/10/16 04:44:00,1135.38,0.31
2015/10/26 02:42:00,1135.42,0.34
2015/11/05 00:41:00,1135.48,0.32
2015/11/14 22:40:00,1135.58,0.33
2015/11/24 20:38:00,1135.69,0.33
2015/12/04 18:37:00,1135.75,0.33
2015/12/14 16:35:00,1135.83,0.32
2015/12/24 14:34:00,1135.9,0.33
2016/01/03 12:32:00,1135.92,0.31
2016/01/13 10:31:00,1135.95,0.29
2016/01/23 08:29:00,1135.97,0.32
2016/02/02 06:28:00,1135.94,0.33
2016/02/12 04:26:00,1135.89,0.34
2016/02/22 02:25:00,1135.91,0.32
2016/03/03 00:23:00,1135.85,0.34
2016/03/12 22:22:00,1135.88,0.32
2016/03/22 20:20:00,1135.84,0.32
2016/04/01 18:19:00,1135.83,0.3
2016/04/11 16:17:00,1135.87,0.33
2016/04/21 14:16:00,1135.95,0.31
2016/05/01 12:14:00,1136.07,0.31
2016/05/11 10:13:00,1136.1,0.32
2016/05/21 08:12:00,1136.12,0.33
2016/05/31 06:10:00,1136.11,0.32
2016/06/10 04:09:00,1136.05,0.32
2016/06/20 02:07:00,1135.99,0.32
2016/06/29 00:06:00,1135.97,0.33
2016/07/09 22:04:00,1135.94,0.32
2016/07/19 20:03:00,1135.89,0.33
2016/07/29 18:01:00,1135.81,0.32
2016/08/08 16:01:00,1135.78,0
2016/08/09 07:50:00,1135.77,0.03
2016/08/13 07:46:00,1135.75,0.02
2016/08/17 07:42:00,1135.92,0.03
2016/08/18 13:59:00,1135.73,0.01
2016/08/26 19:46:00,1135.66,0.03
2016/08/28 11:58:00,1135.7,0.01
2016/09/05 07:50:00,1135.66,0.03
2016/09/07 09:56:00,1135.69,0.02
2016/09/09 07:46:00,1135.63,0.02
2016/09/17 07:55:00,1135.62,0.01
2016/09/18 19:49:00,1135.63,0.03
2016/09/22 19:46:00,1135.59,0.03
2016/09/27 05:53:00,1135.62,0.01
2016/10/02 07:50:00,1135.6,0.03
2016/10/06 07:46:00,1135.64,0.02
2016/10/07 03:52:00,1135.62,0.01
2016/10/15 19:49:00,1135.6,0.02
2016/10/17 01:51:00,1135.56,0.01
2016/10/19 19:46:00,1135.57,0.02
2016/10/26 23:49:00,1135.57,0.01
2016/10/29 07:50:00,1135.56,0.03
2016/11/02 07:46:00,1135.54,0.03
2016/11/05 21:48:00,1135.56,0.01
2016/11/11 19:49:00,1135.51,0.03
2016/11/15 19:46:00,1135.53,0.03
2016/11/25 07:50:00,1135.5,0.03
2016/11/25 17:45:00,1135.5,0.01
2016/11/29 07:46:00,1135.53,0.03
2016/12/03 07:42:00,1135.65,0.01
2016/12/05 15:43:00,1135.51,0.01
2016/12/12 19:46:00,1135.5,0.02
2016/12/15 13:42:00,1135.47,0.01
2016/12/22 07:50:00,1135.47,0.03
2016/12/25 11:40:00,1135.43,0.03
2016/12/26 07:46:00,1135.44,0.02
2016/12/30 07:42:00,1135.44,0.03
2017/01/04 09:39:00,1135.45,0.02
2017/01/04 19:49:00,1135.44,0.02
2017/01/08 19:46:00,1135.41,0.02
2017/01/14 07:37:00,1135.43,0.02
2017/01/18 07:50:00,1135.38,0.03
2017/01/22 07:46:00,1135.3,0.02
2017/01/24 05:36:00,1135.35,0.03
2017/01/26 07:42:00,1135.35,0.01
2017/01/31 19:49:00,1135.31,0.02
2017/02/03 03:34:00,1135.3,0.03
2017/02/04 19:46:00,1135.26,0.02
2017/02/13 01:33:00,1135.27,0.01
2017/02/14 07:50:00,1135.26,0.03
2017/02/18 07:46:00,1135.27,0.02
2017/02/22 07:42:00,1135.27,0.04
2017/02/22 23:31:00,1135.31,0.02
2017/02/27 19:49:00,1135.31,0.02
2017/03/03 19:46:00,1135.32,0.02
2017/03/04 21:30:00,1135.33,0.01
2017/03/13 07:50:00,1135.32,0.03
2017/03/14 19:28:00,1135.3,0.01
2017/03/17 07:46:00,1135.34,0.02
2017/03/21 07:42:00,1135.37,0.03
2017/03/24 17:27:00,1135.35,0.01
2017/03/26 19:49:00,1135.37,0.02
2017/03/30 19:46:00,1135.32,0.02
2017/04/03 15:25:00,1135.38,0.02
2017/04/09 07:50:00,1135.37,0.03
2017/04/13 07:46:00,1135.35,0.02
2017/04/13 13:24:00,1135.35,0.01
2017/04/17 07:43:00,1135.33,0.02
2017/04/22 19:49:00,1135.41,0.02
2017/04/23 11:22:00,1135.4,0.01
2017/04/26 19:46:00,1135.43,0.02
2017/05/03 09:21:00,1135.44,0.02
2017/05/06 07:50:00,1135.47,0.03
2017/05/10 07:46:00,1135.51,0.02
2017/05/13 07:20:00,1135.55,0.02
2017/05/14 07:43:00,1135.55,0.05
2017/05/19 19:49:00,1135.53,0.02
2017/05/23 05:18:00,1135.5,0.01
2017/05/23 19:46:00,1135.53,0.02
2017/06/02 03:17:00,1135.5,0.02
2017/06/02 07:50:00,1135.5,0.03
2017/06/06 07:46:00,1135.52,0.02
2017/06/10 07:43:00,1135.47,0.02
2017/06/12 01:15:00,1135.47,0.01
2017/06/15 19:49:00,1135.49,0.02
2017/06/19 19:46:00,1135.44,0.02
2017/06/21 23:14:00,1135.42,0.02
2017/06/29 07:50:00,1135.37,0.03
2017/07/01 21:12:00,1135.38,0.01
2017/07/03 07:46:00,1135.33,0.02
2017/07/07 07:43:00,1135.24,0.06
2017/07/11 19:11:00,1135.36,0
2017/07/12 19:49:00,1135.34,0.02
2017/07/16 19:46:00,1135.3,0.01
2017/07/21 17:09:00,1135.33,0.02
2017/07/26 07:50:00,1135.32,0.02
2017/07/30 07:46:00,1135.27,0.02
2017/07/31 15:08:00,1135.29,0.02
2017/08/03 07:43:00,1135.23,0.06
2017/08/08 19:49:00,1135.26,0.02
2017/08/10 13:06:00,1135.23,0.01
2017/08/12 19:46:00,1135.25,0.02
2017/08/20 11:05:00,1135.22,0.01
2017/08/22 07:50:00,1135.21,0.03
2017/08/26 07:46:00,1135.18,0.02
2017/08/30 07:42:00,1135.18,0.01
2017/08/30 09:03:00,1135.19,0.02
2017/09/04 19:49:00,1135.21,0.03
2017/09/08 19:46:00,1135.21,0.03
2017/09/09 07:02:00,1135.23,0.01
2017/09/18 07:50:00,1135.2,0.03
2017/09/19 05:01:00,1135.19,0.02
2017/09/22 07:46:00,1135.18,0.02
2017/09/26 07:42:00,1135.27,0.04
2017/09/29 02:59:00,1135.22,0.01
2017/10/01 19:49:00,1135.19,0.02
2017/10/05 19:46:00,1135.2,0.02
2017/10/09 00:58:00,1135.17,0.02
2017/10/15 07:50:00,1135.16,0.03
2017/10/18 22:56:00,1135.16,0.01
2017/10/19 07:46:00,1135.16,0.02
2017/10/23 07:43:00,1135.25,0.02
2017/10/28 19:49:00,1135.21,0.02
2017/10/28 20:55:00,1135.23,0.01
2017/11/01 19:46:00,1135.23,0.02
2017/11/07 18:53:00,1135.3,0.01
2017/11/11 07:50:00,1135.28,0.03
2017/11/15 07:46:00,1135.3,0.02
2017/11/17 16:52:00,1135.31,0.01
2017/11/19 07:43:00,1135.23,0.23
2017/11/24 19:49:00,1135.27,0.03
2017/11/27 14:50:00,1135.34,0.02
2017/11/28 19:46:00,1135.31,0.02
2017/12/07 12:49:00,1135.29,0.02
2017/12/08 07:50:00,1135.3,0.03
2017/12/12 07:46:00,1135.31,0.02
2017/12/17 10:47:00,1135.3,0.02
2017/12/21 19:49:00,1135.31,0.02
2017/12/25 19:46:00,1135.3,0.02
2017/12/27 08:46:00,1135.3,0.02
2018/01/04 07:50:00,1135.28,0.03
2018/01/06 06:44:00,1135.27,0.02
2018/01/08 07:46:00,1135.26,0.02
2018/01/12 07:43:00,1135.19,0.01
2018/01/16 04:43:00,1135.24,0.01
2018/01/17 19:49:00,1135.26,0.03
2018/01/21 19:46:00,1135.25,0.02
2018/01/26 02:41:00,1135.25,0.02
2018/01/31 07:50:00,1135.24,0.03
2018/02/04 07:46:00,1135.24,0.02
2018/02/05 00:40:00,1135.22,0.02
2018/02/13 19:49:00,1135.17,0.02
2018/02/14 22:38:00,1135.13,0.02
2018/02/17 19:46:00,1135.16,0.02
2018/02/24 20:37:00,1135.11,0.02
2018/02/27 07:50:00,1135.16,0.04
2018/03/03 07:46:00,1135.19,0.03
2018/03/06 18:35:00,1135.21,0.01
2018/03/07 07:43:00,1135.2,0.02
2018/03/12 19:49:00,1135.22,0.03
2018/03/16 16:34:00,1135.25,0.01
2018/03/16 19:46:00,1135.23,0.02
2018/03/26 07:50:00,1135.29,0.03
2018/03/26 14:32:00,1135.29,0.01
2018/03/30 07:46:00,1135.34,0.02
2018/04/05 12:31:00,1135.34,0.02
2018/04/08 19:49:00,1135.39,0.02
2018/04/12 19:46:00,1135.44,0.02
2018/04/15 10:29:00,1135.45,0.01
2018/04/22 07:50:00,1135.57,0.03
2018/04/25 08:28:00,1135.59,0.01
2018/04/26 07:46:00,1135.63,0.02
2018/05/05 06:27:00,1135.71,0.01
2018/05/05 19:49:00,1135.69,0.02
2018/05/09 19:46:00,1135.7,0.03
2018/05/15 04:25:00,1135.83,0.02
2018/05/19 07:50:00,1135.79,0.03
2018/05/23 07:46:00,1135.81,0.02
2018/05/25 02:24:00,1135.85,0.01
2018/06/01 19:49:00,1135.84,0.02
2018/06/04 00:22:00,1135.88,0.01
2018/06/05 19:46:00,1135.82,0.02
2018/06/13 22:21:00,1135.82,0.01
2018/06/15 07:50:00,1135.82,0.03
2018/06/19 07:46:00,1135.78,0.02
2018/06/23 20:19:00,1135.82,0.01
2018/06/28 19:49:00,1135.83,0.02
2018/07/02 19:46:00,1135.8,0.02
2018/07/03 18:18:00,1135.79,0.02
2018/07/12 07:50:00,1135.73,0.03
2018/07/13 16:16:00,1135.72,0.01
2018/07/16 07:46:00,1135.69,0.02
2018/07/20 07:43:00,1135.69,0.04
2018/07/23 14:15:00,1135.63,0.01
2018/07/25 19:49:00,1135.65,0.02
2018/07/29 19:46:00,1135.65,0.02
2018/08/02 12:13:00,1135.65,0.01
2018/08/08 07:50:00,1135.61,0.03
2018/08/12 07:46:00,1135.58,0.02
2018/08/12 10:12:00,1135.6,0.01
2018/08/16 07:43:00,1135.59,0.03
2018/08/21 19:49:00,1135.58,0.02
2018/08/22 08:10:00,1135.55,0.01
2018/08/25 19:46:00,1135.57,0.03
2018/09/01 06:09:00,1135.58,0.02
2018/09/04 07:50:00,1135.6,0.03
2018/09/08 07:46:00,1135.57,0.02
2018/09/11 04:07:00,1135.57,0.01
2018/09/17 19:49:00,1135.54,0.02
2018/09/21 02:06:00,1135.54,0.01
2018/09/21 19:46:00,1135.53,0.02
2018/10/01 00:05:00,1135.57,0.02
2018/10/01 07:50:00,1135.53,0.03
2018/10/05 07:46:00,1135.49,0.02
2018/10/09 07:43:00,1135.45,0.05
2018/10/10 22:03:00,1135.49,0.01
2018/10/14 19:49:00,1135.48,0.02
2018/10/18 19:46:00,1135.49,0.03
2018/10/20 20:02:00,1135.52,0.02
2018/10/28 07:50:00,1135.51,0.03
2018/10/30 18:00:00,1135.51,0.02
2018/11/01 07:46:00,1135.46,0.02
2018/11/05 07:43:00,1135.48,0.08
2018/11/09 15:59:00,1135.46,0
2018/11/10 19:49:00,1135.47,0.02
2018/11/14 19:46:00,1135.48,0.02
2018/11/19 13:57:00,1135.5,0
2018/11/24 07:50:00,1135.48,0.04
2018/11/28 07:46:00,1135.47,0.02
2018/11/29 11:56:00,1135.48,0.02
2018/12/07 19:49:00,1135.48,0.03
2018/12/09 09:54:00,1135.49,0.01
2018/12/11 19:46:00,1135.53,0.02
2018/12/19 07:53:00,1135.54,0.01
2018/12/21 07:50:00,1135.55,0.03
2018/12/25 07:46:00,1135.58,0.02
2018/12/29 05:51:00,1135.58,0.03
2019/01/03 19:49:00,1135.57,0.03
2019/01/07 19:46:00,1135.6,0.02
2019/01/08 03:50:00,1135.55,0.01
2019/01/17 07:50:00,1135.54,0.03
2019/01/18 01:48:00,1135.5,0.02
2019/01/21 07:46:00,1135.56,0.02
2019/01/25 07:43:00,1135.59,0.1
2019/01/27 23:47:00,1135.55,0.01
2019/01/30 19:49:00,1135.55,0.02
2019/02/03 19:46:00,1135.54,0.02
2019/02/06 21:45:00,1135.54,0.01
2019/02/13 07:50:00,1135.51,0.03
2019/02/16 19:44:00,1135.48,0.02
2019/02/17 07:46:00,1135.49,0.02
2019/02/26 19:49:00,1135.49,0.02
2019/03/02 19:46:00,1135.44,0.02
2019/03/08 15:41:00,1135.48,0.02
2019/03/12 07:50:00,1135.45,0.03
2019/03/16 07:46:00,1135.47,0.02
2019/03/18 13:39:00,1135.48,0.01
2019/03/20 07:43:00,1135.46,0.03
2019/03/25 19:49:00,1135.42,0.03
2019/03/28 11:38:00,1135.48,0.02
2019/03/29 19:46:00,1135.44,0.02
2019/04/08 07:50:00,1135.4,0.03
2019/04/12 07:46:00,1135.41,0.02
2019/04/16 07:43:00,1135.4,0.04
2019/04/17 07:35:00,1135.45,0.02
2019/04/21 19:49:00,1135.41,0.02
2019/04/25 19:46:00,1135.43,0.02
2019/04/27 05:33:00,1135.45,0.02
2019/05/05 07:50:00,1135.46,0.03
2019/05/07 03:32:00,1135.45,0
2019/05/09 07:46:00,1135.47,0.02
2019/05/13 07:43:00,1135.52,0.01
2019/05/17 01:30:00,1135.5,0.03
2019/05/18 19:49:00,1135.51,0.02
2019/05/22 19:46:00,1135.52,0.03
2019/05/26 23:29:00,1135.56,0.01
2019/06/01 07:50:00,1135.59,0.03
2019/06/05 07:46:00,1135.59,0.02
2019/06/05 21:28:00,1135.64,0.01
2019/06/14 19:49:00,1135.6,0.02
2019/06/15 19:26:00,1135.65,0.02
2019/06/18 19:46:00,1135.59,0.02
2019/06/25 17:25:00,1135.58,0
2019/06/28 07:50:00,1135.59,0.03
2019/07/02 07:46:00,1135.61,0.03
2019/07/05 15:23:00,1135.6,0.02
2019/07/06 07:43:00,1135.58,0.02
2019/07/11 19:49:00,1135.59,0.02
2019/07/15 13:22:00,1135.57,0.02
2019/07/15 19:46:00,1135.62,0.02
2019/07/25 07:50:00,1135.55,0.03
2019/07/25 11:20:00,1135.55,0.02
2019/07/29 07:46:00,1135.55,0.02
2019/08/02 07:43:00,1135.58,0.03
2019/08/04 09:19:00,1135.56,0.01
2019/08/07 19:49:00,1135.52,0.03
2019/08/11 19:46:00,1135.53,0.02
2019/08/14 07:17:00,1135.57,0.02
2019/08/21 07:50:00,1135.45,0.03
2019/08/24 05:16:00,1135.42,0.01
2019/08/25 07:46:00,1135.42,0.02
2019/08/29 07:43:00,1135.45,0.03
2019/09/03 03:14:00,1135.49,0.01
2019/09/03 19:49:00,1135.49,0.03
2019/09/07 19:46:00,1135.45,0.02
2019/09/13 01:13:00,1135.51,0.01
2019/09/17 07:50:00,1135.47,0.03
2019/09/21 07:46:00,1135.43,0.02
2019/09/22 23:11:00,1135.45,0.01
2019/09/25 07:43:00,1135.43,0.03
2019/09/30 19:49:00,1135.44,0.02
2019/10/02 21:10:00,1135.5,0.02
2019/10/04 19:46:00,1135.47,0.02
2019/10/12 19:08:00,1135.52,0.02
2019/10/14 07:50:00,1135.52,0.03
2019/10/18 07:46:00,1135.5,0.03
2019/10/22 07:43:00,1135.6,0.02
2019/10/22 17:07:00,1135.54,0.01
2019/10/27 19:49:00,1135.62,0.03
2019/10/31 19:46:00,1135.64,0.02
2019/11/01 15:05:00,1135.59,0.01
2019/11/10 07:50:00,1135.63,0.03
2019/11/11 13:04:00,1135.64,0.01
2019/11/14 07:46:00,1135.67,0.02
2019/11/21 11:02:00,1135.66,0.02
2019/11/23 19:49:00,1135.67,0.02
2019/11/27 19:46:00,1135.75,0.02
2019/12/01 09:01:00,1135.75,0.03
2019/12/07 07:50:00,1135.85,0.04
2019/12/20 19:49:00,1136,0.03
2019/12/21 04:58:00,1136.04,0.01
2019/12/24 19:46:00,1136.03,0.02
2019/12/31 02:57:00,1136.06,0.02
2020/01/03 07:50:00,1136.07,0.03
2020/01/07 07:46:00,1136.09,0.02
2020/01/10 00:55:00,1136.06,0.01
2020/01/11 07:43:00,1136.1,0.01
2020/01/16 19:49:00,1136.1,0.02
2020/01/19 22:54:00,1136.09,0.02
2020/01/20 19:46:00,1136.15,0.02
2020/01/29 20:52:00,1136.19,0.03
2020/01/30 07:50:00,1136.17,0.03
2020/02/03 07:46:00,1136.21,0.02
2020/02/12 19:49:00,1136.3,0.02
2020/02/16 19:46:00,1136.28,0.02
2020/02/18 16:49:00,1136.29,0.01
2020/02/26 07:50:00,1136.3,0.03
2020/02/28 14:48:00,1136.27,0.01
2020/03/01 07:46:00,1136.29,0.02
2020/03/05 07:43:00,1136.37,0.04
2020/03/09 12:46:00,1136.3,0.02
2020/03/10 19:49:00,1136.38,0.03
2020/03/14 19:46:00,1136.37,0.02
2020/03/19 10:45:00,1136.42,0
2020/03/24 07:50:00,1136.46,0.03
2020/03/28 07:46:00,1136.51,0.02
2020/03/29 08:43:00,1136.54,0.01
2020/04/01 07:43:00,1136.56,0.02
2020/04/06 19:49:00,1136.54,0.02
2020/04/08 06:42:00,1136.55,0.01
2020/04/10 19:46:00,1136.51,0.02
2020/04/18 04:40:00,1136.53,0.01
2020/04/20 07:50:00,1136.63,0.03
2020/04/28 02:39:00,1136.72,0.01
2020/04/28 07:43:00,1136.68,0.02
2020/05/07 19:46:00,1136.85,0.02
2020/05/08 00:37:00,1136.77,0.01
2020/05/17 07:50:00,1136.89,0.02
2020/05/17 22:36:00,1136.87,0.01
2020/05/21 07:46:00,1136.85,0.02
2020/05/25 07:43:00,1136.8,0.04
2020/05/27 20:34:00,1136.86,0.01
2020/05/30 19:49:00,1136.83,0.03
2020/06/03 19:46:00,1136.81,0.02
2020/06/06 18:33:00,1136.83,0.01
2020/06/13 07:50:00,1136.77,0.03
2020/06/17 07:46:00,1136.75,0.02
2020/06/26 14:30:00,1136.74,0.01
2020/06/26 19:49:00,1136.72,0.02
2020/06/30 19:46:00,1136.73,0.02
2020/07/06 12:29:00,1136.65,0.01
2020/07/10 07:50:00,1136.64,0.03
2020/07/14 07:46:00,1136.63,0.02
2020/07/16 10:27:00,1136.63,0.02
2020/07/18 07:43:00,1136.61,0.03
2020/07/23 19:49:00,1136.62,0.02
2020/07/26 08:26:00,1136.58,0.02
2020/07/27 19:46:00,1136.58,0.02
2020/08/05 06:24:00,1136.55,0.01
2020/08/06 07:50:00,1136.52,0.03
2020/08/10 07:46:00,1136.5,0.02
2020/08/15 04:23:00,1136.49,0.01
2020/08/19 19:49:00,1136.53,0.02
2020/08/23 19:46:00,1136.48,0.02
2020/08/25 02:21:00,1136.5,0.02
2020/09/02 07:50:00,1136.47,0.03
2020/09/04 00:20:00,1136.43,0.03
2020/09/06 07:46:00,1136.44,0.03
2020/09/10 07:43:00,1136.44,0.01
2020/09/13 22:18:00,1136.45,0.01
2020/09/15 19:49:00,1136.47,0.02
2020/09/19 19:46:00,1136.43,0.03
2020/09/23 20:17:00,1136.42,0.01
2020/09/29 07:50:00,1136.47,0.03
2020/10/03 07:46:00,1136.46,0.02
2020/10/03 18:15:00,1136.49,0.01
2020/10/07 07:43:00,1136.59,0.09
2020/10/13 16:14:00,1136.47,0.01
2020/10/16 19:46:00,1136.44,0.02
2020/10/23 14:12:00,1136.46,0.03
2020/10/26 07:50:00,1136.46,0.03
2020/10/30 07:46:00,1136.45,0.02
2020/11/02 12:11:00,1136.46,0.02
2020/11/03 07:43:00,1136.41,0.04
2020/11/08 19:49:00,1136.43,0.02
2020/11/12 10:09:00,1136.5,0.01
2020/11/12 19:46:00,1136.48,0.02
2020/11/22 07:50:00,1136.54,0.04
2020/11/22 08:08:00,1136.6,0.01
2020/11/26 07:46:00,1136.56,0.03
2020/11/30 07:43:00,1136.76,0.03
2020/12/02 06:07:00,1136.62,0.02
2020/12/09 19:46:00,1136.62,0.02
2020/12/12 04:05:00,1136.64,0.03
2020/12/19 07:50:00,1136.63,0.03
2020/12/22 02:03:00,1136.66,0.02
2020/12/23 07:46:00,1136.62,0.02
2020/12/27 07:43:00,1136.63,0.05
2021/01/01 00:02:00,1136.6,0.04
2021/01/01 19:49:00,1136.67,0.03
2021/01/05 19:46:00,1136.66,0.02
2021/01/10 22:01:00,1136.67,0.01
2021/01/15 07:50:00,1136.69,0.03
2021/01/19 07:46:00,1136.69,0.02
2021/01/20 19:59:00,1136.68,0.01
2021/01/23 07:43:00,1136.71,0.02
2021/01/28 19:49:00,1136.71,0.03
2021/01/30 17:58:00,1136.66,0.02
2021/02/01 19:46:00,1136.69,0.02
2021/02/09 15:56:00,1136.68,0.01
2021/02/11 07:50:00,1136.65,0.03
2021/02/15 07:46:00,1136.68,0.03
2021/02/19 07:43:00,1136.7,0.01
2021/02/19 13:55:00,1136.68,0.02
2021/02/24 19:49:00,1136.64,0.03
2021/02/28 19:46:00,1136.67,0.02
2021/03/01 11:53:00,1136.66,0.02
2021/03/10 07:50:00,1136.62,0.03
2021/03/11 09:52:00,1136.64,0.02
2021/03/14 07:46:00,1136.61,0.02
2021/03/21 07:50:00,1136.58,0.01
2021/03/23 19:49:00,1136.59,0.02
2021/03/27 19:46:00,1136.58,0.02
2021/03/31 05:49:00,1136.63,0.01
2021/04/06 07:50:00,1136.62,0.02
2021/04/10 03:47:00,1136.58,0.01
2021/04/10 07:46:00,1136.68,0.03
2021/04/14 07:43:00,1136.67,0.02
2021/04/19 19:49:00,1136.63,0.02
2021/04/20 01:46:00,1136.66,0.03
2021/04/23 19:46:00,1136.65,0.02
2021/04/29 23:44:00,1136.74,0.02
2021/05/03 07:50:00,1136.76,0.03
2021/05/07 07:46:00,1136.77,0.02
2021/05/09 21:43:00,1136.82,0.01
2021/05/11 07:43:00,1136.9,0.05
2021/05/16 19:49:00,1136.91,0.02
2021/05/19 19:41:00,1136.88,0.03
2021/05/20 19:46:00,1136.87,0.02
2021/05/29 17:40:00,1136.82,0.01
2021/05/30 07:50:00,1136.82,0.03
2021/06/03 07:46:00,1136.79,0.02
2021/06/08 15:38:00,1136.78,0.03
2021/06/12 19:49:00,1136.73,0.02
2021/06/16 19:46:00,1136.72,0.02
2021/06/18 13:37:00,1136.72,0.01
2021/06/26 07:50:00,1136.68,0.03
2021/06/28 11:35:00,1136.7,0.02
2021/06/30 07:46:00,1136.61,0.02
2021/07/04 07:43:00,1136.61,0.04
2021/07/08 09:34:00,1136.61,0.01
2021/07/09 19:49:00,1136.6,0.01
2021/07/13 19:46:00,1136.57,0.02
2021/07/18 07:32:00,1136.49,0.02
2021/07/23 07:50:00,1136.47,0.03
2021/07/27 07:46:00,1136.42,0.02
2021/07/28 05:31:00,1136.42,0.02
2021/08/05 19:49:00,1136.4,0.02
2021/08/07 03:30:00,1136.38,0.01
2021/08/09 19:46:00,1136.41,0.02
2021/08/17 01:28:00,1136.35,0.01
2021/08/19 07:50:00,1136.35,0.03
2021/08/23 07:46:00,1136.35,0.02
2021/08/26 23:27:00,1136.32,0.02
2021/09/01 19:49:00,1136.3,0.02
2021/09/05 19:46:00,1136.3,0.02
2021/09/05 21:25:00,1136.27,0.02
2021/09/15 07:50:00,1136.24,0.03
2021/09/15 19:24:00,1136.25,0.02
2021/09/19 07:46:00,1136.28,0.02
2021/09/23 07:43:00,1136.23,0.13
2021/09/28 19:49:00,1136.28,0.02
2021/10/02 19:46:00,1136.28,0.02
2021/10/05 15:21:00,1136.25,0.01
2021/10/12 07:50:00,1136.25,0.03
2021/10/15 13:20:00,1136.28,0.02
2021/10/16 07:46:00,1136.26,0.03
2021/10/25 19:49:00,1136.28,0.02
2021/10/29 19:46:00,1136.24,0.02
2021/11/04 09:17:00,1136.27,0.01
2021/11/08 07:50:00,1136.24,0.03
2021/11/12 07:46:00,1136.23,0.02
2021/11/14 07:15:00,1136.21,0.01
2021/11/21 19:49:00,1136.23,0.02
2021/11/25 19:46:00,1136.21,0.03
2021/12/04 03:12:00,1136.23,0.01
2021/12/05 07:50:00,1136.27,0.04
2021/12/09 07:46:00,1136.22,0.02
2021/12/13 07:43:00,1136.21,0.02
2021/12/14 01:11:00,1136.21,0.01
2021/12/18 19:49:00,1136.22,0.02
2021/12/22 19:46:00,1136.24,0.02
2021/12/23 23:09:00,1136.23,0.01
2022/01/01 07:50:00,1136.23,0.03
2022/01/02 21:08:00,1136.25,0.01
2022/01/05 07:46:00,1136.22,0.02
2022/01/12 19:06:00,1136.17,0.02
2022/01/14 19:49:00,1136.18,0.02
2022/01/18 19:46:00,1136.16,0.02
2022/01/22 17:05:00,1136.19,0.02
2022/01/28 07:50:00,1136.2,0.02
2022/02/01 07:46:00,1136.23,0.03
2022/02/01 15:03:00,1136.19,0.01
2022/02/05 07:43:00,1136.21,0.01
2022/02/10 19:49:00,1136.21,0.02
2022/02/11 13:02:00,1136.25,0.01
2022/02/14 19:46:00,1136.21,0.02
2022/02/21 11:01:00,1136.31,0.02
2022/02/24 07:50:00,1136.24,0.03
2022/02/28 07:46:00,1136.25,0.02
2022/03/03 08:59:00,1136.28,0.02
2022/03/04 07:43:00,1136.28,0.01
2022/03/09 19:49:00,1136.2,0.02
2022/03/13 06:58:00,1136.21,0.04
2022/03/13 19:46:00,1136.23,0.02
2022/03/23 04:56:00,1136.2,0.02
2022/03/23 07:50:00,1136.22,0.03
2022/03/27 07:46:00,1136.23,0.02
2022/03/31 07:43:00,1136.31,0.01
2022/04/02 02:55:00,1136.25,0.01
2022/04/05 19:49:00,1136.23,0.03
2022/04/09 19:46:00,1136.21,0.02
2022/04/12 00:53:00,1136.19,0.01
2022/04/19 07:50:00,1136.23,0.03
2022/04/21 22:52:00,1136.25,0.02
2022/04/23 07:46:00,1136.29,0.03
2022/04/27 07:43:00,1136.26,0.01
2022/05/01 20:50:00,1136.36,0.02
2022/05/02 19:50:00,1136.31,0.02
2022/05/06 19:46:00,1136.35,0.02
2022/05/11 18:49:00,1136.35,0.02
2022/05/16 07:50:00,1136.38,0.03
2022/05/20 07:46:00,1136.38,0.02
2022/05/21 16:47:00,1136.37,0.01
2022/05/24 07:43:00,1136.24,0.03
2022/05/31 14:46:00,1136.37,0.01
2022/06/02 19:46:00,1136.36,0.02
2022/06/10 12:44:00,1136.35,0.03
2022/06/12 07:50:00,1136.35,0.03
2022/06/16 07:46:00,1136.33,0.02
2022/06/20 07:43:00,1136.3,0.01
2022/06/20 10:43:00,1136.32,0.01
2022/06/25 19:49:00,1136.29,0.02
2022/06/29 19:46:00,1136.27,0.02
2022/06/30 08:41:00,1136.22,0.02
2022/07/09 07:50:00,1136.15,0.03
2022/07/10 06:40:00,1136.15,0.01
2022/07/13 07:46:00,1136.13,0.02
2022/07/17 07:43:00,1136.11,0.01
2022/07/22 19:49:00,1136.05,0.02
2022/07/26 19:46:00,1136.04,0.01
2022/08/05 07:50:00,1136.05,0.03
2022/08/09 00:35:00,1136.04,0.03
2022/08/09 07:46:00,1136.04,0.02
2022/08/13 07:43:00,1136.06,0.02
2022/08/18 19:49:00,1136.04,0.02
2022/08/18 22:34:00,1136.03,0.02
2022/08/22 19:46:00,1135.99,0.02
2022/08/28 20:32:00,1136.01,0.02
2022/09/01 07:50:00,1136,0.03
2022/09/05 07:46:00,1135.96,0.02
2022/09/07 18:31:00,1136.02,0.02
2022/09/09 07:43:00,1136.06,0.01
2022/09/14 19:49:00,1136.01,0.03
2022/09/17 16:30:00,1136.02,0.01
2022/09/18 19:46:00,1135.99,0.03
2022/09/27 14:28:00,1135.99,0.01
2022/09/28 07:50:00,1136.01,0.03
2022/10/02 07:46:00,1135.99,0.02
2022/10/06 07:43:00,1136,0.01
2022/10/07 12:27:00,1135.97,0.01
2022/10/11 19:49:00,1135.99,0.02
2022/10/15 19:46:00,1135.92,0.02
2022/10/17 10:25:00,1135.95,0.01
2022/10/25 07:50:00,1135.95,0.03
2022/10/27 08:24:00,1135.91,0.02
2022/10/29 07:46:00,1135.93,0.02
2022/11/06 06:22:00,1135.93,0.02
2022/11/07 19:49:00,1135.96,0.02
2022/11/11 19:46:00,1135.94,0.02
2022/11/16 04:21:00,1135.98,0.01
2022/11/21 07:50:00,1135.99,0.03
2022/11/25 07:46:00,1136.02,0.03
2022/11/26 02:19:00,1135.99,0.02
2022/12/04 19:49:00,1135.98,0.02
2022/12/06 00:18:00,1135.96,0.03
2022/12/08 19:46:00,1136.03,0.02
2022/12/15 22:16:00,1136.02,0.02
2022/12/18 07:50:00,1136.04,0.03
2022/12/22 07:46:00,1136.06,0.03
2022/12/25 20:15:00,1136.12,0.02
2022/12/26 07:43:00,1135.94,0.25
2023/01/04 18:13:00,1136.12,0.01
2023/01/04 19:46:00,1136.11,0.03
2023/01/14 07:50:00,1136.12,0.03
2023/01/14 16:12:00,1136.12,0.01
2023/01/18 07:46:00,1136.09,0.03
2023/01/22 07:43:00,1136.15,0.01
2023/01/24 14:10:00,1136.08,0.01
2023/01/27 19:49:00,1136.07,0.02
2023/01/31 19:46:00,1136.08,0.02
2023/02/03 12:09:00,1136.04,0.01
2023/02/10 07:50:00,1136.05,0.04
2023/02/13 10:07:00,1136.04,0.01
2023/02/14 07:46:00,1136.03,0.03
2023/02/18 07:43:00,1136.09,0.08
2023/02/23 08:06:00,1136.03,0.02
2023/03/05 06:05:00,1136.04,0.02
2023/03/09 07:50:00,1135.96,0.03
2023/03/13 07:46:00,1136.01,0.03
2023/03/15 04:03:00,1136.01,0.02
2023/03/17 07:43:00,1136.06,0.01
2023/03/22 19:49:00,1136.08,0.03
2023/03/25 02:02:00,1136.09,0.02
2023/03/26 19:46:00,1136.08,0.02
2023/04/04 00:00:00,1136.18,0.02
2023/04/05 07:50:00,1136.21,0.03
2023/04/09 07:46:00,1136.22,0.02
2023/04/13 07:43:00,1136.16,0.09
2023/04/13 21:59:00,1136.16,0.01
2023/04/18 19:49:00,1136.24,0.03
2023/04/22 19:46:00,1136.28,0.02
2023/04/23 19:57:00,1136.26,0.01
2023/05/06 07:46:00,1136.45,0.02
2023/05/10 07:43:00,1136.41,0.01
2023/05/13 15:54:00,1136.46,0.01
2023/05/15 19:49:00,1136.42,0.02
2023/05/19 19:46:00,1136.45,0.02
2023/05/23 13:53:00,1136.42,0.01
2023/05/29 07:50:00,1136.4,0.03
2023/06/02 07:46:00,1136.4,0.02
2023/06/02 11:51:00,1136.37,0.02
2023/06/06 07:43:00,1136.39,0.03
2023/06/11 19:49:00,1136.35,0.02
2023/06/12 09:50:00,1136.36,0.01
2023/06/15 19:46:00,1136.39,0.02
2023/06/22 07:48:00,1136.37,0.01
2023/06/25 07:50:00,1136.37,0.02
2023/06/29 07:46:00,1136.35,0.02
2023/07/02 05:47:00,1136.33,0.01
2023/07/08 19:49:00,1136.27,0.02
2023/07/12 03:45:00,1136.28,0.02
2023/07/12 19:46:00,1136.26,0.02
2023/07/22 01:44:00,1136.18,0.02
2023/07/22 07:50:00,1136.17,0.03
2023/07/23 15:26:00,1136.18,0.01
2023/07/26 07:46:00,1136.14,0.02
2023/07/29 02:37:00,1136.19,0.01
2023/07/31 23:42:00,1136.14,0.02
2023/08/02 13:48:00,1136.12,0.01
2023/08/03 13:49:00,1136.15,0.01
2023/08/04 19:49:00,1136.17,0.03
2023/08/08 00:59:00,1136.13,0.02
2023/08/08 19:46:00,1136.15,0.02
2023/08/10 21:41:00,1136.09,0.01
2023/08/13 12:11:00,1136.09,0.01
2023/08/18 07:50:00,1136.11,0.03
2023/08/18 23:22:00,1136.12,0.01
2023/08/20 19:39:00,1136.05,0.03
2023/08/22 07:46:00,1136.08,0.02
2023/08/23 10:33:00,1135.91,0.05
2023/08/24 10:34:00,1136.08,0.01
2023/08/26 07:43:00,1136.01,0.04
2023/08/28 21:44:00,1136,0.02
2023/08/30 17:38:00,1136.04,0.02
2023/08/31 19:49:00,1136.01,0.02
2023/09/03 08:56:00,1136.02,0.02
2023/09/04 19:46:00,1136,0.03
2023/09/08 20:07:00,1136.06,0.03
2023/09/09 15:37:00,1136.03,0.02
2023/09/13 07:18:00,1135.95,0.08
2023/09/14 07:19:00,1136.02,0.01
2023/09/14 07:50:00,1136.03,0.03
2023/09/18 07:46:00,1136.04,0.03
2023/09/19 13:35:00,1136.07,0.01
2023/09/22 07:43:00,1136.08,0.05
2023/09/27 19:49:00,1136.04,0.02
2023/09/28 16:52:00,1136,0.01
2023/09/29 11:34:00,1136.02,0.01
2023/09/29 16:52:00,1135.99,0.02
2023/10/01 19:46:00,1135.98,0.02
2023/10/04 04:04:00,1136.01,0.01
2023/10/05 04:04:00,1135.93,0.02
2023/10/09 09:32:00,1135.96,0.01
2023/10/09 15:14:00,1135.99,0.01
2023/10/11 07:50:00,1135.97,0.03
2023/10/15 02:26:00,1135.95,0.02
2023/10/15 07:46:00,1135.99,0.02
2023/10/19 07:31:00,1136,0.02
2023/10/19 07:43:00,1135.92,0.06
2023/10/19 13:37:00,1136.03,0
2023/10/20 13:37:00,1135.99,0.02
2023/10/24 19:49:00,1136,0.03
2023/10/25 00:49:00,1135.94,0.01
2023/10/26 00:49:00,1136.02,0.03
2023/10/28 19:46:00,1136.02,0.02
2023/10/29 05:29:00,1135.94,0.02
2023/10/30 11:59:00,1136,0.02
2023/11/04 23:11:00,1136.03,0.02
2023/11/07 07:50:00,1136,0.03
2023/11/08 03:28:00,1136.12,0.04
2023/11/09 10:22:00,1136.06,0.09
2023/11/10 10:22:00,1136.05,0.02
2023/11/11 07:46:00,1136.1,0.02
2023/11/14 21:34:00,1136.1,0.01
2023/11/15 07:43:00,1136.14,0.02
2023/11/15 21:35:00,1136.12,0.02
2023/11/18 01:26:00,1136.1,0.02
2023/11/20 08:44:00,1136.16,0.02
2023/11/20 19:49:00,1136.17,0.03
2023/11/27 23:25:00,1136.23,0.02
2023/11/30 07:07:00,1136.25,0.01
2023/12/01 07:07:00,1136.3,0.02
2023/12/04 07:50:00,1136.31,0.05
2023/12/05 18:19:00,1136.28,0.04
2023/12/06 18:19:00,1136.27,0.02
2023/12/07 21:23:00,1136.3,0.01
2023/12/08 07:46:00,1136.31,0.03
2023/12/11 05:29:00,1136.36,0.01
2023/12/16 16:41:00,1136.38,0.01
2023/12/17 19:22:00,1136.39,0.01
2023/12/17 19:49:00,1136.42,0.02
2023/12/21 19:46:00,1136.41,0.02
2023/12/22 03:52:00,1136.41,0.03
2023/12/26 15:04:00,1136.41,0.01
2023/12/27 15:05:00,1136.35,0.02
2023/12/27 17:20:00,1136.39,0.02
2023/12/31 07:50:00,1136.44,0.03
2024/01/04 07:46:00,1136.48,0.03
2024/01/06 13:27:00,1136.51,0.02
2024/01/06 15:19:00,1136.5,0.02
2024/01/11 00:37:00,1136.51,0.03
2024/01/12 00:37:00,1136.5,0.01
2024/01/13 19:49:00,1136.56,0.03
2024/01/16 11:49:00,1136.55,0
2024/01/16 13:17:00,1136.57,0.02
2024/01/17 11:50:00,1136.55,0
2024/01/17 19:46:00,1136.58,0.02
2024/01/21 23:00:00,1136.54,0.01
2024/01/26 11:16:00,1136.58,0.02
2024/01/27 07:50:00,1136.57,0.05
2024/01/27 10:12:00,1136.58,0.01
2024/01/31 07:46:00,1136.58,0.03
2024/01/31 21:23:00,1136.54,0.02
2024/02/01 21:22:00,1136.57,0.02
2024/02/04 07:43:00,1136.46,0.05
2024/02/05 09:14:00,1136.59,0.02
2024/02/06 08:34:00,1136.67,0
2024/02/07 08:35:00,1136.61,0.05
2024/02/11 19:45:00,1136.65,0.02
2024/02/13 19:46:00,1136.64,0.02
2024/02/15 07:13:00,1136.63,0.01
2024/02/17 06:57:00,1136.63,0.01
2024/02/21 18:08:00,1136.66,0
2024/02/22 18:07:00,1136.67,0.02
2024/02/23 07:50:00,1136.67,0.03
2024/02/25 05:11:00,1136.61,0.02
2024/02/27 05:19:00,1136.66,0.02
2024/02/27 07:46:00,1136.63,0.02
2024/02/28 05:20:00,1136.69,0.03
2024/03/02 07:43:00,1136.62,0.01
2024/03/03 16:30:00,1136.63,0.01
2024/03/06 03:10:00,1136.65,0.02
2024/03/07 19:49:00,1136.62,0.03
2024/03/09 03:42:00,1136.63,0.01
2024/03/11 19:46:00,1136.64,0.03
2024/03/14 14:53:00,1136.63,0.02
2024/03/16 01:09:00,1136.63,0.01
2024/03/19 02:04:00,1136.61,0.01
2024/03/20 02:05:00,1136.63,0.02
2024/03/21 07:50:00,1136.6,0.03
2024/03/24 13:15:00,1136.58,0.01
2024/03/25 07:46:00,1136.6,0.02
2024/03/25 23:07:00,1136.56,0.01
2024/03/29 07:43:00,1136.67,0.04
2024/03/30 00:27:00,1136.61,0.02
2024/04/03 11:38:00,1136.65,0.02
2024/04/03 19:49:00,1136.69,0.02
2024/04/04 11:38:00,1136.7,0.03
2024/04/04 21:06:00,1136.68,0.01
2024/04/07 19:46:00,1136.76,0.03
2024/04/08 22:49:00,1136.76,0
2024/04/09 22:50:00,1136.76,0
2024/04/14 10:00:00,1136.83,0.02
2024/04/14 19:04:00,1136.78,0.01
2024/04/17 07:50:00,1136.86,0.03
2024/04/19 21:12:00,1136.86,0.02
2024/04/21 07:46:00,1136.87,0.02
2024/04/24 08:23:00,1136.83,0.06
2024/04/24 17:03:00,1136.87,0.01
2024/04/25 08:23:00,1136.86,0.02
2024/04/29 19:34:00,1136.91,0.01
2024/04/30 19:35:00,1136.93,0.04
2024/04/30 19:49:00,1136.96,0.02
2024/05/04 15:01:00,1137,0.02
2024/05/04 19:46:00,1136.96,0.02
2024/05/05 06:45:00,1137.01,0.01
2024/05/10 17:57:00,1137.03,0.01
2024/05/14 07:50:00,1137.03,0.03
2024/05/14 13:00:00,1137.01,0.01
2024/05/15 05:08:00,1137.08,0.02
2024/05/16 05:08:00,1137.03,0.01
2024/05/18 07:46:00,1137.04,0.03
2024/05/20 16:19:00,1137,0.01
2024/05/21 16:20:00,1137.03,0.01
2024/05/22 07:43:00,1137.1,0.02
2024/05/24 10:58:00,1137.01,0.03
2024/05/26 03:30:00,1136.99,0.03
2024/05/27 19:49:00,1137,0.03
2024/05/31 14:42:00,1137,0.01
2024/05/31 19:46:00,1136.96,0.03
2024/06/03 08:57:00,1136.99,0.02
2024/06/05 01:53:00,1136.86,0
2024/06/06 01:53:00,1137,0.02
2024/06/10 07:50:00,1136.95,0.03
2024/06/10 13:04:00,1137.01,0.01
2024/06/11 13:05:00,1136.97,0.02
2024/06/13 06:55:00,1136.92,0.01
2024/06/14 07:46:00,1136.9,0.02
2024/06/16 00:15:00,1136.93,0.02
2024/06/18 07:43:00,1136.91,0.09
2024/06/21 11:27:00,1136.87,0.02
2024/06/23 04:54:00,1136.84,0.01
2024/06/23 19:49:00,1136.84,0.02
2024/06/26 22:38:00,1136.83,0.03
2024/06/27 19:46:00,1136.78,0.02
2024/07/01 09:50:00,1136.71,0.04
2024/07/02 09:50:00,1136.78,0.01
2024/07/03 02:52:00,1136.76,0.01
2024/07/06 21:00:00,1136.76,0.03
2024/07/07 07:50:00,1136.77,0.03
2024/07/11 07:46:00,1136.74,0.02
2024/07/12 08:12:00,1136.72,0.01
2024/07/13 00:51:00,1136.71,0.02
2024/07/17 19:23:00,1136.71,0.02
2024/07/20 19:49:00,1136.71,0.02
2024/07/22 22:49:00,1136.7,0.01
2024/07/23 06:35:00,1136.67,0.02
2024/07/24 19:46:00,1136.72,0.02
2024/07/27 17:45:00,1136.68,0.01
2024/08/01 20:48:00,1136.65,0.02
2024/08/02 04:57:00,1136.66,0.01
2024/08/03 07:50:00,1136.68,0.02
2024/08/06 16:08:00,1136.67,0.01
2024/08/07 07:46:00,1136.65,0.02
2024/08/07 16:08:00,1136.64,0.02
2024/08/11 18:46:00,1136.62,0.01
2024/08/12 03:20:00,1136.55,0.07
2024/08/13 03:21:00,1136.64,0
2024/08/16 19:49:00,1136.59,0.02
2024/08/17 14:30:00,1136.59,0.02
2024/08/20 19:46:00,1136.69,0.02
2024/08/21 16:45:00,1136.55,0.01
2024/08/23 01:42:00,1136.57,0.01
2024/08/27 12:53:00,1136.53,0.02
2024/08/28 12:53:00,1136.55,0.02
2024/08/30 07:50:00,1136.56,0.03
2024/08/31 14:43:00,1136.54,0.01
2024/09/02 00:05:00,1136.5,0.03
2024/09/03 00:05:00,1136.62,0.01
2024/09/03 07:46:00,1136.55,0.02
2024/09/07 07:43:00,1136.55,0.01
2024/09/10 12:42:00,1136.5,0.01
2024/09/12 19:49:00,1136.5,0.02
2024/09/12 22:27:00,1136.47,0.02
2024/09/16 19:46:00,1136.47,0.02
2024/09/17 09:38:00,1136.56,0
2024/09/18 09:38:00,1136.47,0.02
2024/09/20 10:41:00,1136.45,0.01
2024/09/22 20:50:00,1136.59,0.04
2024/09/23 20:51:00,1136.53,0.01
2024/09/26 07:50:00,1136.47,0.03
2024/09/28 08:01:00,1136.43,0.02
2024/09/30 07:46:00,1136.44,0.02
2024/09/30 08:39:00,1136.43,0.02
2024/10/03 19:13:00,1136.46,0.01
2024/10/04 07:43:00,1136.45,0.04
2024/10/08 06:24:00,1136.46,0.05
2024/10/09 06:23:00,1136.42,0.03
2024/10/09 19:49:00,1136.45,0.03
2024/10/10 06:38:00,1136.4,0.04
2024/10/13 17:35:00,1136.45,0.02
2024/10/13 19:46:00,1136.39,0.02
2024/10/14 17:36:00,1136.42,0.03
2024/10/19 04:46:00,1136.4,0.02
2024/10/20 04:36:00,1136.37,0.02
2024/10/23 07:50:00,1136.45,0.03
2024/10/24 15:58:00,1136.43,0.01
2024/10/27 07:46:00,1136.43,0.02
2024/10/29 03:09:00,1136.38,0.02
2024/10/30 02:35:00,1136.42,0.03
2024/10/30 03:08:00,1136.45,0.02
2024/10/31 07:43:00,1136.48,0
2024/11/03 14:20:00,1136.43,0
2024/11/04 14:21:00,1136.47,0.03
2024/11/05 19:49:00,1136.44,0.02
2024/11/09 00:33:00,1136.45,0.02
2024/11/09 01:31:00,1136.45,0.02
2024/11/09 19:46:00,1136.44,0.02
2024/11/14 12:43:00,1136.42,0.01
2024/11/18 22:32:00,1136.44,0.02
2024/11/18 23:54:00,1136.4,0.02
2024/11/19 07:50:00,1136.45,0.03
2024/11/19 23:54:00,1136.48,0.02
2024/11/23 07:46:00,1136.49,0.03
2024/11/24 11:05:00,1136.51,0.02
2024/11/25 11:06:00,1136.54,0.03
2024/11/28 20:30:00,1136.56,0.02
2024/11/29 22:16:00,1136.55,0.01
2024/12/02 19:49:00,1136.63,0.04
2024/12/05 09:28:00,1136.6,0.02
2024/12/06 19:46:00,1136.64,0.02
2024/12/08 18:29:00,1136.58,0.01
2024/12/09 20:39:00,1136.58,0.01
2024/12/15 07:50:00,1136.66,0.02
2024/12/16 07:51:00,1136.67,0.05
2024/12/18 16:27:00,1136.64,0.02
2024/12/20 07:46:00,1136.61,0.02
2024/12/20 19:01:00,1136.61,0.02
2024/12/24 07:43:00,1136.71,0.01
2024/12/26 06:13:00,1136.65,0.02
2024/12/28 14:26:00,1136.67,0.01
2024/12/29 19:49:00,1136.7,0.03
2024/12/30 17:24:00,1136.65,0
2024/12/31 17:24:00,1136.65,0.02
2025/01/02 19:46:00,1136.63,0.02
2025/01/05 04:35:00,1136.63,0.04
2025/01/06 04:36:00,1136.64,0.01
2025/01/07 12:24:00,1136.62,0.02
2025/01/10 15:46:00,1136.62,0.02
2025/01/12 07:50:00,1136.67,0.03
2025/01/16 02:58:00,1136.6,0.01
2025/01/16 07:46:00,1136.58,0.02
2025/01/17 10:23:00,1136.62,0.02
2025/01/20 07:43:00,1136.6,0
2025/01/20 14:09:00,1136.69,0
2025/01/21 14:09:00,1136.6,0.02
2025/01/25 19:49:00,1136.57,0.02
2025/01/26 01:20:00,1136.52,0.01
2025/01/27 01:21:00,1136.59,0
2025/01/27 08:21:00,1136.59,0.02
2025/01/29 19:46:00,1136.57,0.02
2025/01/31 12:31:00,1136.56,0.01
2025/02/05 23:43:00,1136.56,0.01
2025/02/06 06:20:00,1136.56,0.02
2025/02/08 07:50:00,1136.57,0.03
2025/02/10 10:54:00,1136.64,0.02
2025/02/11 10:54:00,1136.56,0.03
2025/02/12 07:46:00,1136.55,0.02
2025/02/15 22:05:00,1136.53,0.01
2025/02/21 09:16:00,1136.5,0.02
2025/02/21 19:49:00,1136.52,0.02
2025/02/25 19:46:00,1136.48,0.02
2025/02/26 02:17:00,1136.41,0.01
2025/02/26 20:28:00,1136.45,0.02
2025/03/03 07:39:00,1136.54,0.1
2025/03/04 07:39:00,1136.4,0.03
2025/03/07 07:50:00,1136.37,0.03
2025/03/08 00:16:00,1136.37,0.01
2025/03/08 18:50:00,1136.36,0.01
2025/03/11 07:46:00,1136.39,0.02
2025/03/14 06:01:00,1136.4,0.01
2025/03/15 07:43:00,1136.37,0.04
2025/03/17 22:14:00,1136.4,0.01
2025/03/19 17:13:00,1136.37,0.01
2025/03/20 19:49:00,1136.38,0.02
2025/03/24 19:46:00,1136.42,0.02
2025/03/25 04:24:00,1136.43,0.03
2025/03/27 20:13:00,1136.46,0.03
2025/03/29 15:36:00,1136.46,0
2025/03/30 15:36:00,1136.42,0.02
2025/04/03 07:50:00,1136.42,0.03
2025/04/04 02:46:00,1136.46,0.04
2025/04/06 18:11:00,1136.47,0.01
2025/04/07 07:46:00,1136.51,0.02
2025/04/09 13:58:00,1136.51,0.02
2025/04/11 07:43:00,1136.55,0.03
2025/04/14 01:09:00,1136.58,0.02
2025/04/15 01:09:00,1136.53,0.01
2025/04/16 16:10:00,1136.54,0.03
2025/04/16 19:49:00,1136.59,0.03
2025/04/19 12:21:00,1136.63,0.02
2025/04/20 12:21:00,1136.64,0.03
2025/04/20 19:46:00,1136.54,0.02
2025/04/24 23:31:00,1136.57,0.03
2025/04/26 14:08:00,1136.57,0.01
2025/04/30 07:50:00,1136.59,0.03
2025/04/30 10:43:00,1136.57,0.02
2025/05/04 07:46:00,1136.57,0.02
2025/05/04 21:54:00,1136.51,0.02
2025/05/05 21:54:00,1136.6,0.02
2025/05/06 12:07:00,1136.59,0.01
2025/05/08 07:43:00,1136.56,0.02
2025/05/10 09:06:00,1136.65,0.01
2025/05/13 19:50:00,1136.64,0.02
2025/05/15 20:16:00,1136.68,0.02
2025/05/16 10:05:00,1136.67,0.02
2025/05/17 19:46:00,1136.64,0.02
2025/05/21 07:28:00,1136.65,0.02
2025/05/25 18:39:00,1136.69,0.01
2025/05/26 08:04:00,1136.68,0.02
2025/05/26 18:39:00,1136.69,0.02
2025/05/27 07:50:00,1136.69,0.03
2025/05/31 05:51:00,1136.67,0.01
2025/05/31 07:46:00,1136.68,0.02
2025/06/01 05:52:00,1136.63,0.01
2025/06/05 06:02:00,1136.66,0.01
2025/06/05 17:02:00,1136.65,0.02
2025/06/09 19:50:00,1136.64,0.03
2025/06/11 04:14:00,1136.65,0.01
2025/06/13 19:46:00,1136.63,0.02
2025/06/15 04:01:00,1136.58,0.02
2025/06/16 15:24:00,1136.58,0.01
2025/06/21 02:36:00,1136.6,0.02
2025/06/22 02:37:00,1136.55,0.04
2025/06/23 07:50:00,1136.58,0.03
2025/06/25 01:59:00,1136.58,0.02
2025/06/26 13:47:00,1136.58,0.02
2025/06/27 07:46:00,1136.59,0.02
2025/07/02 00:59:00,1136.59,0.02
2025/07/04 23:58:00,1136.55,0.01
2025/07/06 12:10:00,1136.55,0.01
2025/07/06 19:50:00,1136.55,0.02
2025/07/07 12:09:00,1136.56,0.02
2025/07/10 19:46:00,1136.55,0.02
2025/07/11 23:21:00,1136.5,0
2025/07/12 23:22:00,1136.54,0.04
2025/07/14 21:56:00,1136.52,0.01
2025/07/17 10:32:00,1136.55,0.02
2025/07/20 07:50:00,1136.5,0.03
2025/07/22 21:44:00,1136.53,0.02
2025/07/24 07:46:00,1136.52,0.02
2025/07/24 19:55:00,1136.49,0.03
2025/07/28 07:43:00,1136.44,0.05
2025/07/28 08:54:00,1136.45,0.02
2025/08/01 20:06:00,1136.63,0.19
2025/08/02 19:50:00,1136.42,0.02
2025/08/02 20:07:00,1136.43,0.01
2025/08/03 17:53:00,1136.43,0.01
2025/08/06 19:46:00,1136.4,0.02
2025/08/07 07:17:00,1136.41,0.02
2025/08/12 18:29:00,1136.41,0.02
2025/08/13 15:52:00,1136.38,0.03
2025/08/16 07:50:00,1136.41,0.03
2025/08/18 05:39:00,1136.39,0.02
2025/08/20 07:46:00,1136.43,0.02
2025/08/22 16:51:00,1136.41,0.02
2025/08/23 13:50:00,1136.38,0.02
2025/08/23 16:52:00,1136.43,0
2025/08/24 07:43:00,1136.38,0.04
2025/08/28 04:02:00,1136.37,0.02
2025/08/29 19:49:00,1136.39,0.03
2025/09/02 11:49:00,1136.35,0.02
2025/09/02 15:14:00,1136.34,0.02
2025/09/02 19:46:00,1136.39,0.02
2025/09/07 02:25:00,1136.53,0.04
2025/09/08 02:25:00,1136.39,0.02
2025/09/12 07:50:00,1136.35,0.03
2025/09/12 09:48:00,1136.31,0.02
2025/09/12 13:36:00,1136.31,0.02
2025/09/16 07:46:00,1136.3,0.02
2025/09/18 00:47:00,1136.3,0.02
2025/09/22 07:46:00,1136.28,0.01
2025/09/23 11:59:00,1136.27,0.02
2025/09/25 19:50:00,1136.28,0.02
2025/09/27 23:10:00,1136.18,0
2025/09/28 23:10:00,1136.27,0.01
2025/09/29 19:46:00,1136.25,0.03
2025/10/02 05:45:00,1136.22,0.02
2025/10/03 10:21:00,1136.28,0
2025/10/04 10:22:00,1136.23,0.03
2025/10/08 21:32:00,1136.24,0.02
2025/10/09 07:50:00,1136.23,0.03
2025/10/12 03:43:00,1136.22,0.02
2025/10/13 07:46:00,1136.23,0.02
2025/10/14 08:44:00,1136.24,0.02
2025/10/17 07:43:00,1136.28,0.01
2025/10/18 19:55:00,1136.27,0.1
2025/10/19 19:55:00,1136.25,0.03
2025/10/22 01:42:00,1136.11,0.03
2025/10/22 19:50:00,1136.23,0.03
2025/10/24 07:06:00,1136.21,0.01
2025/10/25 07:07:00,1136.16,0.01
2025/10/26 19:46:00,1136.27,0.02
2025/10/29 18:17:00,1136.23,0.03
2025/10/31 23:40:00,1136.23,0.01
2025/11/04 05:29:00,1136.28,0.02
2025/11/05 07:50:00,1136.31,0.03
2025/11/08 16:40:00,1136.29,0
2025/11/09 07:46:00,1136.29,0.02
2025/11/09 16:40:00,1136.3,0.02
2025/11/10 21:39:00,1136.29,0.01
2025/11/13 07:43:00,1136.34,0.03
2025/11/15 03:52:00,1136.24,0.02
2025/11/18 19:49:00,1136.34,0.03
2025/11/19 15:02:00,1136.27,0.03
2025/11/20 19:37:00,1136.27,0.01
2025/11/22 19:46:00,1136.28,0.02
2025/11/25 02:14:00,1136.26,0.01
2025/11/29 13:25:00,1136.22,0
2025/11/30 13:25:00,1136.21,0.02
2025/11/30 17:36:00,1136.24,0.01
2025/12/02 07:50:00,1136.26,0.03
2025/12/05 00:37:00,1136.27,0.1
2025/12/06 00:37:00,1136.2,0.02
2025/12/06 07:46:00,1136.22,0.02
2025/12/10 07:43:00,1136.19,0.02
2025/12/10 11:47:00,1136.18,0.01
2025/12/15 19:49:00,1136.22,0.03
2025/12/15 22:59:00,1136.19,0.01
2025/12/19 19:46:00,1136.25,0.02
2025/12/20 13:33:00,1136.23,0.02
2025/12/21 10:10:00,1136.22,0.01
2025/12/25 21:22:00,1136.33,0.03
2025/12/26 21:22:00,1136.22,0.06
2025/12/29 07:50:00,1136.32,0.05
2025/12/30 11:31:00,1136.27,0.01
2025/12/31 08:32:00,1136.29,0.01
2026/01/02 07:46:00,1136.32,0.02
2026/01/05 19:44:00,1136.3,0.02
2026/01/09 09:30:00,1136.29,0.02
2026/01/10 06:55:00,1136.28,0
2026/01/11 06:55:00,1136.25,0.02
2026/01/11 19:50:00,1136.25,0.02
2026/01/15 18:07:00,1136.24,0.05
2026/01/15 19:46:00,1136.27,0.02
2026/01/16 18:07:00,1136.18,0.02
2026/01/19 07:28:00,1136.24,0.03
2026/01/21 05:17:00,1136.22,0.02
2026/01/25 07:50:00,1136.18,0.03
2026/01/29 05:27:00,1136.21,0.01
2026/01/29 07:46:00,1136.21,0.02
2026/02/02 07:43:00,1136.23,0.03
2026/02/07 19:50:00,1136.17,0.03
2026/02/08 03:25:00,1136.19,0.01
2026/02/11 19:46:00,1136.19,0.02
2026/02/18 01:24:00,1136.19,0.01
2026/02/21 07:50:00,1136.25,0.03
2026/02/25 07:46:00,1136.25,0.02
2026/02/27 23:23:00,1136.23,0.02
2026/03/01 07:43:00,1136.27,0.02
2026/03/06 19:50:00,1136.36,0.02
2026/03/09 21:21:00,1136.32,0.01
2026/03/10 19:46:00,1136.38,0.02
2026/03/19 19:20:00,1136.38,0.02
2026/03/29 17:18:00,1136.5,0.02
2026/04/02 19:50:00,1136.49,0.03
2026/04/06 19:46:00,1136.47,0.02
2026/04/08 15:17:00,1136.5,0.01
2026/04/14 16:18:00,1136.53,0.03
2026/04/16 07:50:00,1136.53,0.03
2026/04/18 13:15:00,1136.51,0.02
2026/04/20 03:30:00,1136.52,0.04
2026/04/20 07:46:00,1136.55,0.02
2026/04/24 14:41:00,1136.47,0.03
2026/04/25 14:40:00,1136.53,0.04
2026/04/28 11:14:00,1136.51,0.02
2026/04/29 19:50:00,1136.56,0.03
2026/04/30 01:52:00,1136.61,0.01
2026/05/03 19:46:00,1136.61,0.02
2026/05/05 13:03:00,1136.61,0.03
2026/05/08 09:12:00,1136.62,0.03
2026/05/11 00:15:00,1136.64,0.03
2026/05/13 07:50:00,1136.66,0.03
2026/05/16 11:25:00,1136.62,0.04
2026/05/17 07:46:00,1136.66,0.02
2026/05/18 07:11:00,1136.64,0.03
2026/05/20 22:37:00,1136.63,0.01
2026/05/21 07:43:00,1136.65,0.03
2026/05/21 22:38:00,1136.59,0.01
2026/05/26 09:48:00,1136.61,0.03
2026/05/26 19:50:00,1136.58,0.02
2026/05/28 05:09:00,1136.58,0.02
2026/05/30 19:46:00,1136.61,0.02
2026/05/31 21:00:00,1136.58,0.03
2026/06/05 08:11:00,1136.51,0.04
2026/06/06 08:11:00,1136.55,0.04
2026/06/07 03:08:00,1136.54,0.03
2026/06/09 07:50:00,1136.55,0.03
2026/06/10 19:22:00,1136.5,0.04
2026/06/11 19:23:00,1136.54,0.02
2026/06/13 07:46:00,1136.51,0.02
2026/06/16 06:33:00,1136.5,0.03
2026/06/17 01:06:00,1136.46,0.02
2026/06/17 07:43:00,1136.5,0.04
2026/06/21 17:45:00,1136.44,0.03
2026/06/22 19:50:00,1136.44,0.02
2026/06/26 19:46:00,1136.41,0.02
2026/06/26 23:05:00,1136.4,0.03
2026/06/27 04:56:00,1136.42,0.04
2026/07/01 16:07:00,1136.37,0.01
2026/07/02 16:08:00,1136.43,0.02
2026/07/06 07:50:00,1136.36,0.03
2026/07/06 21:03:00,1136.35,0.02
2026/07/07 03:18:00,1136.33,0.03
2026/07/10 07:46:00,1136.32,0.03
2026/07/12 14:30:00,1136.31,0.04
2026/07/16 19:02:00,1136.31,0.03
2026/07/17 01:41:00,1136.29,0.02
2026/07/18 01:41:00,1136.32,0.04
2026/07/19 19:50:00,1136.3,0.02
2026/07/22 12:52:00,1136.3,0.01
2026/07/23 12:53:00,1136.26,0.02
2026/07/23 19:46:00,1136.26,0.03
2026/07/26 17:00:00,1136.24,0.02
2026/07/28 00:03:00,1136.26,0.03
2026/08/02 07:50:00,1136.25,0.03
2026/08/02 11:15:00,1136.23,0.03
2026/08/05 14:59:00,1136.2,0.02
2026/08/06 07:46:00,1136.22,0.02
2026/08/06 22:26:00,1136.28,0.1
2026/08/07 22:26:00,1136.27,0.05
2026/08/12 09:37:00,1136.21,0.03
2026/08/13 09:38:00,1136.16,0.01
2026/08/15 19:50:00,1136.18,0.03
2026/08/17 20:48:00,1136.17,0.03
2026/08/19 19:46:00,1136.11,0.02
2026/08/23 08:00:00,1136.09,0.04
2026/08/25 10:56:00,1136.09,0.02
2026/08/27 19:11:00,1136.17,0.12
2026/08/28 19:11:00,1136.11,0.04
2026/08/29 07:50:00,1136.09,0.03
2026/09/02 06:23:00,1136.02,0.01
2026/09/04 08:54:00,1136,0.03
2026/09/06 07:43:00,1136,0.02
2026/09/07 17:33:00,1136.04,0.03
2026/09/11 19:50:00,1135.97,0.02
2026/09/13 04:45:00,1135.95,0.04
2026/09/14 06:53:00,1135.91,0.04
2026/09/15 19:46:00,1135.97,0.02
2026/09/18 15:56:00,1135.95,0.04
2026/09/23 03:08:00,1135.91,0
2026/09/24 03:09:00,1135.95,0.02
2026/09/24 04:52:00,1135.93,0.03
2026/09/25 07:50:00,1135.95,0.03
2026/09/28 14:18:00,1135.93,0.03
2026/09/29 07:46:00,1135.92,0.02
2026/10/03 07:43:00,1135.91,0.03
2026/10/04 01:30:00,1135.87,0.03
2026/10/04 02:50:00,1135.88,0.02
