english,bari,book_page,note,source,status
rain (noun),kudu,105,"also printed ""jave""; reading of the second form is unclear","Bari Grammar and Vocabulary (English-Bari vocabulary), scanned book",read by eye from a scan; old mission spelling; unverified by a Bari speaker
rain (verb),jön,105,,"Bari Grammar and Vocabulary (English-Bari vocabulary), scanned book",read by eye from a scan; old mission spelling; unverified by a Bari speaker
river,bar,107,"the book gives the sentence ""the river is in flood"" under this entry; check the spelling","Bari Grammar and Vocabulary (English-Bari vocabulary), scanned book",read by eye from a scan; old mission spelling; unverified by a Bari speaker
river / stream (also the Nile),kare,107,plural karya,"Bari Grammar and Vocabulary (English-Bari vocabulary), scanned book",read by eye from a scan; old mission spelling; unverified by a Bari speaker
water,fiom,120,,"Bari Grammar and Vocabulary (English-Bari vocabulary), scanned book",read by eye from a scan; old mission spelling; unverified by a Bari speaker
to water / to give water,ru,120,verb,"Bari Grammar and Vocabulary (English-Bari vocabulary), scanned book",read by eye from a scan; old mission spelling; unverified by a Bari speaker
cloud,diko,76,plural dikolo,"Bari Grammar and Vocabulary (English-Bari vocabulary), scanned book",read by eye from a scan; old mission spelling; unverified by a Bari speaker
cold,katerot,76,adjective,"Bari Grammar and Vocabulary (English-Bari vocabulary), scanned book",read by eye from a scan; old mission spelling; unverified by a Bari speaker
hot (very warm),fafe,91,,"Bari Grammar and Vocabulary (English-Bari vocabulary), scanned book",read by eye from a scan; old mission spelling; unverified by a Bari speaker
heat,tu'fafe,90,,"Bari Grammar and Vocabulary (English-Bari vocabulary), scanned book",read by eye from a scan; old mission spelling; unverified by a Bari speaker
warm,feyik,120,adjective,"Bari Grammar and Vocabulary (English-Bari vocabulary), scanned book",read by eye from a scan; old mission spelling; unverified by a Bari speaker
sun,kolong,115,,"Bari Grammar and Vocabulary (English-Bari vocabulary), scanned book",read by eye from a scan; old mission spelling; unverified by a Bari speaker
"earth, ground",kak,82,also kat,"Bari Grammar and Vocabulary (English-Bari vocabulary), scanned book",read by eye from a scan; old mission spelling; unverified by a Bari speaker
"mud, clay",lifo,98,plural lifolon,"Bari Grammar and Vocabulary (English-Bari vocabulary), scanned book",read by eye from a scan; old mission spelling; unverified by a Bari speaker
wind (air),kobungöt,122,also read kobunjöt,"Bari Grammar and Vocabulary (English-Bari vocabulary), scanned book",read by eye from a scan; old mission spelling; unverified by a Bari speaker
"thunder, to thunder",dikun,107,"""roar (thunder)""","Bari Grammar and Vocabulary (English-Bari vocabulary), scanned book",read by eye from a scan; old mission spelling; unverified by a Bari speaker
mountain,mere,98,plural merya,"Bari Grammar and Vocabulary (English-Bari vocabulary), scanned book",read by eye from a scan; old mission spelling; unverified by a Bari speaker
field (garden),melesön,85,plural melesëno,"Bari Grammar and Vocabulary (English-Bari vocabulary), scanned book",read by eye from a scan; old mission spelling; unverified by a Bari speaker
"field (plain, pasture)",kafati,85,,"Bari Grammar and Vocabulary (English-Bari vocabulary), scanned book",read by eye from a scan; old mission spelling; unverified by a Bari speaker
"grass, hay",deru,90,,"Bari Grammar and Vocabulary (English-Bari vocabulary), scanned book",read by eye from a scan; old mission spelling; unverified by a Bari speaker
"herbs, plants, pasture",deti,90,,"Bari Grammar and Vocabulary (English-Bari vocabulary), scanned book",read by eye from a scan; old mission spelling; unverified by a Bari speaker
dry (hard),lo'teyon,81,,"Bari Grammar and Vocabulary (English-Bari vocabulary), scanned book",read by eye from a scan; old mission spelling; unverified by a Bari speaker
"to dry up, to wither",toroddu,81,also roddu,"Bari Grammar and Vocabulary (English-Bari vocabulary), scanned book",read by eye from a scan; old mission spelling; unverified by a Bari speaker
to dry in the sun,lilik,81,,"Bari Grammar and Vocabulary (English-Bari vocabulary), scanned book",read by eye from a scan; old mission spelling; unverified by a Bari speaker
hunger,magor,91,,"Bari Grammar and Vocabulary (English-Bari vocabulary), scanned book",read by eye from a scan; old mission spelling; unverified by a Bari speaker
hungry,ko-magor,91,,"Bari Grammar and Vocabulary (English-Bari vocabulary), scanned book",read by eye from a scan; old mission spelling; unverified by a Bari speaker
to eat,wodya,82,,"Bari Grammar and Vocabulary (English-Bari vocabulary), scanned book",read by eye from a scan; old mission spelling; unverified by a Bari speaker
food,kinio,86,,"Bari Grammar and Vocabulary (English-Bari vocabulary), scanned book",read by eye from a scan; old mission spelling; unverified by a Bari speaker
to drink,möji,81,,"Bari Grammar and Vocabulary (English-Bari vocabulary), scanned book",read by eye from a scan; old mission spelling; unverified by a Bari speaker
milk,le',98,,"Bari Grammar and Vocabulary (English-Bari vocabulary), scanned book",read by eye from a scan; old mission spelling; unverified by a Bari speaker
goat,kine,88,plural idin,"Bari Grammar and Vocabulary (English-Bari vocabulary), scanned book",read by eye from a scan; old mission spelling; unverified by a Bari speaker
cattle,keten,74,plural kissu,"Bari Grammar and Vocabulary (English-Bari vocabulary), scanned book",read by eye from a scan; old mission spelling; unverified by a Bari speaker
ox,duöd,101,plural duonin,"Bari Grammar and Vocabulary (English-Bari vocabulary), scanned book",read by eye from a scan; old mission spelling; unverified by a Bari speaker
fire,kimung,85,reading of the last letters is uncertain,"Bari Grammar and Vocabulary (English-Bari vocabulary), scanned book",read by eye from a scan; old mission spelling; unverified by a Bari speaker
fish,somot,85,,"Bari Grammar and Vocabulary (English-Bari vocabulary), scanned book",read by eye from a scan; old mission spelling; unverified by a Bari speaker
flour,murin,85,,"Bari Grammar and Vocabulary (English-Bari vocabulary), scanned book",read by eye from a scan; old mission spelling; unverified by a Bari speaker
house,kadi,91,plural kadijik,"Bari Grammar and Vocabulary (English-Bari vocabulary), scanned book",read by eye from a scan; old mission spelling; unverified by a Bari speaker
home,mede,91,,"Bari Grammar and Vocabulary (English-Bari vocabulary), scanned book",read by eye from a scan; old mission spelling; unverified by a Bari speaker
village,tur,120,plural turön,"Bari Grammar and Vocabulary (English-Bari vocabulary), scanned book",read by eye from a scan; old mission spelling; unverified by a Bari speaker
parish (group of villages),kadi-jik,101,,"Bari Grammar and Vocabulary (English-Bari vocabulary), scanned book",read by eye from a scan; old mission spelling; unverified by a Bari speaker
people,ngutu,101,,"Bari Grammar and Vocabulary (English-Bari vocabulary), scanned book",read by eye from a scan; old mission spelling; unverified by a Bari speaker
man,lalle,97,,"Bari Grammar and Vocabulary (English-Bari vocabulary), scanned book",read by eye from a scan; old mission spelling; unverified by a Bari speaker
"woman (wife, girl)",nakwan,122,,"Bari Grammar and Vocabulary (English-Bari vocabulary), scanned book",read by eye from a scan; old mission spelling; unverified by a Bari speaker
"child (boy, girl)",nguro,75,plural ngudjik,"Bari Grammar and Vocabulary (English-Bari vocabulary), scanned book",read by eye from a scan; old mission spelling; unverified by a Bari speaker
"head, first, chief",lo'kwe,90,"""the principal, the head, prince""","Bari Grammar and Vocabulary (English-Bari vocabulary), scanned book",read by eye from a scan; old mission spelling; unverified by a Bari speaker
"sick, ill",kamye,91,plural kamyeji; also mimin,"Bari Grammar and Vocabulary (English-Bari vocabulary), scanned book",read by eye from a scan; old mission spelling; unverified by a Bari speaker
fever,muri,85,,"Bari Grammar and Vocabulary (English-Bari vocabulary), scanned book",read by eye from a scan; old mission spelling; unverified by a Bari speaker
pain,minin,101,,"Bari Grammar and Vocabulary (English-Bari vocabulary), scanned book",read by eye from a scan; old mission spelling; unverified by a Bari speaker
medicine,wini,97,plural winilö,"Bari Grammar and Vocabulary (English-Bari vocabulary), scanned book",read by eye from a scan; old mission spelling; unverified by a Bari speaker
"health, cure",tobiet,90,,"Bari Grammar and Vocabulary (English-Bari vocabulary), scanned book",read by eye from a scan; old mission spelling; unverified by a Bari speaker
"to heal, to make well",tobi'u,97,,"Bari Grammar and Vocabulary (English-Bari vocabulary), scanned book",read by eye from a scan; old mission spelling; unverified by a Bari speaker
mosquito,kimurte,98,,"Bari Grammar and Vocabulary (English-Bari vocabulary), scanned book",read by eye from a scan; old mission spelling; unverified by a Bari speaker
to wash,lala,120,,"Bari Grammar and Vocabulary (English-Bari vocabulary), scanned book",read by eye from a scan; old mission spelling; unverified by a Bari speaker
"to hear, to listen",ying,90,,"Bari Grammar and Vocabulary (English-Bari vocabulary), scanned book",read by eye from a scan; old mission spelling; unverified by a Bari speaker
to watch (stay awake),kweli,120,,"Bari Grammar and Vocabulary (English-Bari vocabulary), scanned book",read by eye from a scan; old mission spelling; unverified by a Bari speaker
"watchman, guard",tiyit,120,,"Bari Grammar and Vocabulary (English-Bari vocabulary), scanned book",read by eye from a scan; old mission spelling; unverified by a Bari speaker
"to take care, to protect",tiju,115,,"Bari Grammar and Vocabulary (English-Bari vocabulary), scanned book",read by eye from a scan; old mission spelling; unverified by a Bari speaker
to help,ngara'kin,90,,"Bari Grammar and Vocabulary (English-Bari vocabulary), scanned book",read by eye from a scan; old mission spelling; unverified by a Bari speaker
peace,fa'rana,101,,"Bari Grammar and Vocabulary (English-Bari vocabulary), scanned book",read by eye from a scan; old mission spelling; unverified by a Bari speaker
"road, street",gör,107,plural görön; a broad path for animals is luri't,"Bari Grammar and Vocabulary (English-Bari vocabulary), scanned book",read by eye from a scan; old mission spelling; unverified by a Bari speaker
boat (skiff),kibo-lodit,72,,"Bari Grammar and Vocabulary (English-Bari vocabulary), scanned book",read by eye from a scan; old mission spelling; unverified by a Bari speaker
"month, moon",yafa,98,,"Bari Grammar and Vocabulary (English-Bari vocabulary), scanned book",read by eye from a scan; old mission spelling; unverified by a Bari speaker
morning,tolömo,98,,"Bari Grammar and Vocabulary (English-Bari vocabulary), scanned book",read by eye from a scan; old mission spelling; unverified by a Bari speaker
word,kulyatat,122,plural kulyajin,"Bari Grammar and Vocabulary (English-Bari vocabulary), scanned book",read by eye from a scan; old mission spelling; unverified by a Bari speaker
good,busan,88,,"Bari Grammar and Vocabulary (English-Bari vocabulary), scanned book",read by eye from a scan; old mission spelling; unverified by a Bari speaker
to come,fo,76,,"Bari Grammar and Vocabulary (English-Bari vocabulary), scanned book",read by eye from a scan; old mission spelling; unverified by a Bari speaker
to go away,jölö,88,,"Bari Grammar and Vocabulary (English-Bari vocabulary), scanned book",read by eye from a scan; old mission spelling; unverified by a Bari speaker
"grain, dura (sorghum)",uluti,88,,"Bari Grammar and Vocabulary (English-Bari vocabulary), scanned book",read by eye from a scan; old mission spelling; unverified by a Bari speaker
