english,shilluk,entry_form,word_class,lexicon_meaning,forms_or_examples,used_for,other_matches,source
rain,kødh,kɔ̀t̪,"noun, singular",rain,"kɔ̀t̪-āa, kɔ̀n̪, kɔ̀t̪ á-mʌ̀k-ɪ̀ ‘It rained.’",rain,0,"Remijsen & Ayoker 2024, 2nd ed., doi:10.7488/ds/7770"
rainy season,cwir,cwɪ̂ɪr,"noun, singular","rainy season, approximately April to October","cwɪ̂́ɪɪr̄-āa, cwɪ́ɪɪr̀, pɪ́ɲ bǎa cwɪ̂ɪr ‘It was the rainy season.’",season,0,"Remijsen & Ayoker 2024, 2nd ed., doi:10.7488/ds/7770"
dry season,lew,lɛ́w,"noun, singular",dry season,"lɛ̂́w̄-āa, lɛ́ẁ",dry spell,0,"Remijsen & Ayoker 2024, 2nd ed., doi:10.7488/ds/7770"
drought,mel,mɛ̂ɛl,"noun, singular",drought,"mɛ̂́ɛɛl̄-āa, mɛ́ɛɛl̀",drought; dry spell,0,"Remijsen & Ayoker 2024, 2nd ed., doi:10.7488/ds/7770"
"flood (noun, from heavy rain)",mud,mûut,"noun, singular",flooding,"mûuut-āa, mûuun",flood,0,"Remijsen & Ayoker 2024, 2nd ed., doi:10.7488/ds/7770"
"flood (noun, from a river)",baayø,báaaj-ɔ̀,"noun, singular",flooding,"bấj̄-āa, báj-ɪ̀",flood,0,"Remijsen & Ayoker 2024, 2nd ed., doi:10.7488/ds/7770"
"flood (verb, river)",beedh,bɛ̂ɛɛt̪,intransitive,flood (e.g. river),"à-bɛ̂ɛt̪, ʊ̀-bɛ̂ɛɛt̪-ɔ̀",flood,0,"Remijsen & Ayoker 2024, 2nd ed., doi:10.7488/ds/7770"
river,nam,nâam,"noun, singular",river,"nấaam̄-āa, náaam̀",river gauges,0,"Remijsen & Ayoker 2024, 2nd ed., doi:10.7488/ds/7770"
water,pï,pîi,"noun, plural",water,"pík-áa, pík̀, píii (pertensive with non-pronominal possessor); píii t̪ʌ̂ʌʌw",water,0,"Remijsen & Ayoker 2024, 2nd ed., doi:10.7488/ds/7770"
cloud,pøølø,pɔ̂́ɔɔl̄-ɔ̄,"noun, singular",cloud,"pɔ̂́ɔl̄-āa, pɔ́ɔl-ɪ̀",weather,0,"Remijsen & Ayoker 2024, 2nd ed., doi:10.7488/ds/7770"
storm,atunø,àtūun-ɔ́,"noun, singular",storm,"àtūun-āa, àtūun-ɪ̀",storm,0,"Remijsen & Ayoker 2024, 2nd ed., doi:10.7488/ds/7770"
wind,yømø,jɔ̀ɔɔm-ɔ̀,"noun, singular",wind,"jɔ̀ɔm-āa, jɔ̀ɔm-ɪ̀",weather,0,"Remijsen & Ayoker 2024, 2nd ed., doi:10.7488/ds/7770"
thunder,määrø,mʌ̂ʌʌr-ɔ̀,"noun, singular",thunder,"mʌ̂ʌʌr-āa, mʌ̂ʌr-ɪ̀",weather,0,"Remijsen & Ayoker 2024, 2nd ed., doi:10.7488/ds/7770"
lightning,ogwel,ʊ̀gwɛ̀l,"noun, singular",lightning,"ʊ̀gwɛ̀l-āa, ʊ̀gwɛ̀l",weather,0,"Remijsen & Ayoker 2024, 2nd ed., doi:10.7488/ds/7770"
sun / day,cäng,cʌ̂ŋ,"noun, singular","1. sun 2. day, every day (adverbial use, with kɪ̀ and HFM spec for tone)","cjʌ̂́ʌʌŋ̄-āa, cjʌ́ʌʌŋ̀, kɪ̀ cjʌ̂́ʌʌŋ̄ ‘every day’",heat; day,0,"Remijsen & Ayoker 2024, 2nd ed., doi:10.7488/ds/7770"
hot (adjective),lyëdh,ljêt̪,adjective,hot,"léeet̪̀, pɪ́ɲ léeet̪̀ ‘It is hot.’",heat,0,"Remijsen & Ayoker 2024, 2nd ed., doi:10.7488/ds/7770"
heat (noun),lyëdh,ljēt̪,"noun, singular",heat,no inflected forms based on this base; corresponding forms of léeet̪-ɔ̀ are use,heat,0,"Remijsen & Ayoker 2024, 2nd ed., doi:10.7488/ds/7770"
very cold,lip,lɪ̂p,adjective,very cold,ʊ̀-lɪ̀p-ɔ̀; jɔ̀ɔɔm-ɔ̀ ʊ̀-lɪ̂p-ɔ̀ɔ ‘The wind is very cold (to me).’,temperature,0,"Remijsen & Ayoker 2024, 2nd ed., doi:10.7488/ds/7770"
night,wär,wʌ̂́ʌr,"noun, singular",night,"wʌ̂́ʌʌr-āa, wʌ́ʌʌr̀",time,0,"Remijsen & Ayoker 2024, 2nd ed., doi:10.7488/ds/7770"
month,dwäy,dwʌ̂ʌj,"noun, singular","1. moon, 2. month, 3. yolk (of egg, only in singular)","dwʌ̂́ʌʌj̄-āa, dwʌ́ʌʌj̀ (moon) / dwʌ́ʌʌǹ (month)",time,0,"Remijsen & Ayoker 2024, 2nd ed., doi:10.7488/ds/7770"
week,osboo,ʊ̀sbʊ̂́ʊ,"noun, singular",week,"ʊ̀sbʊ̂́ʊʊ̄-āa, ʊ̀sbʊ́ʊʊ̀",weekly,0,"Remijsen & Ayoker 2024, 2nd ed., doi:10.7488/ds/7770"
tomorrow,dhuki,d̪û́k̄ɪ̄,adverb,"tomorrow, the next day",[S] bîi d̪û́k̄ɪ̄ ‘Do come tomorrow.’,time,0,"Remijsen & Ayoker 2024, 2nd ed., doi:10.7488/ds/7770"
soil / earth / mud,läbø,lʌ̀ʌʌp-ɔ̀,"noun, singular","soil, earth, mud","lʌ̀p-āa, lʌ̀m-ɪ̀",soil,0,"Remijsen & Ayoker 2024, 2nd ed., doi:10.7488/ds/7770"
"earth, ground",piny,pɪ́ɲ,"noun, singular","earth, ground, floor, land, time","pɪ̂́ɲ-āa, píɲ̀, píɲ bǎa bôoorɔ̀ ‘It was evening.’, pɪ́ɲ târ ‘daytime’",higher ground,0,"Remijsen & Ayoker 2024, 2nd ed., doi:10.7488/ds/7770"
dust,tør,tɔ̀r,"noun, singular",dust,"tɔ̀r-āa, tɔ̀r; d̪jàaŋ nàa tɔ̀r ‘an infinite number of cows’",dry spell,0,"Remijsen & Ayoker 2024, 2nd ed., doi:10.7488/ds/7770"
mud,bub,bûp,"noun, singular",mud,"bû́p̄-āa, búm̀",flood,0,"Remijsen & Ayoker 2024, 2nd ed., doi:10.7488/ds/7770"
hill,kwøømø,kwɔ̂́ɔɔm̄-ɔ̄,"noun, singular",hill,"kwɔ̂́ɔm̄-āa, kwɔ́ɔm-ɪ̀",higher ground,0,"Remijsen & Ayoker 2024, 2nd ed., doi:10.7488/ds/7770"
island,kaagø,káaak̀-ɔ̀,"noun, singular",island,"kấaŋ-āa, káaŋ̀-ɪ̀",higher ground,0,"Remijsen & Ayoker 2024, 2nd ed., doi:10.7488/ds/7770"
high river bank,gëlø,géeel-ɔ̀,"noun, singular",high river bank,"gếel̄-āa, géel-ɪ̀",higher ground,0,"Remijsen & Ayoker 2024, 2nd ed., doi:10.7488/ds/7770"
canal (dug from river),agal,àgáal,"noun, singular","canal, dug to convey water from river","àgấaal̄-āa, àgáaal̀",water,0,"Remijsen & Ayoker 2024, 2nd ed., doi:10.7488/ds/7770"
well,yith,jɪ̂ɪt̪,"noun, singular",well,"jɪ̂́ɪɪt̪̄-āa, jɪ́ɪɪǹ̪",water points,0,"Remijsen & Ayoker 2024, 2nd ed., doi:10.7488/ds/7770"
shade,tïbø,tîp-ɔ́,"noun, singular","shadow, shade","tîp-āa, tîm-ɪ̀",heat,0,"Remijsen & Ayoker 2024, 2nd ed., doi:10.7488/ds/7770"
fire break / line,ged,gɛ̂ɛt,"noun, singular","fire break / line / road (man-made road-sized gap in vegetation, to control burning of land to be cleared for agriculture)","gɛ̂ɛɛt-āa, gɛ̂ɛɛn",fire lines (heat),0,"Remijsen & Ayoker 2024, 2nd ed., doi:10.7488/ds/7770"
field / farm,pwödhø,pwòoot̪-ɔ́,"noun, singular","field, farm","pwòot̪-āa, pwòon̪-ì",agriculture,0,"Remijsen & Ayoker 2024, 2nd ed., doi:10.7488/ds/7770"
hoe,køj,kɔ̀c,"noun, plural",hoes,"kɔ̀c-áa, kɔ̀c-ɪ̀",agriculture,1,"Remijsen & Ayoker 2024, 2nd ed., doi:10.7488/ds/7770"
garden,bag,bâk,"noun, singular",garden,"bâaak-āa, bâaaŋ",agriculture,0,"Remijsen & Ayoker 2024, 2nd ed., doi:10.7488/ds/7770"
"grow (a crop, a child)",piidh,pɪ̀ɪɪt̪,"transitive, long high fall class","grow, nurture (e.g. crop, child),","á-pɪ̂́ɪt̪, á-pɪ̀ɪɪt̪-à, á-pɪ̀ɪɪt̪, ʊ̀-pɪ̂́ɪɪt̪-ɔ́, á-pìiit̪ (antipassive, ",agriculture,0,"Remijsen & Ayoker 2024, 2nd ed., doi:10.7488/ds/7770"
maize,ábwög,ábwōok,"noun, singular","maize, refers to the grain, or to a single stalk carrying a cob of grain","ábwōook-āa, ábwōooŋ̀",agriculture,0,"Remijsen & Ayoker 2024, 2nd ed., doi:10.7488/ds/7770"
white sorghum,bøwi,bɔ́wɪ̄ɪ,"noun, singular",white sorghum,"bɔ̂́w̄-āa, bɔ́wɪ̀",agriculture,0,"Remijsen & Ayoker 2024, 2nd ed., doi:10.7488/ds/7770"
rice (plant),pedh,pɛ̂ɛt̪,"noun, singular",rice plant,"pɛ̂́ɛɛt̪̄-āa, pɛ́ɛɛǹ̪",agriculture,0,"Remijsen & Ayoker 2024, 2nd ed., doi:10.7488/ds/7770"
rice (kernels),álaabø,álâaap-ɔ́,"noun, singular",rice kernels,"álâm-āa, álâm-ɪ̀",agriculture,0,"Remijsen & Ayoker 2024, 2nd ed., doi:10.7488/ds/7770"
seeds / seedlings,köödh,kòoot̪,"noun, plural","1. seeds, 2. seedling plants with just a few leaves","kòot̪-áa, kòot̪-ɪ̀",seed,0,"Remijsen & Ayoker 2024, 2nd ed., doi:10.7488/ds/7770"
harvest (also: bite),kaaj,kàaac,"transitive, short with grade low class","1. bite, 2. harvest","á-kấc, á-kàaac-á, á-kàaac, ʊ̀-kàaac-ɔ̀",agriculture,0,"Remijsen & Ayoker 2024, 2nd ed., doi:10.7488/ds/7770"
food,gïncam,gîn-cấm,"noun, singular",food,"gîncấaam-āa, gîncáaam̀",food,0,"Remijsen & Ayoker 2024, 2nd ed., doi:10.7488/ds/7770"
"hunger, famine",käj,kʌ̄c,"noun, singular","hunger, famine","kʌ̄ʌʌc-āa, kʌ̄ʌʌɲ̀, rjáa dâa kʌ̄c ‘I am hungry’; já á-mấk ɪ̀ɪ kʌ̄c ‘I am ",hunger,0,"Remijsen & Ayoker 2024, 2nd ed., doi:10.7488/ds/7770"
milk,cag,càak,"noun, plural",milk,"càaak-áa, càaak",livestock,0,"Remijsen & Ayoker 2024, 2nd ed., doi:10.7488/ds/7770"
cattle,dhök,d̪òk,"noun, plural","1. cattle, 2. cows","d̪òk-áa, d̪òk-ɪ̀",livestock,0,"Remijsen & Ayoker 2024, 2nd ed., doi:10.7488/ds/7770"
cattle camp,kaal,kâal,"noun, singular","1. cattle camp, 2. team (e.g in a game), group of people of similar age, division (e.g. in conflict), 3. Neighbourhood, town, city","kấaal-āa, káaal̀",livestock,0,"Remijsen & Ayoker 2024, 2nd ed., doi:10.7488/ds/7770"
goats,dyëg,djêk,"noun, plural",goats,"djék-áa, djék-ɪ̀",livestock,0,"Remijsen & Ayoker 2024, 2nd ed., doi:10.7488/ds/7770"
goat or sheep,dyel,djɛ̀l,"noun, singular","1. goat or sheep, 2. way of playing the wet game, with 2 x 4 holes (i.e., a reduced form of the full game, which is d̪jàaŋ).","djɛ̀ɛɛl-āa, djɛ̀ɛɛl",livestock,0,"Remijsen & Ayoker 2024, 2nd ed., doi:10.7488/ds/7770"
boat,yäy,jʌ̂ʌj,"noun, singular","boat, vehicle","jʌ̂́ʌʌj̄-āa, j́ʌʌʌj̀; jʌ̂́ʌʌj̄ nâam ‘boat (of river) [disambiguating]’",boats,0,"Remijsen & Ayoker 2024, 2nd ed., doi:10.7488/ds/7770"
canoe,cørøg,cɔ̀rɔ́k,"noun, singular",canoe dug out from a single tree stem,"cɔ̀rɔ̂́k̄, cɔ̀rɔ́ŋ̀",boats,0,"Remijsen & Ayoker 2024, 2nd ed., doi:10.7488/ds/7770"
mosquito,bäyø,bʌ̂́j-ɔ̀,"noun, singular",mosquito,"bʌ̂́j̄-āa, bʌ́j-ɪ̀",malaria,0,"Remijsen & Ayoker 2024, 2nd ed., doi:10.7488/ds/7770"
hospital,ødyadh,ɔ̄ɔt-jāat̪,"noun, singular",hospital,"ɔ̄ɔt-jāaat̪-āa, ɔ̄ɔt-jāaaǹ̪",health,0,"Remijsen & Ayoker 2024, 2nd ed., doi:10.7488/ds/7770"
doctor,akïm,àkî́im,"noun, singular",doctor,"àkî́iim̄-āa, àkíiim̀",health,0,"Remijsen & Ayoker 2024, 2nd ed., doi:10.7488/ds/7770"
diarrhoea (also small intestine),cïn,cíin,"noun, plural","1. small intestine, 2. diarrhoea","cíin-áa, cíin-ɪ̀","cholera, disease",0,"Remijsen & Ayoker 2024, 2nd ed., doi:10.7488/ds/7770"
cough,wøøl,wɔ̀ɔɔl,intransitive,cough,"á-wɔ̀ɔl, ʊ́-wɔ̂́ɔɔl-ɔ́, á-wɔ̀l-ɪ̀ (past iterative)",health,0,"Remijsen & Ayoker 2024, 2nd ed., doi:10.7488/ds/7770"
fever / heat (essence noun),lëdhø,léeet̪-ɔ̀,"noun, singular",heat (2),"lếet̪̄-āa, léen̪-ɪ̀, lếet̪̄-ɪ̄ dèel ‘fever (hotness of the body)’",health,0,"Remijsen & Ayoker 2024, 2nd ed., doi:10.7488/ds/7770"
person with a disability,bøl,bɔ̄ɔl,"noun, singular",person with a disability,"bɔ̄ɔɔl-āa, bɔ̄ɔɔl̀",community,0,"Remijsen & Ayoker 2024, 2nd ed., doi:10.7488/ds/7770"
old person,yuu,jûu,"noun, singular",old person,"jû́uū-āa, júuù",community,0,"Remijsen & Ayoker 2024, 2nd ed., doi:10.7488/ds/7770"
children,nyig,ɲɪ́ɪk,"noun, plural","children, young people, siblings","ɲɪ́ɪk-áa, ɲɪ́ɪk-ɪ̀, ɲɪ́ɪɪ-mɛ̄n ‘his/her siblings, male or female, of same mothe",community,0,"Remijsen & Ayoker 2024, 2nd ed., doi:10.7488/ds/7770"
people,jii,ɟɪ̀ɪ,"noun, plural",people,"ɟɪ̀ɪ-áa, ɟɪ̀ɪ-ɪ̀",community,0,"Remijsen & Ayoker 2024, 2nd ed., doi:10.7488/ds/7770"
"chief, leader",jagø,ɟấaak̄-ɔ̄,"noun, singular","chief, leader","ɟấaŋ-āa, ɟáaŋ-ɪ̀",community,0,"Remijsen & Ayoker 2024, 2nd ed., doi:10.7488/ds/7770"
leader,pëëji,péeec-ɪ̄ɪ,"noun, singular",leader,"pếeɲ̄-āa, péeɲ-ɪ̀",community,0,"Remijsen & Ayoker 2024, 2nd ed., doi:10.7488/ds/7770"
house,ød,ɔ̄ɔt,"noun, singular","house, thukul","ɔ̄ɔt-āa, ɔ̄ɔǹ",community,0,"Remijsen & Ayoker 2024, 2nd ed., doi:10.7488/ds/7770"
shelter,akanø,àkấnɔ̀,"noun, singular",shelter,"àkấn̄-āa, àkán-ɪ̀",community,0,"Remijsen & Ayoker 2024, 2nd ed., doi:10.7488/ds/7770"
message,wöödø,wốoot̄-ɔ̄,"noun, singular",message,"wốon̄-āa, wóonɪ̀",communication,0,"Remijsen & Ayoker 2024, 2nd ed., doi:10.7488/ds/7770"
word,lögø,lòok-ɔ̀,"noun, singular","word, answer","lòok-āa, lòoŋ-ɪ̀",communication,0,"Remijsen & Ayoker 2024, 2nd ed., doi:10.7488/ds/7770"
radio,räädi,rʌ́ʌʌtɪ̄ɪ,"noun, singular",radio,"rʌ̂́n̄-āa, rʌ́n-ɪ̀",communication,0,"Remijsen & Ayoker 2024, 2nd ed., doi:10.7488/ds/7770"
"boil (a liquid, e.g. water)",waal,wàaal,"transitive, long high fall class",boil,"á-wấal, á-wấaal-à, á-wấaal, ʊ̀-wấaal-ɔ̄",boil water,0,"Remijsen & Ayoker 2024, 2nd ed., doi:10.7488/ds/7770"
wash (somebody or something),Lwøøg,lwɔ̂ɔɔk,"transitive, long with grade low fall class",wash (somebody or something),"á-lwɔ̂́k, á-lwɔ̂ɔɔk-à, á-lwɔ̂ɔɔk, ʊ̀-lwɔ̂ɔɔk-ɔ̀, á-lôook (antipassive, pas",hand washing,0,"Remijsen & Ayoker 2024, 2nd ed., doi:10.7488/ds/7770"
drink,maadh,mâaat̪,"transitive, long low fall class",drink,"á-mấat̪, á-mâaat̪, ʊ̀-mâaat̪-ɔ̀",drinking water,0,"Remijsen & Ayoker 2024, 2nd ed., doi:10.7488/ds/7770"
eat,thøl,t̪ɔ̀l,"transitive, fixed short low class","eat, specifically in relation to the stalk of unripe grain or corn","á-t̪ɔ̂́l, á-t̪ɔ̀l-á, á-t̪ɔ̀l, ʊ̀-t̪ɔ̀l-ɔ̀",food,0,"Remijsen & Ayoker 2024, 2nd ed., doi:10.7488/ds/7770"
build,geer,gɛ̀ɛɛr,"transitive, long low class",build,"á-gɛ̂́ɛr, á-gɛ̀ɛɛr-á, á-gɛ̀ɛɛr, ʊ̀-gɛ̀ɛɛr-ɔ̀, á-gèeet, gjɛ̄ɛr (additional ","dykes, fire lines",0,"Remijsen & Ayoker 2024, 2nd ed., doi:10.7488/ds/7770"
gather,gween,gwɛ̂ɛɛn,"transitive, long low fall class","gather, collect (one by one)","á-gwɛ̂́ɛn, á-gwɛ̂ɛɛn-à, á-gwɛ̂ɛɛn, ʊ̀-gwɛ̂ɛɛn-ɔ̀, gwɛ́ɛn (agent-oriented eve",community,0,"Remijsen & Ayoker 2024, 2nd ed., doi:10.7488/ds/7770"
share,nywaag,ɲwâaak,"transitive, long low fall class",share,"á-ɲwấak, á-ɲwâaak-à, á-ɲwâaak, ʊ̀-ɲwâaak-ɔ̀",share high ground,0,"Remijsen & Ayoker 2024, 2nd ed., doi:10.7488/ds/7770"
hide / keep safe,kaan,kâaan,"transitive, short with grade low fall class",hide,"á-kấn, á-kâaan-à, á-kâaan, ʊ̀-kâaan-ɔ̀, á-kâan-ɪ̀ (iterative, past)",store seed,0,"Remijsen & Ayoker 2024, 2nd ed., doi:10.7488/ds/7770"
call,cwøøl,cwɔ̀ɔɔl,"transitive, long high fall class",call,"á-cwɔ̂́ɔl, á-cwɔ̀ɔɔl-à, á-cwɔ̀ɔɔl, ʊ̀-cwɔ̂́ɔɔl-ɔ́, á-cwɔ̂l-ɪ̀ (past iterat.),",communication,0,"Remijsen & Ayoker 2024, 2nd ed., doi:10.7488/ds/7770"
tell,kwøøb,kwɔ̂ɔɔp,"transitive, short with grade low fall class","tell, say","á-kwɔ̂́p, á-kwɔ̂ɔɔp-à, á-kwɔ̂ɔɔp, ʊ̀-kwɔ̂ɔɔp-ɔ̀, á-kóop-ɪ̀  (benefactive p",warn,0,"Remijsen & Ayoker 2024, 2nd ed., doi:10.7488/ds/7770"
speak,kööb,kō̌oop,"intransitive, derived antipassive",speak,"á-kôoop, ʊ̀-kôoop-ɔ̀ [S] mɛ̂́j-ɪ̄ gɔ̀n ʊ̀-kôoo nɪ̀ kɪ̀nɪ̀ “ɲāa-gúl” ‘Her m",communication,0,"Remijsen & Ayoker 2024, 2nd ed., doi:10.7488/ds/7770"
"escape death, survive",bødh,bɔ̂t̪,intransitive,"escape death, survive","á-bɔ̂t̪, ʊ̀-bɔ̀t̪-ɔ̀",flood,0,"Remijsen & Ayoker 2024, 2nd ed., doi:10.7488/ds/7770"
move,caag,cǎaak,"transitive, high fall class",move,"á-câaak, á-càaak-á, á-cǎaak, ʊ̀-càaak-ɔ̀, á-câaŋ-ɪ̀ (iterative, past),",move animals,0,"Remijsen & Ayoker 2024, 2nd ed., doi:10.7488/ds/7770"
fear,bwøøg,bwɔ̀ɔɔk,"transitive, long high fall class",fear,"á-bwɔ̂́ɔk, á-bwɔ̀ɔɔk-à, á-bwɔ̀ɔɔk, ʊ̀-bwɔ̂́ɔɔk-ɔ́",danger,0,"Remijsen & Ayoker 2024, 2nd ed., doi:10.7488/ds/7770"
come,bï,bìi,intransitive,come,"á-bìi, ʊ̀-bếeen̄-ɔ̄;  [S] kàa béeen-ɛ́ ‘when he comes’ kâal bếeen-ɔ̄ ‘C",general,0,"Remijsen & Ayoker 2024, 2nd ed., doi:10.7488/ds/7770"
stop,joog,ɟʊ̂ʊʊk,"transitive, long low fall class",stop,"á-ɟʊ̂́ʊk, á-ɟʊ̂ʊʊk-à, á-ɟʊ̂ʊʊk, ʊ̀-ɟʊ̂ʊʊk-ɔ̀, ɟū̌k (antipassive, imperative",general,0,"Remijsen & Ayoker 2024, 2nd ed., doi:10.7488/ds/7770"
give,muuj,mǔuuc,intransitive,give,"á-mùuuc, ʊ̀-mû́uuc-ɔ́, 
á-mûuuc, á-mū̌uuc-á, á-mū̌uuc, ʊ̀-mû́uuc-ɔ́; ",general,0,"Remijsen & Ayoker 2024, 2nd ed., doi:10.7488/ds/7770"
see,liidh,lɪ̂ɪɪt̪,"transitive, long low fall class","see, check, examine","a-lɪ̂́ɪt̪, á-lɪ̂ɪɪt̪-à, á-lɪ̂ɪɪt̪, ʊ̀-lɪ̂ɪɪt̪ɔ̀, á-lît̪-ɪ̀ (ambitransitive,",watch the river,0,"Remijsen & Ayoker 2024, 2nd ed., doi:10.7488/ds/7770"
dry up (also: stop giving milk),dwöön,dwòoon,intransitive,"1. dry up, 2. stop giving milk","á-dwòn, ʊ̀-dwốoon-ɔ́",dry spell,0,"Remijsen & Ayoker 2024, 2nd ed., doi:10.7488/ds/7770"
fall,päädh,pʌ̄̌ʌʌt̪,intransitive,fall,"á-pʌ̂ʌʌt̪, ʊ́-pʌ̂ʌʌt̪-ɔ̀",general,0,"Remijsen & Ayoker 2024, 2nd ed., doi:10.7488/ds/7770"
all,bënn,běeen,quantifier,"all, whole",ɟɪ̀ɪ běeen ‘all people’,general,0,"Remijsen & Ayoker 2024, 2nd ed., doi:10.7488/ds/7770"
few,nøg,nɔ̂k,quantifier,"few, a little","wèeel nɔ̂k ‘The guests are few’, dâa wèeel mɔ́-nɔ̂k ‘There are few guests’, a",general,0,"Remijsen & Ayoker 2024, 2nd ed., doi:10.7488/ds/7770"
bad,raj,râac,adjective,bad,"ráaac̀, rɪ̀c-ɔ̀ (plural)",general,0,"Remijsen & Ayoker 2024, 2nd ed., doi:10.7488/ds/7770"
far,läwi,lʌ́ʌwɪ́,adjective,far,(no contingent form),general,0,"Remijsen & Ayoker 2024, 2nd ed., doi:10.7488/ds/7770"
near,buti,bû́ut-ɪ̄/ búut-ɪ́,"noun, deictic","near, in the territory of",[S] ɲɪ́kāaaŋɔ̄ á-pêek-ɪ̀ bû́ut-ɪ̄ dîmɔ̀ ‘Nyikango settled near Dimo.’,general,0,"Remijsen & Ayoker 2024, 2nd ed., doi:10.7488/ds/7770"
