pillar,indicator,target_2026,target_2027,target_2028,target_2029,target_2030,notes
1,Counties with a flood risk profile,,,,,,snapshot: value to reach by year end
1,Livelihood zones with exposure analysis,,,,,,snapshot: value to reach by year end
1,Vulnerability and coping indicators in use,,,,,,snapshot: value to reach by year end
1,Risk maps produced,,,,,,count over the year
1,Risk datasets exported in HXL for the IMS,,,,,,count over the year
2,Hazards with defined thresholds and data requirements,,,,,,snapshot: value to reach by year end
2,Counties with proposed river trigger levels,,,,,,snapshot: value to reach by year end
2,Counties with validated river trigger levels,,,,,,snapshot: value to reach by year end
2,Trigger skill evaluations against recorded impacts,,,,,,count over the year
2,Datasets packaged and validated for the repository,,,,,,count over the year
2,Languages with validated warning templates,,,,,,snapshot: value to reach by year end
3,Anticipatory action plans developed,,,,,,snapshot: value to reach by year end
3,Anticipatory action plans validated,,,,,,snapshot: value to reach by year end
3,Simulation exercise packs prepared,,,,,,count over the year
3,Simulation exercises conducted,,,,,,count over the year
3,Readiness stages reached,,,,,,count over the year
3,AAPs activated,,,,,,count over the year
5,Subnational TWG-AA groups active (state / county),,,,,,snapshot: value to reach by year end
5,TWG-AA meetings held,,,,,,count over the year
5,TWG-AA situation briefs prepared,,,,,,count over the year
5,Community groups / radio listening hubs registered,,,,,,snapshot: value to reach by year end
5,Early warning messages prepared,,,,,,count over the year
5,Early warning items sent,,,,,,count over the year
5,Community feedback records,,,,,,count over the year
