situation,channel,language,language_name,text,validated_by,validated_date,notes
flood_red,sms,en,English,"{LEVEL} FLOOD ALERT {county}: flooding likely this week. Move people, animals and food to high ground now. Follow radio and chiefs. {source}",platform (English master),,
flood_red,sms,pga,Juba Arabic,,,,translate from the English text with native-speaker intermediaries; fill validated_by when checked
flood_red,sms,din,Dinka (Thuongjang),,,,translate from the English text with native-speaker intermediaries; fill validated_by when checked
flood_red,sms,nus,Nuer (Thok Naath),,,,translate from the English text with native-speaker intermediaries; fill validated_by when checked
flood_red,sms,shk,Shilluk (Dhok Cøllø),,,,translate from the English text with native-speaker intermediaries; fill validated_by when checked
flood_red,sms,bfa,Bari,,,,translate from the English text with native-speaker intermediaries; fill validated_by when checked
flood_orange,sms,en,English,"{LEVEL} flood alert {county}: flooding possible this week. Keep food, seed and papers high and dry; plan where animals go. {source}",platform (English master),,
flood_orange,sms,pga,Juba Arabic,,,,translate from the English text with native-speaker intermediaries; fill validated_by when checked
flood_orange,sms,din,Dinka (Thuongjang),,,,translate from the English text with native-speaker intermediaries; fill validated_by when checked
flood_orange,sms,nus,Nuer (Thok Naath),,,,translate from the English text with native-speaker intermediaries; fill validated_by when checked
flood_orange,sms,shk,Shilluk (Dhok Cøllø),,,,translate from the English text with native-speaker intermediaries; fill validated_by when checked
flood_orange,sms,bfa,Bari,,,,translate from the English text with native-speaker intermediaries; fill validated_by when checked
flood_yellow,sms,en,English,"Flood watch {county}: wet days ahead. Clear drains, watch the river, follow radio updates. {source}",platform (English master),,
flood_yellow,sms,pga,Juba Arabic,,,,translate from the English text with native-speaker intermediaries; fill validated_by when checked
flood_yellow,sms,din,Dinka (Thuongjang),,,,translate from the English text with native-speaker intermediaries; fill validated_by when checked
flood_yellow,sms,nus,Nuer (Thok Naath),,,,translate from the English text with native-speaker intermediaries; fill validated_by when checked
flood_yellow,sms,shk,Shilluk (Dhok Cøllø),,,,translate from the English text with native-speaker intermediaries; fill validated_by when checked
flood_yellow,sms,bfa,Bari,,,,translate from the English text with native-speaker intermediaries; fill validated_by when checked
drought_red,sms,en,English,"{LEVEL} DRY-SPELL ALERT {county}: little rain for 1-2 weeks. Save water, plan grazing moves, do not plant now. {source}",platform (English master),,
drought_red,sms,pga,Juba Arabic,,,,translate from the English text with native-speaker intermediaries; fill validated_by when checked
drought_red,sms,din,Dinka (Thuongjang),,,,translate from the English text with native-speaker intermediaries; fill validated_by when checked
drought_red,sms,nus,Nuer (Thok Naath),,,,translate from the English text with native-speaker intermediaries; fill validated_by when checked
drought_red,sms,shk,Shilluk (Dhok Cøllø),,,,translate from the English text with native-speaker intermediaries; fill validated_by when checked
drought_red,sms,bfa,Bari,,,,translate from the English text with native-speaker intermediaries; fill validated_by when checked
drought_orange,sms,en,English,{LEVEL} dry-spell alert {county}: dry days ahead. Save water and protect crops and pasture. {source},platform (English master),,
drought_orange,sms,pga,Juba Arabic,,,,translate from the English text with native-speaker intermediaries; fill validated_by when checked
drought_orange,sms,din,Dinka (Thuongjang),,,,translate from the English text with native-speaker intermediaries; fill validated_by when checked
drought_orange,sms,nus,Nuer (Thok Naath),,,,translate from the English text with native-speaker intermediaries; fill validated_by when checked
drought_orange,sms,shk,Shilluk (Dhok Cøllø),,,,translate from the English text with native-speaker intermediaries; fill validated_by when checked
drought_orange,sms,bfa,Bari,,,,translate from the English text with native-speaker intermediaries; fill validated_by when checked
drought_yellow,sms,en,English,"Dry-spell watch {county}: rain may stop for some days. Delay planting, save water. {source}",platform (English master),,
drought_yellow,sms,pga,Juba Arabic,,,,translate from the English text with native-speaker intermediaries; fill validated_by when checked
drought_yellow,sms,din,Dinka (Thuongjang),,,,translate from the English text with native-speaker intermediaries; fill validated_by when checked
drought_yellow,sms,nus,Nuer (Thok Naath),,,,translate from the English text with native-speaker intermediaries; fill validated_by when checked
drought_yellow,sms,shk,Shilluk (Dhok Cøllø),,,,translate from the English text with native-speaker intermediaries; fill validated_by when checked
drought_yellow,sms,bfa,Bari,,,,translate from the English text with native-speaker intermediaries; fill validated_by when checked
river_high,sms,en,English,"River warning {county}: the river is high and may rise. Keep boats ready, move animals near high ground. {source}",platform (English master),,
river_high,sms,pga,Juba Arabic,,,,translate from the English text with native-speaker intermediaries; fill validated_by when checked
river_high,sms,din,Dinka (Thuongjang),,,,translate from the English text with native-speaker intermediaries; fill validated_by when checked
river_high,sms,nus,Nuer (Thok Naath),,,,translate from the English text with native-speaker intermediaries; fill validated_by when checked
river_high,sms,shk,Shilluk (Dhok Cøllø),,,,translate from the English text with native-speaker intermediaries; fill validated_by when checked
river_high,sms,bfa,Bari,,,,translate from the English text with native-speaker intermediaries; fill validated_by when checked
aap_readiness,sms,en,English,Early action alert {county}: flood plan in READINESS. Get ready to move to high ground if leaders advise. {source},platform (English master),,
aap_readiness,sms,pga,Juba Arabic,,,,translate from the English text with native-speaker intermediaries; fill validated_by when checked
aap_readiness,sms,din,Dinka (Thuongjang),,,,translate from the English text with native-speaker intermediaries; fill validated_by when checked
aap_readiness,sms,nus,Nuer (Thok Naath),,,,translate from the English text with native-speaker intermediaries; fill validated_by when checked
aap_readiness,sms,shk,Shilluk (Dhok Cøllø),,,,translate from the English text with native-speaker intermediaries; fill validated_by when checked
aap_readiness,sms,bfa,Bari,,,,translate from the English text with native-speaker intermediaries; fill validated_by when checked
aap_activated,sms,en,English,EARLY ACTION {county}: flood plan ACTIVATED. Support starts before the flood. Follow chiefs and radio. {source},platform (English master),,
aap_activated,sms,pga,Juba Arabic,,,,translate from the English text with native-speaker intermediaries; fill validated_by when checked
aap_activated,sms,din,Dinka (Thuongjang),,,,translate from the English text with native-speaker intermediaries; fill validated_by when checked
aap_activated,sms,nus,Nuer (Thok Naath),,,,translate from the English text with native-speaker intermediaries; fill validated_by when checked
aap_activated,sms,shk,Shilluk (Dhok Cøllø),,,,translate from the English text with native-speaker intermediaries; fill validated_by when checked
aap_activated,sms,bfa,Bari,,,,translate from the English text with native-speaker intermediaries; fill validated_by when checked
flood,radio,en,English,"Good day, listeners in {county}. This is a {level} flood message for {county}, {state}. {why} Over the coming days, please: move children, the elderly and people with disabilities to high ground first; keep food, seed and important papers high and dry; move animals early and keep boats ready; and use safe water to avoid cholera. Listen again tomorrow at the same time and follow your chief and local authorities. Message prepared by {source}.",platform (English master),,
flood,radio,pga,Juba Arabic,,,,translate from the English text with native-speaker intermediaries; fill validated_by when checked
flood,radio,din,Dinka (Thuongjang),,,,translate from the English text with native-speaker intermediaries; fill validated_by when checked
flood,radio,nus,Nuer (Thok Naath),,,,translate from the English text with native-speaker intermediaries; fill validated_by when checked
flood,radio,shk,Shilluk (Dhok Cøllø),,,,translate from the English text with native-speaker intermediaries; fill validated_by when checked
flood,radio,bfa,Bari,,,,translate from the English text with native-speaker intermediaries; fill validated_by when checked
drought,radio,en,English,"Good day, listeners in {county}. This is a {level} dry-spell message for {county}, {state}. {why} Over the coming days, please: save water and protect water points; plan grazing moves early and peacefully; delay new planting until rain returns; and check on the elderly and the sick in the heat. Listen again tomorrow. Message prepared by {source}.",platform (English master),,
drought,radio,pga,Juba Arabic,,,,translate from the English text with native-speaker intermediaries; fill validated_by when checked
drought,radio,din,Dinka (Thuongjang),,,,translate from the English text with native-speaker intermediaries; fill validated_by when checked
drought,radio,nus,Nuer (Thok Naath),,,,translate from the English text with native-speaker intermediaries; fill validated_by when checked
drought,radio,shk,Shilluk (Dhok Cøllø),,,,translate from the English text with native-speaker intermediaries; fill validated_by when checked
drought,radio,bfa,Bari,,,,translate from the English text with native-speaker intermediaries; fill validated_by when checked
river,radio,en,English,"Good day, listeners in {county}. The river gauge serving {county} shows a high water level. Water can rise further in the coming weeks. Please keep boats ready, move animals and stored food near high ground, and follow your chief and local authorities. Message prepared by {source}.",platform (English master),,
river,radio,pga,Juba Arabic,,,,translate from the English text with native-speaker intermediaries; fill validated_by when checked
river,radio,din,Dinka (Thuongjang),,,,translate from the English text with native-speaker intermediaries; fill validated_by when checked
river,radio,nus,Nuer (Thok Naath),,,,translate from the English text with native-speaker intermediaries; fill validated_by when checked
river,radio,shk,Shilluk (Dhok Cøllø),,,,translate from the English text with native-speaker intermediaries; fill validated_by when checked
river,radio,bfa,Bari,,,,translate from the English text with native-speaker intermediaries; fill validated_by when checked
