block_id,group,language,language_name,text,en_hash,validated_by,validated_date,notes
title.national,sentence,en,English,Weekly early warning advisory: South Sudan,143a86b63b,platform (English master),,
title.national,sentence,din,Dinka (Thuongjang),Jiɛ̈ɛ̈m de jiɛ̈ɛ̈m de wik: Thudän ciɛɛm,143a86b63b,,,DRAFT machine translation (Google Cloud Translation): needs native-speaker correction; fill validated_by when checked
title.national,sentence,nus,Nuer (Thok Naath),Ruac in laa la̱rkɛ naath kɛ juɔkni: Thɔth Thudan,143a86b63b,,,DRAFT machine translation (Google Cloud Translation): needs native-speaker correction; fill validated_by when checked
title.national,sentence,swa,Swahili,Ushauri wa tahadhari ya mapema ya kila wiki: Sudan Kusini,143a86b63b,,,DRAFT machine translation (Google Cloud Translation): needs native-speaker correction; fill validated_by when checked
title.area,sentence,en,English,Weekly early warning advisory: {area},559db303ec,platform (English master),,
title.area,sentence,din,Dinka (Thuongjang),Jiɛ̈ɛ̈m de jiɛ̈ɛ̈m de wik: {area},559db303ec,,,DRAFT machine translation (Google Cloud Translation): needs native-speaker correction; fill validated_by when checked
title.area,sentence,nus,Nuer (Thok Naath),Ruac la̱r lär kɛ juɔk kɛ nhiam: {area},559db303ec,,,DRAFT machine translation (Google Cloud Translation): needs native-speaker correction; fill validated_by when checked
title.area,sentence,swa,Swahili,Ushauri wa tahadhari ya mapema ya kila wiki: {area},559db303ec,,,DRAFT machine translation (Google Cloud Translation): needs native-speaker correction; fill validated_by when checked
week_line,sentence,en,English,Week of {date}. Rain and soil data to {data_end}; forecast issued {run}.,dccf6f7d1f,platform (English master),,
week_line,sentence,din,Dinka (Thuongjang),Wiik ke {date} . Deŋ ku tiɔp ë wël ë {data_end} ; thööŋ cï bɛ̈i bei {run} .,dccf6f7d1f,,,DRAFT machine translation (Google Cloud Translation): needs native-speaker correction; fill validated_by when checked
week_line,sentence,nus,Nuer (Thok Naath),Juɔk duŋ {date} . Nhiaal kɛnɛ mun data ni̱ kä {data_end} ; pöröka̱th cua ka̱m raar {run} .,dccf6f7d1f,,,DRAFT machine translation (Google Cloud Translation): needs native-speaker correction; fill validated_by when checked
week_line,sentence,swa,Swahili,Wiki ya {date} . Data ya mvua na udongo hadi {data_end} ; utabiri umetolewa {run} .,dccf6f7d1f,,,DRAFT machine translation (Google Cloud Translation): needs native-speaker correction; fill validated_by when checked
audience,sentence,en,English,"For communities, chiefs, farmers, herders, local authorities and partners in {area}. Please share this message with your community and local radio.",1d2b6f7440,platform (English master),,
audience,sentence,din,Dinka (Thuongjang),"Të nɔŋ akuut, bäny, kɔc pur, kɔc mac ɣɔ̈k, akutnhïïm ke baai ku kɔc tɔ̈u kenë kek në {area} . Tääu ë wël ë lëk tënë akutnhomdu ku radio ë baai.",1d2b6f7440,,,DRAFT machine translation (Google Cloud Translation): needs native-speaker correction; fill validated_by when checked
audience,sentence,nus,Nuer (Thok Naath),"Kɛ kui̱ ji̱ wec, kua̱r, puɔ̱r ka̱a̱kni̱, yiëën ɣɔ̱ɔ̱k, kua̱r wec kɛnɛ ji̱ la̱t kɛɛl rɛy {area} . Ɣän göörä ɣöö bä ruac ɛmɛ la̱t kɛ ji̱ wecdu kɛnɛ radiö wecdu.",1d2b6f7440,,,DRAFT machine translation (Google Cloud Translation): needs native-speaker correction; fill validated_by when checked
audience,sentence,swa,Swahili,"Kwa jamii, machifu, wakulima, wafugaji, mamlaka za mitaa na washirika katika {area} . Tafadhali shiriki ujumbe huu na jamii yako na redio ya eneo lako.",1d2b6f7440,,,DRAFT machine translation (Google Cloud Translation): needs native-speaker correction; fill validated_by when checked
summary.some,sentence,en,English,"{n_alert} of {n_total} counties in {area} have an alert this week: {n_red} red, {n_orange} orange and {n_yellow} yellow.",24a6315f07,platform (English master),,
summary.some,sentence,din,Dinka (Thuongjang),"{n_alert} de {n_total} ë bɛ̈ɛ̈i tɔ̈ në {area} anɔŋ alert në ye wik kënë yic: {n_red} thith, {n_orange} thith ku {n_yellow} thith.",24a6315f07,,,DRAFT machine translation (Google Cloud Translation): needs native-speaker correction; fill validated_by when checked
summary.some,sentence,nus,Nuer (Thok Naath),"{n_alert} kä {n_total} wi̱i̱c tin te rɛy {area} tekɛ alert rɛy juɔk ɛmɛ: {n_red} mi̱ lual, {n_orange} mi̱ lual kɛnɛ {n_yellow} mi̱ tɔ̱c.",24a6315f07,,,DRAFT machine translation (Google Cloud Translation): needs native-speaker correction; fill validated_by when checked
summary.some,sentence,swa,Swahili,"{n_alert} ya kaunti {n_total} katika {area} wana arifa wiki hii: {n_red} nyekundu, {n_orange} chungwa na {n_yellow} njano.",24a6315f07,,,DRAFT machine translation (Google Cloud Translation): needs native-speaker correction; fill validated_by when checked
summary.none,sentence,en,English,"No county in {area} has an alert this week. Keep watching the weather and the river, and follow the radio.",b9da754014,platform (English master),,
summary.none,sentence,din,Dinka (Thuongjang),"Acïn baai tɔ̈ në {area} nɔŋ lööŋ ke gël në ye wik kënë yic. Ku ŋoot ke yï tïŋ ë pïu ku pïu, ku kuany radiö cök.",b9da754014,,,DRAFT machine translation (Google Cloud Translation): needs native-speaker correction; fill validated_by when checked
summary.none,sentence,nus,Nuer (Thok Naath),"/Thiɛlɛ wec mi̱ te rɛy {area} mi̱ ca la̱th lät kɛ jɛn juɔk ɛmɛ. Käpni jɛ raar kɛ kui̱ jɔam kɛnɛ kiir, kä guur ni radiö.",b9da754014,,,DRAFT machine translation (Google Cloud Translation): needs native-speaker correction; fill validated_by when checked
summary.none,sentence,swa,Swahili,"Hakuna kaunti katika {area} iliyo na tahadhari wiki hii. Endelea kutazama hali ya hewa na mto, na fuata redio.",b9da754014,,,DRAFT machine translation (Google Cloud Translation): needs native-speaker correction; fill validated_by when checked
flood_now,sentence,en,English,Flood or waterlogging risk: {counties}.,16d8864afe,platform (English master),,
flood_now,sentence,din,Dinka (Thuongjang),Riäk de pïu dït wala pïu dït: {counties} .,16d8864afe,,,DRAFT machine translation (Google Cloud Translation): needs native-speaker correction; fill validated_by when checked
flood_now,sentence,nus,Nuer (Thok Naath),Riɛk nyɔc kiɛ pi̱w ti̱ ŋuan: {counties} .,16d8864afe,,,DRAFT machine translation (Google Cloud Translation): needs native-speaker correction; fill validated_by when checked
flood_now,sentence,swa,Swahili,Hatari ya mafuriko au maji kujaa: {counties} .,16d8864afe,,,DRAFT machine translation (Google Cloud Translation): needs native-speaker correction; fill validated_by when checked
dry_now,sentence,en,English,Dry-spell risk: {counties}.,7222172142,platform (English master),,
dry_now,sentence,din,Dinka (Thuongjang),Riäk de gɛ̈tgɛ̈t cï riɛl: {counties} .,7222172142,,,DRAFT machine translation (Google Cloud Translation): needs native-speaker correction; fill validated_by when checked
dry_now,sentence,nus,Nuer (Thok Naath),Dry-i̱thpɛl riɛk: {counties} .,7222172142,,,DRAFT machine translation (Google Cloud Translation): needs native-speaker correction; fill validated_by when checked
dry_now,sentence,swa,Swahili,Hatari ya tahajia kavu: {counties} .,7222172142,,,DRAFT machine translation (Google Cloud Translation): needs native-speaker correction; fill validated_by when checked
river_now,sentence,en,English,River gauges at readiness or activation level near: {counties}.,cab25d2b40,platform (English master),,
river_now,sentence,din,Dinka (Thuongjang),Thëm de wɛ̈ɛ̈r atɔ̈u ke cï guiir wala tëde luɔi thiääk kenë: {counties} .,cab25d2b40,,,DRAFT machine translation (Google Cloud Translation): needs native-speaker correction; fill validated_by when checked
river_now,sentence,nus,Nuer (Thok Naath),Kiir mi̱ ca thɛm gua̱a̱th in ci̱ rɔ riali̱kä kiɛ lätdɛ thi̱a̱k: {counties} .,cab25d2b40,,,DRAFT machine translation (Google Cloud Translation): needs native-speaker correction; fill validated_by when checked
river_now,sentence,swa,Swahili,Vipimo vya mto katika kiwango cha utayari au uanzishaji karibu na: {counties} .,cab25d2b40,,,DRAFT machine translation (Google Cloud Translation): needs native-speaker correction; fill validated_by when checked
less_rain_note,sentence,en,English,A dry-spell alert means less rain than usual. It does not mean there will be no rain.,c5e51ebb6b,platform (English master),,
less_rain_note,sentence,din,Dinka (Thuongjang),Aciëŋ de thök de piny aye lueel ke deŋ lik awär thɛɛr. Acïï ye nyuɔɔth lɔn cïn yen deŋ bï bɛ̈n.,c5e51ebb6b,,,DRAFT machine translation (Google Cloud Translation): needs native-speaker correction; fill validated_by when checked
less_rain_note,sentence,nus,Nuer (Thok Naath),Ɛn dry-i̱thpɛl alert lotdɛ ni̱ ɣöö bi̱ nhiaal kuɛ̈ɛ̈ mi̱ läny ni̱ ciaaŋ. Kä /cɛ lot ni ɣöö bɛ thil nhiaal mi di̱i̱t.,c5e51ebb6b,,,DRAFT machine translation (Google Cloud Translation): needs native-speaker correction; fill validated_by when checked
less_rain_note,sentence,swa,Swahili,Tahadhari ya taharuki inamaanisha mvua kidogo kuliko kawaida. Haimaanishi kwamba hakutakuwa na mvua.,c5e51ebb6b,,,DRAFT machine translation (Google Cloud Translation): needs native-speaker correction; fill validated_by when checked
hdr.situation,sentence,en,English,What is happening,63c301104c,platform (English master),,
hdr.situation,sentence,din,Dinka (Thuongjang),Yeeŋö loi rɔt .,63c301104c,,,DRAFT machine translation (Google Cloud Translation): needs native-speaker correction; fill validated_by when checked
hdr.situation,sentence,nus,Nuer (Thok Naath),Ɛŋu mi tuɔɔk,63c301104c,,,DRAFT machine translation (Google Cloud Translation): needs native-speaker correction; fill validated_by when checked
hdr.situation,sentence,swa,Swahili,Nini kinatokea,63c301104c,,,DRAFT machine translation (Google Cloud Translation): needs native-speaker correction; fill validated_by when checked
hdr.todo,sentence,en,English,What should communities do?,d0fe0aee91,platform (English master),,
hdr.todo,sentence,din,Dinka (Thuongjang),Yeŋö lëu bï kɔc ke baai looi?,d0fe0aee91,,,DRAFT machine translation (Google Cloud Translation): needs native-speaker correction; fill validated_by when checked
hdr.todo,sentence,nus,Nuer (Thok Naath),Ɛŋu mi dëë la̱t ɛ ji̱ wec?,d0fe0aee91,,,DRAFT machine translation (Google Cloud Translation): needs native-speaker correction; fill validated_by when checked
hdr.todo,sentence,swa,Swahili,Jamii zinapaswa kufanya nini?,d0fe0aee91,,,DRAFT machine translation (Google Cloud Translation): needs native-speaker correction; fill validated_by when checked
hdr.impact,sentence,en,English,What may happen,75bbe23c52,platform (English master),,
hdr.impact,sentence,din,Dinka (Thuongjang),Yeeŋö lëu bë rɔt loi,75bbe23c52,,,DRAFT machine translation (Google Cloud Translation): needs native-speaker correction; fill validated_by when checked
hdr.impact,sentence,nus,Nuer (Thok Naath),Ɛŋu mi dee tuɔɔk,75bbe23c52,,,DRAFT machine translation (Google Cloud Translation): needs native-speaker correction; fill validated_by when checked
hdr.impact,sentence,swa,Swahili,Kinachoweza kutokea,75bbe23c52,,,DRAFT machine translation (Google Cloud Translation): needs native-speaker correction; fill validated_by when checked
hdr.action,sentence,en,English,What to do,779b1d581e,platform (English master),,
hdr.action,sentence,din,Dinka (Thuongjang),Yeŋö ba looi,779b1d581e,,,DRAFT machine translation (Google Cloud Translation): needs native-speaker correction; fill validated_by when checked
hdr.action,sentence,nus,Nuer (Thok Naath),Ɛŋu mi deri la̱t,779b1d581e,,,DRAFT machine translation (Google Cloud Translation): needs native-speaker correction; fill validated_by when checked
hdr.action,sentence,swa,Swahili,Cha kufanya,779b1d581e,,,DRAFT machine translation (Google Cloud Translation): needs native-speaker correction; fill validated_by when checked
hdr.news,sentence,en,English,"Recent reports (last 21 days, in English)",e29e419da0,platform (English master),,
hdr.news,sentence,din,Dinka (Thuongjang),"Kä cï keek lueel ëmɛn (nïn kaa 21 cï lɔ, në thoŋ ë Liŋëlith)",e29e419da0,,,DRAFT machine translation (Google Cloud Translation): needs native-speaker correction; fill validated_by when checked
hdr.news,sentence,nus,Nuer (Thok Naath),"Ruac in pay ben (kɛ ni̱n ti 21 tëë ci̱ wɔ̱, kɛ thok Liŋlithni̱)",e29e419da0,,,DRAFT machine translation (Google Cloud Translation): needs native-speaker correction; fill validated_by when checked
hdr.news,sentence,swa,Swahili,"Ripoti za hivi karibuni (siku 21 zilizopita, kwa Kiingereza)",e29e419da0,,,DRAFT machine translation (Google Cloud Translation): needs native-speaker correction; fill validated_by when checked
hdr.outlook,sentence,en,English,Seasonal outlook,c84f62a09e,platform (English master),,
hdr.outlook,sentence,din,Dinka (Thuongjang),Kë ye tïŋ në thɛɛr ke ruɔ̈ɔ̈n,c84f62a09e,,,DRAFT machine translation (Google Cloud Translation): needs native-speaker correction; fill validated_by when checked
hdr.outlook,sentence,nus,Nuer (Thok Naath),Thi̱i̱thɔnal autluk,c84f62a09e,,,DRAFT machine translation (Google Cloud Translation): needs native-speaker correction; fill validated_by when checked
hdr.outlook,sentence,swa,Swahili,Mtazamo wa msimu,c84f62a09e,,,DRAFT machine translation (Google Cloud Translation): needs native-speaker correction; fill validated_by when checked
col.county,sentence,en,English,County,60dee38933,platform (English master),,
col.county,sentence,din,Dinka (Thuongjang),Baai,60dee38933,,,DRAFT machine translation (Google Cloud Translation): needs native-speaker correction; fill validated_by when checked
col.county,sentence,nus,Nuer (Thok Naath),Kä wec,60dee38933,,,DRAFT machine translation (Google Cloud Translation): needs native-speaker correction; fill validated_by when checked
col.county,sentence,swa,Swahili,Kaunti,60dee38933,,,DRAFT machine translation (Google Cloud Translation): needs native-speaker correction; fill validated_by when checked
col.level,sentence,en,English,Alert,b969680a49,platform (English master),,
col.level,sentence,din,Dinka (Thuongjang),Tɛ̈n yenë käŋ röt luɔɔi thïn,b969680a49,,,DRAFT machine translation (Google Cloud Translation): needs native-speaker correction; fill validated_by when checked
col.level,sentence,nus,Nuer (Thok Naath),Pɛ̱ɛ̱th kɛ ŋäc kɛ min tuɔ̱k,b969680a49,,,DRAFT machine translation (Google Cloud Translation): needs native-speaker correction; fill validated_by when checked
col.level,sentence,swa,Swahili,Tahadhari,b969680a49,,,DRAFT machine translation (Google Cloud Translation): needs native-speaker correction; fill validated_by when checked
col.hazard,sentence,en,English,Hazard,e1e31f080d,platform (English master),,
col.hazard,sentence,din,Dinka (Thuongjang),Ë bï kɔc,e1e31f080d,,,DRAFT machine translation (Google Cloud Translation): needs native-speaker correction; fill validated_by when checked
col.hazard,sentence,nus,Nuer (Thok Naath),Riɛ̱k,e1e31f080d,,,DRAFT machine translation (Google Cloud Translation): needs native-speaker correction; fill validated_by when checked
col.hazard,sentence,swa,Swahili,Hatari,e1e31f080d,,,DRAFT machine translation (Google Cloud Translation): needs native-speaker correction; fill validated_by when checked
col.rain,sentence,en,English,Rain this week (mm),741b0fd078,platform (English master),,
col.rain,sentence,din,Dinka (Thuongjang),Deŋ në ye wik kënë yic (mm),741b0fd078,,,DRAFT machine translation (Google Cloud Translation): needs native-speaker correction; fill validated_by when checked
col.rain,sentence,nus,Nuer (Thok Naath),Nhiaal rɛy juɔk ɛmɛ (mm),741b0fd078,,,DRAFT machine translation (Google Cloud Translation): needs native-speaker correction; fill validated_by when checked
col.rain,sentence,swa,Swahili,Mvua wiki hii (mm),741b0fd078,,,DRAFT machine translation (Google Cloud Translation): needs native-speaker correction; fill validated_by when checked
col.heavy,sentence,en,English,Chance of heavy rain,88f1acd438,platform (English master),,
col.heavy,sentence,din,Dinka (Thuongjang),Alë bï deŋdït bɛ̈n,88f1acd438,,,DRAFT machine translation (Google Cloud Translation): needs native-speaker correction; fill validated_by when checked
col.heavy,sentence,nus,Nuer (Thok Naath),Dee tekɛ nhiaal mi di̱i̱t,88f1acd438,,,DRAFT machine translation (Google Cloud Translation): needs native-speaker correction; fill validated_by when checked
col.heavy,sentence,swa,Swahili,Uwezekano wa mvua kubwa,88f1acd438,,,DRAFT machine translation (Google Cloud Translation): needs native-speaker correction; fill validated_by when checked
lvl.red,sentence,en,English,red,78988010b8,platform (English master),,
lvl.red,sentence,din,Dinka (Thuongjang),nyic,78988010b8,,,DRAFT machine translation (Google Cloud Translation): needs native-speaker correction; fill validated_by when checked
lvl.red,sentence,nus,Nuer (Thok Naath),lua̱l,78988010b8,,,DRAFT machine translation (Google Cloud Translation): needs native-speaker correction; fill validated_by when checked
lvl.red,sentence,swa,Swahili,nyekundu,78988010b8,,,DRAFT machine translation (Google Cloud Translation): needs native-speaker correction; fill validated_by when checked
lvl.orange,sentence,en,English,orange,ef0ebbb772,platform (English master),,
lvl.orange,sentence,din,Dinka (Thuongjang),laath,ef0ebbb772,,,DRAFT machine translation (Google Cloud Translation): needs native-speaker correction; fill validated_by when checked
lvl.orange,sentence,nus,Nuer (Thok Naath),yia̱n do̱l,ef0ebbb772,,,DRAFT machine translation (Google Cloud Translation): needs native-speaker correction; fill validated_by when checked
lvl.orange,sentence,swa,Swahili,chungwa,ef0ebbb772,,,DRAFT machine translation (Google Cloud Translation): needs native-speaker correction; fill validated_by when checked
lvl.yellow,sentence,en,English,yellow,96de5543d1,platform (English master),,
lvl.yellow,sentence,din,Dinka (Thuongjang),cïɛ̈n,96de5543d1,,,DRAFT machine translation (Google Cloud Translation): needs native-speaker correction; fill validated_by when checked
lvl.yellow,sentence,nus,Nuer (Thok Naath),yia̱n,96de5543d1,,,DRAFT machine translation (Google Cloud Translation): needs native-speaker correction; fill validated_by when checked
lvl.yellow,sentence,swa,Swahili,njano,96de5543d1,,,DRAFT machine translation (Google Cloud Translation): needs native-speaker correction; fill validated_by when checked
lvl.green,sentence,en,English,green,bc74f4f071,platform (English master),,
lvl.green,sentence,din,Dinka (Thuongjang),mangök,bc74f4f071,,,DRAFT machine translation (Google Cloud Translation): needs native-speaker correction; fill validated_by when checked
lvl.green,sentence,nus,Nuer (Thok Naath),tɔc jua̱yni,bc74f4f071,,,DRAFT machine translation (Google Cloud Translation): needs native-speaker correction; fill validated_by when checked
lvl.green,sentence,swa,Swahili,kijani,bc74f4f071,,,DRAFT machine translation (Google Cloud Translation): needs native-speaker correction; fill validated_by when checked
hz.flood,sentence,en,English,flood,ff0db99225,platform (English master),,
hz.flood,sentence,din,Dinka (Thuongjang),aboor,ff0db99225,,,DRAFT machine translation (Google Cloud Translation): needs native-speaker correction; fill validated_by when checked
hz.flood,sentence,nus,Nuer (Thok Naath),nyɔc,ff0db99225,,,DRAFT machine translation (Google Cloud Translation): needs native-speaker correction; fill validated_by when checked
hz.flood,sentence,swa,Swahili,mafuriko,ff0db99225,,,DRAFT machine translation (Google Cloud Translation): needs native-speaker correction; fill validated_by when checked
hz.dry,sentence,en,English,dry spell,90bb227d02,platform (English master),,
hz.dry,sentence,din,Dinka (Thuongjang),kë cï riɛl,90bb227d02,,,DRAFT machine translation (Google Cloud Translation): needs native-speaker correction; fill validated_by when checked
hz.dry,sentence,nus,Nuer (Thok Naath),dry i̱thpel,90bb227d02,,,DRAFT machine translation (Google Cloud Translation): needs native-speaker correction; fill validated_by when checked
hz.dry,sentence,swa,Swahili,spell kavu,90bb227d02,,,DRAFT machine translation (Google Cloud Translation): needs native-speaker correction; fill validated_by when checked
outlook.rain.below,sentence,en,English,Seasonal outlook ({season}): less rain than usual is more likely in {areas}.,0c9cdc863b,platform (English master),,
outlook.rain.below,sentence,din,Dinka (Thuongjang),Kë ye tïŋ në thɛɛr ke ruɔ̈ɔ̈n ( {season} ): deŋ lik awär thɛɛr ee rot lac looi në {areas} .,0c9cdc863b,,,DRAFT machine translation (Google Cloud Translation): needs native-speaker correction; fill validated_by when checked
outlook.rain.below,sentence,nus,Nuer (Thok Naath),Thi̱i̱thɔnal min guickɛ( {season} ): nhiaal mi̱ tɔt mi̱ läny ni̱ ciaaŋ bɛ cu tuɔɔk rɛy {areas} .,0c9cdc863b,,,DRAFT machine translation (Google Cloud Translation): needs native-speaker correction; fill validated_by when checked
outlook.rain.below,sentence,swa,Swahili,Mtazamo wa msimu ( {season} ): mvua kidogo kuliko kawaida kuna uwezekano mkubwa katika {areas} .,0c9cdc863b,,,DRAFT machine translation (Google Cloud Translation): needs native-speaker correction; fill validated_by when checked
outlook.rain.near,sentence,en,English,Seasonal outlook ({season}): normal rain is more likely in {areas}.,d6ccebaaee,platform (English master),,
outlook.rain.near,sentence,din,Dinka (Thuongjang),Kë ye tïŋ në thɛɛr ke ruɔ̈ɔ̈n ( {season} ): deŋ tɔ̈u apuɔth ee rot lac looi në {areas} .,d6ccebaaee,,,DRAFT machine translation (Google Cloud Translation): needs native-speaker correction; fill validated_by when checked
outlook.rain.near,sentence,nus,Nuer (Thok Naath),Thi̱i̱thɔnal autluok( {season} ): nhiaal mi̱ la tuɔɔk ni̱ ciaaŋ la tuɔɔkɛ rɛy {areas} .,d6ccebaaee,,,DRAFT machine translation (Google Cloud Translation): needs native-speaker correction; fill validated_by when checked
outlook.rain.near,sentence,swa,Swahili,Mtazamo wa msimu ( {season} ): mvua ya kawaida ina uwezekano mkubwa katika {areas} .,d6ccebaaee,,,DRAFT machine translation (Google Cloud Translation): needs native-speaker correction; fill validated_by when checked
outlook.rain.above,sentence,en,English,Seasonal outlook ({season}): more rain than usual is more likely in {areas}.,60c6c5a9e1,platform (English master),,
outlook.rain.above,sentence,din,Dinka (Thuongjang),Tïŋ de thɛɛr ke ruɔ̈ɔ̈n ( {season} ): deŋ juëc awär thɛɛr aye lac bɛ̈n në {areas} .,60c6c5a9e1,,,DRAFT machine translation (Google Cloud Translation): needs native-speaker correction; fill validated_by when checked
outlook.rain.above,sentence,nus,Nuer (Thok Naath),Thi̱i̱thɔnal min guic( {season} ): nhiaal mi̱ di̱i̱t mi̱ läny ni̱ ciaaŋ bɛ cu tuɔɔk rɛy {areas} .,60c6c5a9e1,,,DRAFT machine translation (Google Cloud Translation): needs native-speaker correction; fill validated_by when checked
outlook.rain.above,sentence,swa,Swahili,Mtazamo wa msimu ( {season} ): mvua nyingi kuliko kawaida zina uwezekano mkubwa katika {areas} .,60c6c5a9e1,,,DRAFT machine translation (Google Cloud Translation): needs native-speaker correction; fill validated_by when checked
outlook.temp.above,sentence,en,English,Seasonal outlook ({season}): warmer than usual temperatures are more likely in {areas}.,4c009ed4f7,platform (English master),,
outlook.temp.above,sentence,din,Dinka (Thuongjang),Kë ye tïŋ në thɛɛr ke ruɔ̈ɔ̈n ( {season} ): tuɔ̈c awär thɛɛr ke atuɔ̈c aye röt lac looi në {areas} .,4c009ed4f7,,,DRAFT machine translation (Google Cloud Translation): needs native-speaker correction; fill validated_by when checked
outlook.temp.above,sentence,nus,Nuer (Thok Naath),Thi̱i̱thɔnal min guickɛ( {season} ): lëthdɛ mi̱ läny lëthdɛ min la tuɔɔk ni̱ ciaaŋ bɛ cu tekɛ mi̱ di̱i̱t rɛy {areas} .,4c009ed4f7,,,DRAFT machine translation (Google Cloud Translation): needs native-speaker correction; fill validated_by when checked
outlook.temp.above,sentence,swa,Swahili,Mtazamo wa msimu ( {season} ): halijoto ya joto zaidi kuliko kawaida ina uwezekano mkubwa katika {areas} .,4c009ed4f7,,,DRAFT machine translation (Google Cloud Translation): needs native-speaker correction; fill validated_by when checked
outlook.temp.near,sentence,en,English,Seasonal outlook ({season}): normal temperatures are more likely in {areas}.,54d7a6a848,platform (English master),,
outlook.temp.near,sentence,din,Dinka (Thuongjang),Kë ye tïŋ në thɛɛr ke ruɔ̈ɔ̈n ( {season} ): atuɔ̈c tɔ̈u apuɔth aye thöŋ në {areas} .,54d7a6a848,,,DRAFT machine translation (Google Cloud Translation): needs native-speaker correction; fill validated_by when checked
outlook.temp.near,sentence,nus,Nuer (Thok Naath),Thi̱i̱thɔnal autluok( {season} ): lëthdɛ min ŋa̱ckɛ la bɛ cu te thi̱n rɛy {areas} .,54d7a6a848,,,DRAFT machine translation (Google Cloud Translation): needs native-speaker correction; fill validated_by when checked
outlook.temp.near,sentence,swa,Swahili,Mtazamo wa msimu ( {season} ): halijoto ya kawaida ina uwezekano mkubwa katika {areas} .,54d7a6a848,,,DRAFT machine translation (Google Cloud Translation): needs native-speaker correction; fill validated_by when checked
outlook.temp.below,sentence,en,English,Seasonal outlook ({season}): cooler than usual temperatures are more likely in {areas}.,a2de6c49c6,platform (English master),,
outlook.temp.below,sentence,din,Dinka (Thuongjang),Kë ye tïŋ në thɛɛr ke ruɔ̈ɔ̈n ( {season} ): lir awär thɛɛr ke atuɔ̈c aye röt lac looi në {areas} .,a2de6c49c6,,,DRAFT machine translation (Google Cloud Translation): needs native-speaker correction; fill validated_by when checked
outlook.temp.below,sentence,nus,Nuer (Thok Naath),Thi̱i̱thɔnal autluok( {season} ): kɔ̱cdɛ mi̱ läny lëthdɛ min la tuɔɔk ni̱ ciaaŋ bɛ cu tekɛ mi̱ di̱i̱t rɛy {areas} .,a2de6c49c6,,,DRAFT machine translation (Google Cloud Translation): needs native-speaker correction; fill validated_by when checked
outlook.temp.below,sentence,swa,Swahili,Mtazamo wa msimu ( {season} ): halijoto ya chini kuliko kawaida ina uwezekano mkubwa katika {areas} .,a2de6c49c6,,,DRAFT machine translation (Google Cloud Translation): needs native-speaker correction; fill validated_by when checked
disclaimer,sentence,en,English,"Official warnings are issued by the South Sudan Meteorological Service (SSMS). This advisory is decision support from the hydro-climate platform (satellite rain, soil, river levels and the ECMWF forecast).",8baa456110,platform (English master),,
disclaimer,sentence,din,Dinka (Thuongjang),"Käk ë gël ë kɔc ë bɛ̈ɛ̈i yiic aye keek bɛ̈i tënë akutnhom ë gël ë pïu ë piny ë South Sudan (SSMS). Yen lööŋ kënë ee kuɔɔny ë lööŋ tënë tɔ̈u ë pïu yiic (deŋ ë satellite, tiɔp, pïu ë wɛ̈ɛ̈r ku ECMWF ë thööŋ).",8baa456110,,,DRAFT machine translation (Google Cloud Translation): needs native-speaker correction; fill validated_by when checked
disclaimer,sentence,nus,Nuer (Thok Naath),"La̱r lär ɛ ji̱ la̱t ɛ ji̱ Thɔth Thudan Meteörölöji̱kal Thärbäth (SSMS). Ɛn ruac ɛmɛ ɛ luäk mi̱ caa mat kä ɣai̱drö-ki̱lai̱mɛt plathpuɔm (thati̱lli̱ay nhiaal, mun, pe̱k yiëër kɛnɛ ECMWF min ca lar i̱ bɛ tuɔɔk).",8baa456110,,,DRAFT machine translation (Google Cloud Translation): needs native-speaker correction; fill validated_by when checked
disclaimer,sentence,swa,Swahili,"Maonyo rasmi yanatolewa na Huduma ya Hali ya Hewa ya Sudan Kusini (SSMS). Ushauri huu ni usaidizi wa maamuzi kutoka kwa jukwaa la hali ya hewa ya maji (mvua ya setilaiti, udongo, viwango vya mito na utabiri wa ECMWF).",8baa456110,,,DRAFT machine translation (Google Cloud Translation): needs native-speaker correction; fill validated_by when checked
source_line,sentence,en,English,Source: {source}.,73e77bcbef,platform (English master),,
source_line,sentence,din,Dinka (Thuongjang),Të bïï yen thïn: {source} .,73e77bcbef,,,DRAFT machine translation (Google Cloud Translation): needs native-speaker correction; fill validated_by when checked
source_line,sentence,nus,Nuer (Thok Naath),Gua̱a̱th in tuɔɔkɛ thi̱n: {source} .,73e77bcbef,,,DRAFT machine translation (Google Cloud Translation): needs native-speaker correction; fill validated_by when checked
source_line,sentence,swa,Swahili,Chanzo: {source} .,73e77bcbef,,,DRAFT machine translation (Google Cloud Translation): needs native-speaker correction; fill validated_by when checked
sector.health,heading,en,English,Health,3703cd2168,platform (English master),,
sector.health,heading,din,Dinka (Thuongjang),Pial ë guɔ̈p,3703cd2168,,,DRAFT machine translation (Google Cloud Translation): needs native-speaker correction; fill validated_by when checked
sector.health,heading,nus,Nuer (Thok Naath),Pua̱l pua̱ny,3703cd2168,,,DRAFT machine translation (Google Cloud Translation): needs native-speaker correction; fill validated_by when checked
sector.health,heading,swa,Swahili,Afya,3703cd2168,,,DRAFT machine translation (Google Cloud Translation): needs native-speaker correction; fill validated_by when checked
sector.agriculture,heading,en,English,Agriculture,8d1cd3f01b,platform (English master),,
sector.agriculture,heading,din,Dinka (Thuongjang),Kuäŋ,8d1cd3f01b,,,DRAFT machine translation (Google Cloud Translation): needs native-speaker correction; fill validated_by when checked
sector.agriculture,heading,nus,Nuer (Thok Naath),Pi̱ɛ̱th kɛnɛ puɔ̱r,8d1cd3f01b,,,DRAFT machine translation (Google Cloud Translation): needs native-speaker correction; fill validated_by when checked
sector.agriculture,heading,swa,Swahili,Kilimo,8d1cd3f01b,,,DRAFT machine translation (Google Cloud Translation): needs native-speaker correction; fill validated_by when checked
sector.livestock,heading,en,English,Livestock,d178584835,platform (English master),,
sector.livestock,heading,din,Dinka (Thuongjang),Läi,d178584835,,,DRAFT machine translation (Google Cloud Translation): needs native-speaker correction; fill validated_by when checked
sector.livestock,heading,nus,Nuer (Thok Naath),Leybi̱thtɔk,d178584835,,,DRAFT machine translation (Google Cloud Translation): needs native-speaker correction; fill validated_by when checked
sector.livestock,heading,swa,Swahili,Mifugo,d178584835,,,DRAFT machine translation (Google Cloud Translation): needs native-speaker correction; fill validated_by when checked
sector.water,heading,en,English,Water,de9b1be49d,platform (English master),,
sector.water,heading,din,Dinka (Thuongjang),Pïu,de9b1be49d,,,DRAFT machine translation (Google Cloud Translation): needs native-speaker correction; fill validated_by when checked
sector.water,heading,nus,Nuer (Thok Naath),Pi̱w,de9b1be49d,,,DRAFT machine translation (Google Cloud Translation): needs native-speaker correction; fill validated_by when checked
sector.water,heading,swa,Swahili,Maji,de9b1be49d,,,DRAFT machine translation (Google Cloud Translation): needs native-speaker correction; fill validated_by when checked
sector.community,heading,en,English,Communities and disaster risk reduction,f6c22d7c1e,platform (English master),,
sector.community,heading,din,Dinka (Thuongjang),Kɔc ke baai ku gël de riääk,f6c22d7c1e,,,DRAFT machine translation (Google Cloud Translation): needs native-speaker correction; fill validated_by when checked
sector.community,heading,nus,Nuer (Thok Naath),Kɔmmi̱e̱ni̱ti̱ni̱ kɛnɛ jak rikä kä kuiy,f6c22d7c1e,,,DRAFT machine translation (Google Cloud Translation): needs native-speaker correction; fill validated_by when checked
sector.community,heading,swa,Swahili,Jamii na kupunguza hatari za maafa,f6c22d7c1e,,,DRAFT machine translation (Google Cloud Translation): needs native-speaker correction; fill validated_by when checked
hz_title.flood,heading,en,English,Heavy rain and flood,b9e5cd6103,platform (English master),,
hz_title.flood,heading,din,Dinka (Thuongjang),Deŋdït ku pïu dït,b9e5cd6103,,,DRAFT machine translation (Google Cloud Translation): needs native-speaker correction; fill validated_by when checked
hz_title.flood,heading,nus,Nuer (Thok Naath),Nhiaal mi di̱i̱t kɛnɛ nyɔc mi di̱i̱t,b9e5cd6103,,,DRAFT machine translation (Google Cloud Translation): needs native-speaker correction; fill validated_by when checked
hz_title.flood,heading,swa,Swahili,Mvua kubwa na mafuriko,b9e5cd6103,,,DRAFT machine translation (Google Cloud Translation): needs native-speaker correction; fill validated_by when checked
hz_title.dry,heading,en,English,Dry spell and drought,cd91cceb08,platform (English master),,
hz_title.dry,heading,din,Dinka (Thuongjang),Thɛɛr cï riɛl ku ciɛɛl,cd91cceb08,,,DRAFT machine translation (Google Cloud Translation): needs native-speaker correction; fill validated_by when checked
hz_title.dry,heading,nus,Nuer (Thok Naath),Dry i̱thpɛl kɛnɛ kööt,cd91cceb08,,,DRAFT machine translation (Google Cloud Translation): needs native-speaker correction; fill validated_by when checked
hz_title.dry,heading,swa,Swahili,Kipindi cha ukame na ukame,cd91cceb08,,,DRAFT machine translation (Google Cloud Translation): needs native-speaker correction; fill validated_by when checked
hz_title.heat,heading,en,English,Heat,64c6caa5bd,platform (English master),,
hz_title.heat,heading,din,Dinka (Thuongjang),Tɛ̈n ye yïn tɔ̈ thïn,64c6caa5bd,,,DRAFT machine translation (Google Cloud Translation): needs native-speaker correction; fill validated_by when checked
hz_title.heat,heading,nus,Nuer (Thok Naath),Lëth,64c6caa5bd,,,DRAFT machine translation (Google Cloud Translation): needs native-speaker correction; fill validated_by when checked
hz_title.heat,heading,swa,Swahili,Joto,64c6caa5bd,,,DRAFT machine translation (Google Cloud Translation): needs native-speaker correction; fill validated_by when checked
flood.health.impact.1,advice-flood,en,English,Floodwater can contaminate drinking water.,83dfa7c17c,platform (English master),,
flood.health.impact.1,advice-flood,din,Dinka (Thuongjang),Pïu ke pïu ë pïu alëu bïk pïu ke dëk ya rac.,83dfa7c17c,,,DRAFT machine translation (Google Cloud Translation): needs native-speaker correction; fill validated_by when checked
flood.health.impact.1,advice-flood,nus,Nuer (Thok Naath),Pi̱w nyɔc dee kɛn pi̱w tin mathkɛ ya̱r.,83dfa7c17c,,,DRAFT machine translation (Google Cloud Translation): needs native-speaker correction; fill validated_by when checked
flood.health.impact.1,advice-flood,swa,Swahili,Maji ya mafuriko yanaweza kuchafua maji ya kunywa.,83dfa7c17c,,,DRAFT machine translation (Google Cloud Translation): needs native-speaker correction; fill validated_by when checked
flood.health.impact.2,advice-flood,en,English,Diseases such as cholera and malaria can spread.,51bc5a2548,platform (English master),,
flood.health.impact.2,advice-flood,din,Dinka (Thuongjang),Tuäny cïtmɛn cholera ku malaria aa lëu bïk röt tɛkpiny.,51bc5a2548,,,DRAFT machine translation (Google Cloud Translation): needs native-speaker correction; fill validated_by when checked
flood.health.impact.2,advice-flood,nus,Nuer (Thok Naath),Jua̱th tin ciee kɛ kɔlɔra kɛnɛ malaria dee kɛ rɔ̱ rep.,51bc5a2548,,,DRAFT machine translation (Google Cloud Translation): needs native-speaker correction; fill validated_by when checked
flood.health.impact.2,advice-flood,swa,Swahili,Magonjwa kama vile kipindupindu na malaria yanaweza kuenea.,51bc5a2548,,,DRAFT machine translation (Google Cloud Translation): needs native-speaker correction; fill validated_by when checked
flood.health.impact.3,advice-flood,en,English,Flooding can damage health facilities and cut the roads to them.,03eb2d1eb7,platform (English master),,
flood.health.impact.3,advice-flood,din,Dinka (Thuongjang),Bɛ̈ny alëu bë ɣän ke pial gup riɔ̈ɔ̈k ku gël dhɔ̈l ë ke lɔ thïn.,03eb2d1eb7,,,DRAFT machine translation (Google Cloud Translation): needs native-speaker correction; fill validated_by when checked
flood.health.impact.3,advice-flood,nus,Nuer (Thok Naath),Nyuɔ̱th derɛ gua̱th puɔlä pua̱a̱ny ya̱r kä derɛ dup tin wä kɛ naath thi̱n ŋok.,03eb2d1eb7,,,DRAFT machine translation (Google Cloud Translation): needs native-speaker correction; fill validated_by when checked
flood.health.impact.3,advice-flood,swa,Swahili,Mafuriko yanaweza kuharibu vituo vya afya na kukata barabara zinazoelekea huko.,03eb2d1eb7,,,DRAFT machine translation (Google Cloud Translation): needs native-speaker correction; fill validated_by when checked
flood.health.impact.4,advice-flood,en,English,"Losing a home, property or family members can cause stress and trauma.",a87888dbfe,platform (English master),,
flood.health.impact.4,advice-flood,din,Dinka (Thuongjang),"Na cï baai, käŋ ka kɔc ke paandu määr, ka lëu bïk yïn ya cɔk yök dhöl ë pïïr ku dhöl ë pïïr.",a87888dbfe,,,DRAFT machine translation (Google Cloud Translation): needs native-speaker correction; fill validated_by when checked
flood.health.impact.4,advice-flood,nus,Nuer (Thok Naath),"Mi ci ciëŋ, kuak kiɛ ji̱ dhɔaru bath derɛ ji̱ moc riɛk kɛnɛ jiäk lɔaac.",a87888dbfe,,,DRAFT machine translation (Google Cloud Translation): needs native-speaker correction; fill validated_by when checked
flood.health.impact.4,advice-flood,swa,Swahili,"Kupoteza nyumba, mali au wanafamilia kunaweza kusababisha msongo wa mawazo na kiwewe.",a87888dbfe,,,DRAFT machine translation (Google Cloud Translation): needs native-speaker correction; fill validated_by when checked
flood.health.action.1,advice-flood,en,English,Boil or treat drinking water.,b243891f11,platform (English master),,
flood.health.action.1,advice-flood,din,Dinka (Thuongjang),Boil ku tɔ̈ɔ̈u pïu ke dëk.,b243891f11,,,DRAFT machine translation (Google Cloud Translation): needs native-speaker correction; fill validated_by when checked
flood.health.action.1,advice-flood,nus,Nuer (Thok Naath),Boil kiɛ treat pi̱w ti mathkɛ.,b243891f11,,,DRAFT machine translation (Google Cloud Translation): needs native-speaker correction; fill validated_by when checked
flood.health.action.1,advice-flood,swa,Swahili,Chemsha au tia dawa maji ya kunywa.,b243891f11,,,DRAFT machine translation (Google Cloud Translation): needs native-speaker correction; fill validated_by when checked
flood.health.action.2,advice-flood,en,English,Sleep under a treated mosquito net.,6fdf06c91d,platform (English master),,
flood.health.action.2,advice-flood,din,Dinka (Thuongjang),Nïn në pïu cï keek tɔ̈ɔ̈u yiic.,6fdf06c91d,,,DRAFT machine translation (Google Cloud Translation): needs native-speaker correction; fill validated_by when checked
flood.health.action.2,advice-flood,nus,Nuer (Thok Naath),Nian piny tɔ̱ɔ̱cä mi ca moc kɛ juey.,6fdf06c91d,,,DRAFT machine translation (Google Cloud Translation): needs native-speaker correction; fill validated_by when checked
flood.health.action.2,advice-flood,swa,Swahili,Lala chini ya chandarua kilichotibiwa.,6fdf06c91d,,,DRAFT machine translation (Google Cloud Translation): needs native-speaker correction; fill validated_by when checked
flood.health.action.3,advice-flood,en,English,"Avoid walking or playing in floodwater, and wash hands with soap.",6bfb2c0980,platform (English master),,
flood.health.action.3,advice-flood,din,Dinka (Thuongjang),"Päl cäth ku pol në pïu ë pïu yiic, ku lɔɔk yï cin në thabuun.",6bfb2c0980,,,DRAFT machine translation (Google Cloud Translation): needs native-speaker correction; fill validated_by when checked
flood.health.action.3,advice-flood,nus,Nuer (Thok Naath),"/Cu ja̱l kiɛ ŋar rɛy pi̱i̱ni ti̱ ŋuan, kä lak tetku kɛ tha̱buun.",6bfb2c0980,,,DRAFT machine translation (Google Cloud Translation): needs native-speaker correction; fill validated_by when checked
flood.health.action.3,advice-flood,swa,Swahili,"Epuka kutembea au kucheza kwenye maji ya mafuriko, na osha mikono kwa sabuni.",6bfb2c0980,,,DRAFT machine translation (Google Cloud Translation): needs native-speaker correction; fill validated_by when checked
flood.health.action.4,advice-flood,en,English,Move to higher ground when a flood alert is issued.,f038857400,platform (English master),,
flood.health.action.4,advice-flood,din,Dinka (Thuongjang),Tääu ë yïnhom piny dït të cïn ë lööŋ ke pïu ë pïu ë pïu ë pïu ë pïu.,f038857400,,,DRAFT machine translation (Google Cloud Translation): needs native-speaker correction; fill validated_by when checked
flood.health.action.4,advice-flood,nus,Nuer (Thok Naath),Gɔ̱ri jɛ gua̱a̱th mi bär mi ca ruac kɛ kui̱ nyɔc mi ca lat.,f038857400,,,DRAFT machine translation (Google Cloud Translation): needs native-speaker correction; fill validated_by when checked
flood.health.action.4,advice-flood,swa,Swahili,Sogea kwenye ardhi ya juu wakati tahadhari ya mafuriko inatolewa.,f038857400,,,DRAFT machine translation (Google Cloud Translation): needs native-speaker correction; fill validated_by when checked
flood.health.action.5,advice-flood,en,English,"Health partners: pre-position essential medicines at safe, central points.",9dd58be146,platform (English master),,
flood.health.action.5,advice-flood,din,Dinka (Thuongjang),"Kɔc ye mat në pialguɔ̈p yic: tääuë wal thiekiic në ɣän wën pieth, ɣän ciɛɛl.",9dd58be146,,,DRAFT machine translation (Google Cloud Translation): needs native-speaker correction; fill validated_by when checked
flood.health.action.5,advice-flood,nus,Nuer (Thok Naath),"Ji̱ ji̱ la̱t puɔlä pua̱a̱ny: la̱th wal tin gɔw gua̱a̱th in gɔaa, gua̱a̱th in tä däär.",9dd58be146,,,DRAFT machine translation (Google Cloud Translation): needs native-speaker correction; fill validated_by when checked
flood.health.action.5,advice-flood,swa,Swahili,Washirika wa afya: weka dawa muhimu katika sehemu salama na za kati.,9dd58be146,,,DRAFT machine translation (Google Cloud Translation): needs native-speaker correction; fill validated_by when checked
flood.health.action.6,advice-flood,en,English,Train Boma health workers and volunteers on emergency response and disease control.,5354ddcd90,platform (English master),,
flood.health.action.6,advice-flood,din,Dinka (Thuongjang),Piööc kɔc lui në pialguɔ̈p de Boma ku kɔc lui në dhöl de gël de tuanytuɛɛny ku gël de tuanytuɛɛny.,5354ddcd90,,,DRAFT machine translation (Google Cloud Translation): needs native-speaker correction; fill validated_by when checked
flood.health.action.6,advice-flood,nus,Nuer (Thok Naath),Ŋi̱i̱cni läät puɔlä pua̱a̱ny Boma kɛnɛ nɛy tin luäk naath kɛ luäk kɛ riɛk kɛnɛ ga̱ŋ jua̱thni.,5354ddcd90,,,DRAFT machine translation (Google Cloud Translation): needs native-speaker correction; fill validated_by when checked
flood.health.action.6,advice-flood,swa,Swahili,Wafunze wafanyakazi wa afya wa Boma na wajitolea kuhusu kukabiliana na dharura na udhibiti wa magonjwa.,5354ddcd90,,,DRAFT machine translation (Google Cloud Translation): needs native-speaker correction; fill validated_by when checked
flood.agriculture.impact.1,advice-flood,en,English,Crops can be washed away or rot in waterlogged fields.,6cd0c073f6,platform (English master),,
flood.agriculture.impact.1,advice-flood,din,Dinka (Thuongjang),Kä cï com alëu bïk ya lɔɔk wei wala bïk ya riääk në ɣän cï pïu yök thïn.,6cd0c073f6,,,DRAFT machine translation (Google Cloud Translation): needs native-speaker correction; fill validated_by when checked
flood.agriculture.impact.1,advice-flood,nus,Nuer (Thok Naath),Kä bɛl dëë kɛ lak kiɛ dee kɛ kuɛ̈ɛ̈ rɛy ka̱a̱kni̱ tin ci̱ pi̱w thia̱a̱ŋ kɛ kɛ.,6cd0c073f6,,,DRAFT machine translation (Google Cloud Translation): needs native-speaker correction; fill validated_by when checked
flood.agriculture.impact.1,advice-flood,swa,Swahili,Mazao yanaweza kuoza au kuoza katika mashamba yaliyojaa maji.,6cd0c073f6,,,DRAFT machine translation (Google Cloud Translation): needs native-speaker correction; fill validated_by when checked
flood.agriculture.impact.2,advice-flood,en,English,Planting and weeding can be delayed.,03d9f1c58b,platform (English master),,
flood.agriculture.impact.2,advice-flood,din,Dinka (Thuongjang),Kuɛ̈ny ku tɔ̈ɔ̈u de tiim alëu bïk gääu.,03d9f1c58b,,,DRAFT machine translation (Google Cloud Translation): needs native-speaker correction; fill validated_by when checked
flood.agriculture.impact.2,advice-flood,nus,Nuer (Thok Naath),Pi̱e̱th kɛnɛ pi̱eth juaacni̱ derɛ jääny.,03d9f1c58b,,,DRAFT machine translation (Google Cloud Translation): needs native-speaker correction; fill validated_by when checked
flood.agriculture.impact.2,advice-flood,swa,Swahili,Kupanda na kupalilia kunaweza kucheleweshwa.,03d9f1c58b,,,DRAFT machine translation (Google Cloud Translation): needs native-speaker correction; fill validated_by when checked
flood.agriculture.impact.3,advice-flood,en,English,Seed and stored food can be spoiled.,c6cc7483a0,platform (English master),,
flood.agriculture.impact.3,advice-flood,din,Dinka (Thuongjang),Kɔ̈th ku mïïth cïke tɔ̈ɔ̈u alëu bïk riääk.,c6cc7483a0,,,DRAFT machine translation (Google Cloud Translation): needs native-speaker correction; fill validated_by when checked
flood.agriculture.impact.3,advice-flood,nus,Nuer (Thok Naath),Kuay kɛnɛ mi̱th tin ca tɔ̱w dee kɛ jiäk.,c6cc7483a0,,,DRAFT machine translation (Google Cloud Translation): needs native-speaker correction; fill validated_by when checked
flood.agriculture.impact.3,advice-flood,swa,Swahili,Mbegu na chakula kilichohifadhiwa kinaweza kuharibika.,c6cc7483a0,,,DRAFT machine translation (Google Cloud Translation): needs native-speaker correction; fill validated_by when checked
flood.agriculture.action.1,advice-flood,en,English,Repair or build dykes early.,c7be8bdd59,platform (English master),,
flood.agriculture.action.1,advice-flood,din,Dinka (Thuongjang),Repair au yïk dyke ë thää.,c7be8bdd59,,,DRAFT machine translation (Google Cloud Translation): needs native-speaker correction; fill validated_by when checked
flood.agriculture.action.1,advice-flood,nus,Nuer (Thok Naath),Riali̱kä kiɛ lätni dykes kɛ nhiam.,c7be8bdd59,,,DRAFT machine translation (Google Cloud Translation): needs native-speaker correction; fill validated_by when checked
flood.agriculture.action.1,advice-flood,swa,Swahili,Tengeneza au jenga matundu mapema.,c7be8bdd59,,,DRAFT machine translation (Google Cloud Translation): needs native-speaker correction; fill validated_by when checked
flood.agriculture.action.2,advice-flood,en,English,Keep seed and harvested food high and dry.,e6d3865fc3,platform (English master),,
flood.agriculture.action.2,advice-flood,din,Dinka (Thuongjang),Tääu ë kɔ̈th ku mïïth cï keek tɔ̈ɔ̈u nhial ku cï riɛl.,e6d3865fc3,,,DRAFT machine translation (Google Cloud Translation): needs native-speaker correction; fill validated_by when checked
flood.agriculture.action.2,advice-flood,nus,Nuer (Thok Naath),Käp kuay kɛnɛ mi̱eth in ca ŋɛɛr nhial kä kööt.,e6d3865fc3,,,DRAFT machine translation (Google Cloud Translation): needs native-speaker correction; fill validated_by when checked
flood.agriculture.action.2,advice-flood,swa,Swahili,Weka mbegu na chakula kilichovunwa kwenye maji mengi na kikavu.,e6d3865fc3,,,DRAFT machine translation (Google Cloud Translation): needs native-speaker correction; fill validated_by when checked
flood.agriculture.action.3,advice-flood,en,English,"Where fields flood, choose crops that tolerate wet soil, such as rice.",3c01be923a,platform (English master),,
flood.agriculture.action.3,advice-flood,din,Dinka (Thuongjang),"Të nɔŋ dom ë pïu, ke kuany mïïth ye tiɔp ë pïu yök, cït mɛn de ruth.",3c01be923a,,,DRAFT machine translation (Google Cloud Translation): needs native-speaker correction; fill validated_by when checked
flood.agriculture.action.3,advice-flood,nus,Nuer (Thok Naath),"Gua̱a̱th in ci̱ ka̱a̱k rɔ̱ nyɔk kɛ lëp, kuany kuay tin dee mun mi̱ ci̱ kööt nhɔk, ciee kɛɛ ruth.",3c01be923a,,,DRAFT machine translation (Google Cloud Translation): needs native-speaker correction; fill validated_by when checked
flood.agriculture.action.3,advice-flood,swa,Swahili,"Mashamba yanapofurika, chagua mazao yanayostahimili udongo wenye unyevunyevu, kama vile mchele.",3c01be923a,,,DRAFT machine translation (Google Cloud Translation): needs native-speaker correction; fill validated_by when checked
flood.agriculture.action.4,advice-flood,en,English,Pre-position food and non-food items for families who may be affected.,a7c373ec18,platform (English master),,
flood.agriculture.action.4,advice-flood,din,Dinka (Thuongjang),Tääu ë mïïth tueŋ ku kä cie mïïth tënë kɔc ke bɛ̈i lëu bïk yök.,a7c373ec18,,,DRAFT machine translation (Google Cloud Translation): needs native-speaker correction; fill validated_by when checked
flood.agriculture.action.4,advice-flood,nus,Nuer (Thok Naath),Mieth mi ca la̱th nhiam kɛnɛ mieth mi /ci mɔ a mieth kɛ kui̱ ji̱ gɔaal tin de tekɛ juey.,a7c373ec18,,,DRAFT machine translation (Google Cloud Translation): needs native-speaker correction; fill validated_by when checked
flood.agriculture.action.4,advice-flood,swa,Swahili,Weka chakula na vitu visivyo vya chakula mapema kwa familia ambazo zinaweza kuathiriwa.,a7c373ec18,,,DRAFT machine translation (Google Cloud Translation): needs native-speaker correction; fill validated_by when checked
flood.livestock.impact.1,advice-flood,en,English,Waterborne diseases can spread among animals.,d7f46d84da,platform (English master),,
flood.livestock.impact.1,advice-flood,din,Dinka (Thuongjang),Tuɛnytuɛny ë pïu yiic alëu bïk röt tɛkpiny tënë läi.,d7f46d84da,,,DRAFT machine translation (Google Cloud Translation): needs native-speaker correction; fill validated_by when checked
flood.livestock.impact.1,advice-flood,nus,Nuer (Thok Naath),Jua̱th tin nööŋkɛ ɛ pi̱w dee kɛ däk kam leeyni.,d7f46d84da,,,DRAFT machine translation (Google Cloud Translation): needs native-speaker correction; fill validated_by when checked
flood.livestock.impact.1,advice-flood,swa,Swahili,Magonjwa yanayosababishwa na maji yanaweza kuenea miongoni mwa wanyama.,d7f46d84da,,,DRAFT machine translation (Google Cloud Translation): needs native-speaker correction; fill validated_by when checked
flood.livestock.impact.2,advice-flood,en,English,"Pastures and cattle camps can be flooded, and animals can be stranded.",c6e15cb848,platform (English master),,
flood.livestock.impact.2,advice-flood,din,Dinka (Thuongjang),"Ɣän ke ɣɔ̈k ku ɣän ke ɣɔ̈k alëu bïk pïu thöl, ku läi alëu bïk thök.",c6e15cb848,,,DRAFT machine translation (Google Cloud Translation): needs native-speaker correction; fill validated_by when checked
flood.livestock.impact.2,advice-flood,nus,Nuer (Thok Naath),"Gua̱th tin la camkɛ thi̱n kɛnɛ gua̱th tin la ɣɔ̱ɔ̱k ɛ tɔ̱a̱wkɛ thi̱n dee kɛn rɔ̱ moc kɛ pi̱w, kä dee ley rɔ̱ moc kɛ pɛ̈th.",c6e15cb848,,,DRAFT machine translation (Google Cloud Translation): needs native-speaker correction; fill validated_by when checked
flood.livestock.impact.2,advice-flood,swa,Swahili,"Malisho na kambi za ng'ombe zinaweza kufurika, na wanyama wanaweza kukwama.",c6e15cb848,,,DRAFT machine translation (Google Cloud Translation): needs native-speaker correction; fill validated_by when checked
flood.livestock.action.1,advice-flood,en,English,"Move animals to higher ground early, together with your neighbours.",e3354a63f0,platform (English master),,
flood.livestock.action.1,advice-flood,din,Dinka (Thuongjang),"Tääu ë läi piny dït apɛi ë thää yiic, ë tök kek kɔc thiääk ke yïïn.",e3354a63f0,,,DRAFT machine translation (Google Cloud Translation): needs native-speaker correction; fill validated_by when checked
flood.livestock.action.1,advice-flood,nus,Nuer (Thok Naath),"Naŋ le̱y gua̱a̱th mi̱ bäär kɛ pɛ̈th, kɛɛl kɛ ji̱ thieekädu.",e3354a63f0,,,DRAFT machine translation (Google Cloud Translation): needs native-speaker correction; fill validated_by when checked
flood.livestock.action.1,advice-flood,swa,Swahili,"Hamisha wanyama hadi kwenye ardhi ya juu mapema, pamoja na majirani zako.",e3354a63f0,,,DRAFT machine translation (Google Cloud Translation): needs native-speaker correction; fill validated_by when checked
flood.livestock.action.2,advice-flood,en,English,Vaccinate animals before the floods.,c7b6c436f8,platform (English master),,
flood.livestock.action.2,advice-flood,din,Dinka (Thuongjang),Tääu ë läi nhïïm piny ke pïu këc bɛ̈n.,c7b6c436f8,,,DRAFT machine translation (Google Cloud Translation): needs native-speaker correction; fill validated_by when checked
flood.livestock.action.2,advice-flood,nus,Nuer (Thok Naath),La̱tdɛ le̱y ɛ ŋot /ke̱n nyɔc ni cop.,c7b6c436f8,,,DRAFT machine translation (Google Cloud Translation): needs native-speaker correction; fill validated_by when checked
flood.livestock.action.2,advice-flood,swa,Swahili,Chanja wanyama kabla ya mafuriko.,c7b6c436f8,,,DRAFT machine translation (Google Cloud Translation): needs native-speaker correction; fill validated_by when checked
flood.livestock.action.3,advice-flood,en,English,Keep a reserve of feed.,14f2b4d2f4,platform (English master),,
flood.livestock.action.3,advice-flood,din,Dinka (Thuongjang),Tääu ë tɔ̈ɔ̈u de mïïth.,14f2b4d2f4,,,DRAFT machine translation (Google Cloud Translation): needs native-speaker correction; fill validated_by when checked
flood.livestock.action.3,advice-flood,nus,Nuer (Thok Naath),Käpni reserve mieth.,14f2b4d2f4,,,DRAFT machine translation (Google Cloud Translation): needs native-speaker correction; fill validated_by when checked
flood.livestock.action.3,advice-flood,swa,Swahili,Weka akiba ya chakula.,14f2b4d2f4,,,DRAFT machine translation (Google Cloud Translation): needs native-speaker correction; fill validated_by when checked
flood.water.impact.1,advice-flood,en,English,River levels and stream flows rise.,c1f471e0c9,platform (English master),,
flood.water.impact.1,advice-flood,din,Dinka (Thuongjang),Tɛ̈n ë wɛ̈ɛ̈r ku wɛ̈ɛ̈r ë pïu ë pïu ë pïu ë pïu ë pïu ë pïu.,c1f471e0c9,,,DRAFT machine translation (Google Cloud Translation): needs native-speaker correction; fill validated_by when checked
flood.water.impact.1,advice-flood,nus,Nuer (Thok Naath),Kä lɛbeli̱ kiɛɛr kɛnɛ ja̱l yiëër la wä nhial.,c1f471e0c9,,,DRAFT machine translation (Google Cloud Translation): needs native-speaker correction; fill validated_by when checked
flood.water.impact.1,advice-flood,swa,Swahili,Viwango vya mito na mtiririko wa vijito huongezeka.,c1f471e0c9,,,DRAFT machine translation (Google Cloud Translation): needs native-speaker correction; fill validated_by when checked
flood.water.impact.2,advice-flood,en,English,"Floodwater can contaminate boreholes, hand pumps and open water points.",5876f3dbb8,platform (English master),,
flood.water.impact.2,advice-flood,din,Dinka (Thuongjang),"Pïu ë pïu ë pïu ë pïu ë pïu ë pïu ë pïu ë pïu, pïu ë pïu ë cin ku ɣän ë pïu ë ɣëët.",5876f3dbb8,,,DRAFT machine translation (Google Cloud Translation): needs native-speaker correction; fill validated_by when checked
flood.water.impact.2,advice-flood,nus,Nuer (Thok Naath),"Pi̱w tin ci̱ tuɔɔk dee kɛn boreholes, puɔmni̱ tetni̱ kɛnɛ gua̱th tin tä pi̱w thi̱n ya̱r.",5876f3dbb8,,,DRAFT machine translation (Google Cloud Translation): needs native-speaker correction; fill validated_by when checked
flood.water.impact.2,advice-flood,swa,Swahili,"Maji ya mafuriko yanaweza kuchafua visima, pampu za mkono na sehemu za maji zilizo wazi.",5876f3dbb8,,,DRAFT machine translation (Google Cloud Translation): needs native-speaker correction; fill validated_by when checked
flood.water.action.1,advice-flood,en,English,Watch rising river levels and report danger levels to the local authorities.,7ae790d1b4,platform (English master),,
flood.water.action.1,advice-flood,din,Dinka (Thuongjang),Tïŋ ë pïu ë wɛ̈ɛ̈r ë pïu ë wɛ̈ɛ̈r ku luel ë pïu ë rɛ̈ɛ̈c tënë akutnhïïm ke baai.,7ae790d1b4,,,DRAFT machine translation (Google Cloud Translation): needs native-speaker correction; fill validated_by when checked
flood.water.action.1,advice-flood,nus,Nuer (Thok Naath),Guic pi̱w tin ci̱ rɔ̱ jiɛc nhial kä läri jɛ kua̱r wec tin ci̱ riɛk tuɔɔk.,7ae790d1b4,,,DRAFT machine translation (Google Cloud Translation): needs native-speaker correction; fill validated_by when checked
flood.water.action.1,advice-flood,swa,Swahili,Tazama kupanda kwa kina cha mto na uripoti viwango vya hatari kwa mamlaka za mitaa.,7ae790d1b4,,,DRAFT machine translation (Google Cloud Translation): needs native-speaker correction; fill validated_by when checked
flood.water.action.2,advice-flood,en,English,"Protect water points from floodwater, and treat water before drinking.",f69f4a7772,platform (English master),,
flood.water.action.2,advice-flood,din,Dinka (Thuongjang),"Tïŋ ɣän ë pïu ë pïu ë pïu ë pïu ë pïu, ku pïu ë pïu ë pïu ë pïu ë pïu ë pïu.",f69f4a7772,,,DRAFT machine translation (Google Cloud Translation): needs native-speaker correction; fill validated_by when checked
flood.water.action.2,advice-flood,nus,Nuer (Thok Naath),"Gaŋ gua̱th tin tekɛ pi̱w thi̱n kä pi̱w tin ci̱ tuɔɔk, kä riali̱ pi̱w i̱kä ɛ ŋot käni jɛ ni math.",f69f4a7772,,,DRAFT machine translation (Google Cloud Translation): needs native-speaker correction; fill validated_by when checked
flood.water.action.2,advice-flood,swa,Swahili,"Linda sehemu za maji kutokana na mafuriko, na tibu maji kabla ya kunywa.",f69f4a7772,,,DRAFT machine translation (Google Cloud Translation): needs native-speaker correction; fill validated_by when checked
flood.water.action.3,advice-flood,en,English,Collect storm water in clean containers.,fdbe8e09b5,platform (English master),,
flood.water.action.3,advice-flood,din,Dinka (Thuongjang),Kuɔ̈ɔ̈t pïu ke pïu ë pïu ë pïu ë pïu ë pïu ë pïu.,fdbe8e09b5,,,DRAFT machine translation (Google Cloud Translation): needs native-speaker correction; fill validated_by when checked
flood.water.action.3,advice-flood,nus,Nuer (Thok Naath),Ruuli̱ pi̱w ti̱ ci̱ tuɔɔk rɛy thaakni̱ ti̱ gɔw.,fdbe8e09b5,,,DRAFT machine translation (Google Cloud Translation): needs native-speaker correction; fill validated_by when checked
flood.water.action.3,advice-flood,swa,Swahili,Kusanya maji ya dhoruba kwenye vyombo safi.,fdbe8e09b5,,,DRAFT machine translation (Google Cloud Translation): needs native-speaker correction; fill validated_by when checked
flood.community.impact.1,advice-flood,en,English,Roads and bridges can be cut and families can be displaced.,5fcf0d955b,platform (English master),,
flood.community.impact.1,advice-flood,din,Dinka (Thuongjang),Dhɔ̈l ku bɛ̈ɛ̈i alëu bïk thök ku kɔc ke bɛ̈i alëu bïk jäl.,5fcf0d955b,,,DRAFT machine translation (Google Cloud Translation): needs native-speaker correction; fill validated_by when checked
flood.community.impact.1,advice-flood,nus,Nuer (Thok Naath),Dup kɛnɛ bäär dëë kɛ ŋok kä dëë ji̱ gɔaal ŋok.,5fcf0d955b,,,DRAFT machine translation (Google Cloud Translation): needs native-speaker correction; fill validated_by when checked
flood.community.impact.1,advice-flood,swa,Swahili,Barabara na madaraja vinaweza kukatwa na familia zinaweza kuhamishwa.,5fcf0d955b,,,DRAFT machine translation (Google Cloud Translation): needs native-speaker correction; fill validated_by when checked
flood.community.impact.2,advice-flood,en,English,Tension can rise when many families share limited high ground.,158165fca4,platform (English master),,
flood.community.impact.2,advice-flood,din,Dinka (Thuongjang),Tension alëu bë lɔ nhial të cenë bɛ̈i juïc piny tɔ̈ nhial rɔm.,158165fca4,,,DRAFT machine translation (Google Cloud Translation): needs native-speaker correction; fill validated_by when checked
flood.community.impact.2,advice-flood,nus,Nuer (Thok Naath),Ɛn ŋaknɔm derɛ rɔ jiɛc mi̱ ci̱ ji̱ gɔaal ti̱ ŋuan gua̱a̱th mi̱ tɔt nyuak kɛɛl.,158165fca4,,,DRAFT machine translation (Google Cloud Translation): needs native-speaker correction; fill validated_by when checked
flood.community.impact.2,advice-flood,swa,Swahili,Mvutano unaweza kuongezeka wakati familia nyingi zinashiriki eneo dogo la juu.,158165fca4,,,DRAFT machine translation (Google Cloud Translation): needs native-speaker correction; fill validated_by when checked
flood.community.action.1,advice-flood,en,English,"Agree now on high ground and escape routes for people, animals and food.",fc49628f9e,platform (English master),,
flood.community.action.1,advice-flood,din,Dinka (Thuongjang),"Gäm ëmɛn në ɣän tɔ̈ nhial ku dhɔ̈l ke jäl tënë kɔc, läi ku mïïth.",fc49628f9e,,,DRAFT machine translation (Google Cloud Translation): needs native-speaker correction; fill validated_by when checked
flood.community.action.1,advice-flood,nus,Nuer (Thok Naath),"Mat ɛntäämɛ gua̱a̱th mi̱ bäär kɛnɛ dup tin dëë rɔ̱ bar thi̱n kɛ kui̱ nath, le̱y kɛnɛ mi̱eth.",fc49628f9e,,,DRAFT machine translation (Google Cloud Translation): needs native-speaker correction; fill validated_by when checked
flood.community.action.1,advice-flood,swa,Swahili,"Kubaliana sasa kuhusu njia za kutorokea watu, wanyama na chakula.",fc49628f9e,,,DRAFT machine translation (Google Cloud Translation): needs native-speaker correction; fill validated_by when checked
flood.community.action.2,advice-flood,en,English,"Keep boats ready, and follow your chief, local authorities and the radio.",fdd8e755c0,platform (English master),,
flood.community.action.2,advice-flood,din,Dinka (Thuongjang),"Ye riäth wïïr tɔ̈ɔ̈u, ku kuany bänydu cök, akutnhïïm ke baai ku radiö.",fdd8e755c0,,,DRAFT machine translation (Google Cloud Translation): needs native-speaker correction; fill validated_by when checked
flood.community.action.2,advice-flood,nus,Nuer (Thok Naath),"La̱tdɛ riey, kä guur kuäärdu, kua̱r wec kɛnɛ radiö.",fdd8e755c0,,,DRAFT machine translation (Google Cloud Translation): needs native-speaker correction; fill validated_by when checked
flood.community.action.2,advice-flood,swa,Swahili,"Weka boti tayari, na mfuate mkuu wako, mamlaka za mitaa na redio.",fdd8e755c0,,,DRAFT machine translation (Google Cloud Translation): needs native-speaker correction; fill validated_by when checked
flood.community.action.3,advice-flood,en,English,Hold community awareness sessions through disaster risk management committees (DRMCs).,4fe717f74a,platform (English master),,
flood.community.action.3,advice-flood,din,Dinka (Thuongjang),Tääu ë lööŋ ke gël de kɔc ë baai në akutnhïïm ke gël de riääk (DRMCs).,4fe717f74a,,,DRAFT machine translation (Google Cloud Translation): needs native-speaker correction; fill validated_by when checked
flood.community.action.3,advice-flood,nus,Nuer (Thok Naath),La̱tdɛ ŋi̱i̱c nath kɛ kui̱ nɛɛni tin cieŋ rɛy wec kɛ dup kɔmiti̱ tin lät kɛ kui̱ rikä (DRMCs).,4fe717f74a,,,DRAFT machine translation (Google Cloud Translation): needs native-speaker correction; fill validated_by when checked
flood.community.action.3,advice-flood,swa,Swahili,Kuendesha vikao vya uhamasishaji wa jamii kupitia kamati za usimamizi wa hatari za maafa (DRMCs).,4fe717f74a,,,DRAFT machine translation (Google Cloud Translation): needs native-speaker correction; fill validated_by when checked
flood.community.action.4,advice-flood,en,English,Train community groups on disaster preparedness and response.,9a3d2fb846,platform (English master),,
flood.community.action.4,advice-flood,din,Dinka (Thuongjang),Piööc akuut ke kɔc ke baai në dhöl benë kek röt ya guiir në kë de riääk ku jɔl ya dhöl benë kek ya dhuknhïïm.,9a3d2fb846,,,DRAFT machine translation (Google Cloud Translation): needs native-speaker correction; fill validated_by when checked
flood.community.action.4,advice-flood,nus,Nuer (Thok Naath),Ŋi̱i̱c buni̱ ji̱ wec kɛ kui̱ riali̱diɛn i̱kä kɛ riɛk kɛnɛ luäkdiɛn.,9a3d2fb846,,,DRAFT machine translation (Google Cloud Translation): needs native-speaker correction; fill validated_by when checked
flood.community.action.4,advice-flood,swa,Swahili,Toa mafunzo kwa vikundi vya jamii kuhusu maandalizi na mwitikio wa maafa.,9a3d2fb846,,,DRAFT machine translation (Google Cloud Translation): needs native-speaker correction; fill validated_by when checked
flood.community.action.5,advice-flood,en,English,"Share high ground peacefully, and look after children, older people and people with disabilities first.",a9e3e8a428,platform (English master),,
flood.community.action.5,advice-flood,din,Dinka (Thuongjang),"Tääu ë piny dït ë dɔ̈ɔ̈r, ku tïŋ mïth, kɔcdït ku kɔc nɔŋ ɣän niɔp tueŋ.",a9e3e8a428,,,DRAFT machine translation (Google Cloud Translation): needs native-speaker correction; fill validated_by when checked
flood.community.action.5,advice-flood,nus,Nuer (Thok Naath),"Nyuakni gua̱th tin te nhial kɛ mal, kä guic gaat, nɛy tin ci dɔŋ kɛnɛ nɛy tin tekɛ jua̱th kɛ nhiam.",a9e3e8a428,,,DRAFT machine translation (Google Cloud Translation): needs native-speaker correction; fill validated_by when checked
flood.community.action.5,advice-flood,swa,Swahili,"Shiriki katika hali ya juu kwa amani, na uwatunze watoto, wazee na watu wenye ulemavu kwanza.",a9e3e8a428,,,DRAFT machine translation (Google Cloud Translation): needs native-speaker correction; fill validated_by when checked
dry.health.impact.1,advice-dry,en,English,Less food and milk can lead to malnutrition.,816feba9ab,platform (English master),,
dry.health.impact.1,advice-dry,din,Dinka (Thuongjang),Mïïth lik ku mïïth lik alëu bïk yï cɔk yök mïïth cie cam.,816feba9ab,,,DRAFT machine translation (Google Cloud Translation): needs native-speaker correction; fill validated_by when checked
dry.health.impact.1,advice-dry,nus,Nuer (Thok Naath),Mieth mi tɔt kɛnɛ cak derɛ naath jakä dak mi̱eth.,816feba9ab,,,DRAFT machine translation (Google Cloud Translation): needs native-speaker correction; fill validated_by when checked
dry.health.impact.1,advice-dry,swa,Swahili,Chakula kidogo na maziwa yanaweza kusababisha utapiamlo.,816feba9ab,,,DRAFT machine translation (Google Cloud Translation): needs native-speaker correction; fill validated_by when checked
dry.health.impact.2,advice-dry,en,English,Dust can cause breathing problems.,ca42f924ee,platform (English master),,
dry.health.impact.2,advice-dry,din,Dinka (Thuongjang),Dust alëu bï yïn ya gël në wëëi.,ca42f924ee,,,DRAFT machine translation (Google Cloud Translation): needs native-speaker correction; fill validated_by when checked
dry.health.impact.2,advice-dry,nus,Nuer (Thok Naath),Duth derɛ naath jakä bɛc yiëë.,ca42f924ee,,,DRAFT machine translation (Google Cloud Translation): needs native-speaker correction; fill validated_by when checked
dry.health.impact.2,advice-dry,swa,Swahili,Vumbi linaweza kusababisha matatizo ya kupumua.,ca42f924ee,,,DRAFT machine translation (Google Cloud Translation): needs native-speaker correction; fill validated_by when checked
dry.health.impact.3,advice-dry,en,English,Water shortage and less hand washing can spread infectious diseases.,e79b337ef9,platform (English master),,
dry.health.impact.3,advice-dry,din,Dinka (Thuongjang),Lëu ë pïu ku lɔ̈c ë cin lik alëu bïk tuanytuɛɛny ë thäät ë thäät ë thäät ë thäät.,e79b337ef9,,,DRAFT machine translation (Google Cloud Translation): needs native-speaker correction; fill validated_by when checked
dry.health.impact.3,advice-dry,nus,Nuer (Thok Naath),Kä dak pi̱i̱ni kɛnɛ /thiɛl tetni lak derɛ jua̱th tin la bɛ̈c bɛ̈c nööŋ.,e79b337ef9,,,DRAFT machine translation (Google Cloud Translation): needs native-speaker correction; fill validated_by when checked
dry.health.impact.3,advice-dry,swa,Swahili,Uhaba wa maji na kunawa mikono kidogo kunaweza kueneza magonjwa ya kuambukiza.,e79b337ef9,,,DRAFT machine translation (Google Cloud Translation): needs native-speaker correction; fill validated_by when checked
dry.health.action.1,advice-dry,en,English,Save and protect clean water.,c9aaea998a,platform (English master),,
dry.health.action.1,advice-dry,din,Dinka (Thuongjang),Tɔ̈ɔ̈u ku gël pïu ë pïu ë pïu.,c9aaea998a,,,DRAFT machine translation (Google Cloud Translation): needs native-speaker correction; fill validated_by when checked
dry.health.action.1,advice-dry,nus,Nuer (Thok Naath),Käp kɛnɛ ga̱ŋ pi̱i̱ni̱ ti̱ gɔw.,c9aaea998a,,,DRAFT machine translation (Google Cloud Translation): needs native-speaker correction; fill validated_by when checked
dry.health.action.1,advice-dry,swa,Swahili,Okoa na linda maji safi.,c9aaea998a,,,DRAFT machine translation (Google Cloud Translation): needs native-speaker correction; fill validated_by when checked
dry.health.action.2,advice-dry,en,English,Wash hands with soap whenever water allows.,cdf2c1c95b,platform (English master),,
dry.health.action.2,advice-dry,din,Dinka (Thuongjang),Lɔk yï cin në thabuun të nɔŋ pïu ë pïu.,cdf2c1c95b,,,DRAFT machine translation (Google Cloud Translation): needs native-speaker correction; fill validated_by when checked
dry.health.action.2,advice-dry,nus,Nuer (Thok Naath),Lak tetdu kɛ tha̱buun gua̱a̱thni̱ diaal tin ci̱ pi̱w kɛ nhɔk.,cdf2c1c95b,,,DRAFT machine translation (Google Cloud Translation): needs native-speaker correction; fill validated_by when checked
dry.health.action.2,advice-dry,swa,Swahili,Osha mikono kwa sabuni kila maji yanaporuhusu.,cdf2c1c95b,,,DRAFT machine translation (Google Cloud Translation): needs native-speaker correction; fill validated_by when checked
dry.health.action.3,advice-dry,en,English,Share health advice through community radio and risk communication and community engagement (RCCE).,1a3618cf78,platform (English master),,
dry.health.action.3,advice-dry,din,Dinka (Thuongjang),Tääu ë wël ë lëk ë pial guöp në radio de kɔc ë baai ku jam de riääk ku yök de kɔc ë baai (RCCE).,1a3618cf78,,,DRAFT machine translation (Google Cloud Translation): needs native-speaker correction; fill validated_by when checked
dry.health.action.3,advice-dry,nus,Nuer (Thok Naath),Nyuak ruac kɛ kui̱ puɔlä pua̱a̱ny kɛ rɛy radiö rɛy wec kɛnɛ ruac kɛ kui̱ rikä kɛnɛ mat nath rɛy wec (RCCE).,1a3618cf78,,,DRAFT machine translation (Google Cloud Translation): needs native-speaker correction; fill validated_by when checked
dry.health.action.3,advice-dry,swa,Swahili,Shiriki ushauri wa afya kupitia redio ya jamii na mawasiliano ya hatari na ushiriki wa jamii (RCCE).,1a3618cf78,,,DRAFT machine translation (Google Cloud Translation): needs native-speaker correction; fill validated_by when checked
dry.agriculture.impact.1,advice-dry,en,English,Planting can be delayed and early crops can fail.,257ed2b8d4,platform (English master),,
dry.agriculture.impact.1,advice-dry,din,Dinka (Thuongjang),Tɔ̈ɔ̈u alëu bï gääu ku mïïth cï lac com alëu bïk thök.,257ed2b8d4,,,DRAFT machine translation (Google Cloud Translation): needs native-speaker correction; fill validated_by when checked
dry.agriculture.impact.1,advice-dry,nus,Nuer (Thok Naath),Pi̱e̱th derɛ jääny kä bɛl tin nhiam dee kɛ pa̱k.,257ed2b8d4,,,DRAFT machine translation (Google Cloud Translation): needs native-speaker correction; fill validated_by when checked
dry.agriculture.impact.1,advice-dry,swa,Swahili,Kupanda kunaweza kucheleweshwa na mazao ya mapema yanaweza kushindwa.,257ed2b8d4,,,DRAFT machine translation (Google Cloud Translation): needs native-speaker correction; fill validated_by when checked
dry.agriculture.impact.2,advice-dry,en,English,Harvests and the area planted can fall.,2c455f117d,platform (English master),,
dry.agriculture.impact.2,advice-dry,din,Dinka (Thuongjang),Kä cï keek tɔ̈ɔ̈u ku ɣän cï keek com alëu bïk lööny piny.,2c455f117d,,,DRAFT machine translation (Google Cloud Translation): needs native-speaker correction; fill validated_by when checked
dry.agriculture.impact.2,advice-dry,nus,Nuer (Thok Naath),Kä thɔ̱l kɛnɛ gua̱a̱th in ca pith thi̱n derɛ wä piny.,2c455f117d,,,DRAFT machine translation (Google Cloud Translation): needs native-speaker correction; fill validated_by when checked
dry.agriculture.impact.2,advice-dry,swa,Swahili,Mavuno na eneo lililopandwa linaweza kuanguka.,2c455f117d,,,DRAFT machine translation (Google Cloud Translation): needs native-speaker correction; fill validated_by when checked
dry.agriculture.impact.3,advice-dry,en,English,"Pests and crop diseases can increase, and the cost of production can rise.",59103e9972,platform (English master),,
dry.agriculture.impact.3,advice-dry,din,Dinka (Thuongjang),"Käm ku tuanytuɛɛny ë mïïth alëu bïk röt juak, ku wëu ë luɔi alëu bïk röt juak.",59103e9972,,,DRAFT machine translation (Google Cloud Translation): needs native-speaker correction; fill validated_by when checked
dry.agriculture.impact.3,advice-dry,nus,Nuer (Thok Naath),"Pethni̱ kɛnɛ jua̱th kuayni̱ dee kɛ rɔ̱ re̱p, kä ɛn kök in laa naŋkɛ ni̱ jɛ derɛ rɔ rep.",59103e9972,,,DRAFT machine translation (Google Cloud Translation): needs native-speaker correction; fill validated_by when checked
dry.agriculture.impact.3,advice-dry,swa,Swahili,"Wadudu na magonjwa ya mazao yanaweza kuongezeka, na gharama ya uzalishaji inaweza kuongezeka.",59103e9972,,,DRAFT machine translation (Google Cloud Translation): needs native-speaker correction; fill validated_by when checked
dry.agriculture.impact.4,advice-dry,en,English,Food shortages and malnutrition can follow.,c2a9812891,platform (English master),,
dry.agriculture.impact.4,advice-dry,din,Dinka (Thuongjang),Kuɛ̈ny ë mïïth ku thök ë mïïth alëu bïk bɛ̈n.,c2a9812891,,,DRAFT machine translation (Google Cloud Translation): needs native-speaker correction; fill validated_by when checked
dry.agriculture.impact.4,advice-dry,nus,Nuer (Thok Naath),Kä dak mi̱eth kɛnɛ /thiɛl mi̱eth derɛ guɔ̱ɔ̱r.,c2a9812891,,,DRAFT machine translation (Google Cloud Translation): needs native-speaker correction; fill validated_by when checked
dry.agriculture.impact.4,advice-dry,swa,Swahili,Uhaba wa chakula na utapiamlo vinaweza kufuatia.,c2a9812891,,,DRAFT machine translation (Google Cloud Translation): needs native-speaker correction; fill validated_by when checked
dry.agriculture.action.1,advice-dry,en,English,Delay planting until the soil is moist enough.,04fa34b8c2,platform (English master),,
dry.agriculture.action.1,advice-dry,din,Dinka (Thuongjang),Tääu ë tiim piny agut cï bï tiɔp ya thök ë pïu.,04fa34b8c2,,,DRAFT machine translation (Google Cloud Translation): needs native-speaker correction; fill validated_by when checked
dry.agriculture.action.1,advice-dry,nus,Nuer (Thok Naath),La̱tdɛ pie̱th amäni mi̱ ci̱ mun kööt ɛ ro̱ŋ.,04fa34b8c2,,,DRAFT machine translation (Google Cloud Translation): needs native-speaker correction; fill validated_by when checked
dry.agriculture.action.1,advice-dry,swa,Swahili,Chelewesha kupanda hadi udongo uwe na unyevu wa kutosha.,04fa34b8c2,,,DRAFT machine translation (Google Cloud Translation): needs native-speaker correction; fill validated_by when checked
dry.agriculture.action.2,advice-dry,en,English,Use drought-tolerant crops and short-maturity seed.,e0ba253cc4,platform (English master),,
dry.agriculture.action.2,advice-dry,din,Dinka (Thuongjang),Luɔ̈ɔ̈i ë kä ye luɔk ye thɔ̈ɔ̈r ku kɔ̈th ye cil amääth.,e0ba253cc4,,,DRAFT machine translation (Google Cloud Translation): needs native-speaker correction; fill validated_by when checked
dry.agriculture.action.2,advice-dry,nus,Nuer (Thok Naath),La̱tdɛ bɛl tin /ci̱ kööt-ruɔt kɛnɛ kuay tin ci̱ di̱t-kɛ gua̱a̱th mi̱ tɔt.,e0ba253cc4,,,DRAFT machine translation (Google Cloud Translation): needs native-speaker correction; fill validated_by when checked
dry.agriculture.action.2,advice-dry,swa,Swahili,Tumia mazao yanayostahimili ukame na mbegu zinazokomaa kwa muda mfupi.,e0ba253cc4,,,DRAFT machine translation (Google Cloud Translation): needs native-speaker correction; fill validated_by when checked
dry.agriculture.action.3,advice-dry,en,English,"Practise water harvesting and water saving, and use drip irrigation where possible.",0d9daa8d64,platform (English master),,
dry.agriculture.action.3,advice-dry,din,Dinka (Thuongjang),"Tïŋ pïu ë tɔ̈ɔ̈u ku pïu ë tɔ̈ɔ̈u, ku luɔ̈ɔ̈i ë pïu ë pïu ë pïu ë pïu të lëu yen rot.",0d9daa8d64,,,DRAFT machine translation (Google Cloud Translation): needs native-speaker correction; fill validated_by when checked
dry.agriculture.action.3,advice-dry,nus,Nuer (Thok Naath),"La̱tdɛ pi̱w ti̱ ŋuan kɛnɛ ga̱ŋ pi̱i̱ni̱, kä lätni drip irrigation gua̱a̱th in de rɔ lot.",0d9daa8d64,,,DRAFT machine translation (Google Cloud Translation): needs native-speaker correction; fill validated_by when checked
dry.agriculture.action.3,advice-dry,swa,Swahili,"Fanya mazoezi ya kuvuna maji na kuokoa maji, na tumia umwagiliaji wa matone inapowezekana.",0d9daa8d64,,,DRAFT machine translation (Google Cloud Translation): needs native-speaker correction; fill validated_by when checked
dry.agriculture.action.4,advice-dry,en,English,Diversify livelihoods and keep a food reserve.,b7904e6dc0,platform (English master),,
dry.agriculture.action.4,advice-dry,din,Dinka (Thuongjang),Tääu ë pïïr ë kɔc yiic ku tɔ̈ɔ̈u ë mïïth.,b7904e6dc0,,,DRAFT machine translation (Google Cloud Translation): needs native-speaker correction; fill validated_by when checked
dry.agriculture.action.4,advice-dry,nus,Nuer (Thok Naath),Käp ciɛŋä teekä ti̱ gööl kɛnɛ tiet mi̱eth mi̱ ca tɔ̱w.,b7904e6dc0,,,DRAFT machine translation (Google Cloud Translation): needs native-speaker correction; fill validated_by when checked
dry.agriculture.action.4,advice-dry,swa,Swahili,Badilisha njia za kujipatia riziki na uweke akiba ya chakula.,b7904e6dc0,,,DRAFT machine translation (Google Cloud Translation): needs native-speaker correction; fill validated_by when checked
dry.livestock.impact.1,advice-dry,en,English,"Pasture and water can become short, and animals can weaken in the heat.",79c11bdbff,platform (English master),,
dry.livestock.impact.1,advice-dry,din,Dinka (Thuongjang),"Pastor ku pïu alëu bïk ya thök, ku läi alëu bïk ya niɔ̈ɔ̈p në atuɔ̈c yic.",79c11bdbff,,,DRAFT machine translation (Google Cloud Translation): needs native-speaker correction; fill validated_by when checked
dry.livestock.impact.1,advice-dry,nus,Nuer (Thok Naath),"Gua̱th kɛnɛ pi̱w deekɛ kuɛ̈ɛ̈, kä dee ley kuɛ̈ɛ̈ rɛy lëthä.",79c11bdbff,,,DRAFT machine translation (Google Cloud Translation): needs native-speaker correction; fill validated_by when checked
dry.livestock.impact.1,advice-dry,swa,Swahili,"Malisho na maji vinaweza kuwa vifupi, na wanyama wanaweza kudhoofika kutokana na joto.",79c11bdbff,,,DRAFT machine translation (Google Cloud Translation): needs native-speaker correction; fill validated_by when checked
dry.livestock.impact.2,advice-dry,en,English,Herders and animals may have to travel far to find water and pasture.,d1a15eb7f9,platform (English master),,
dry.livestock.impact.2,advice-dry,din,Dinka (Thuongjang),Kɔc mac läi ku läi alëu bïk cath të mec bïk pïu ku ɣän ke läi yök.,d1a15eb7f9,,,DRAFT machine translation (Google Cloud Translation): needs native-speaker correction; fill validated_by when checked
dry.livestock.impact.2,advice-dry,nus,Nuer (Thok Naath),Yiëën ɣɔ̱ɔ̱k kɛnɛ le̱y dɔ̱ŋ dee kɛ ja̱l gua̱a̱th mi̱ na̱n kɛ ɣöö bi̱ kɛ pi̱w kɛnɛ gua̱th mi̱eth wä go̱r.,d1a15eb7f9,,,DRAFT machine translation (Google Cloud Translation): needs native-speaker correction; fill validated_by when checked
dry.livestock.impact.2,advice-dry,swa,Swahili,Wafugaji na wanyama wanaweza kulazimika kusafiri mbali ili kutafuta maji na malisho.,d1a15eb7f9,,,DRAFT machine translation (Google Cloud Translation): needs native-speaker correction; fill validated_by when checked
dry.livestock.impact.3,advice-dry,en,English,"Milk and meat production can fall, and animal diseases can spread.",02bcedfcc2,platform (English master),,
dry.livestock.impact.3,advice-dry,din,Dinka (Thuongjang),"Cak ku rïŋ alëu bïk lööny piny, ku tuanytuɛɛny ke läi alëu bïk röt tɛkpiny.",02bcedfcc2,,,DRAFT machine translation (Google Cloud Translation): needs native-speaker correction; fill validated_by when checked
dry.livestock.impact.3,advice-dry,nus,Nuer (Thok Naath),"Kä cak cak kɛnɛ ri̱ŋ derɛ wä piny, kä jua̱th leeni̱ dee kɛ rɔ̱ rep.",02bcedfcc2,,,DRAFT machine translation (Google Cloud Translation): needs native-speaker correction; fill validated_by when checked
dry.livestock.impact.3,advice-dry,swa,Swahili,"Uzalishaji wa maziwa na nyama unaweza kupungua, na magonjwa ya wanyama yanaweza kuenea.",02bcedfcc2,,,DRAFT machine translation (Google Cloud Translation): needs native-speaker correction; fill validated_by when checked
dry.livestock.action.1,advice-dry,en,English,Vaccinate and deworm animals.,dbeec5ddb6,platform (English master),,
dry.livestock.action.1,advice-dry,din,Dinka (Thuongjang),Tääu ë gël ku gël läi.,dbeec5ddb6,,,DRAFT machine translation (Google Cloud Translation): needs native-speaker correction; fill validated_by when checked
dry.livestock.action.1,advice-dry,nus,Nuer (Thok Naath),Vakthi̱n kɛnɛ deworm lei̱.,dbeec5ddb6,,,DRAFT machine translation (Google Cloud Translation): needs native-speaker correction; fill validated_by when checked
dry.livestock.action.1,advice-dry,swa,Swahili,Chanja na toa dawa kwa wanyama wenye minyoo.,dbeec5ddb6,,,DRAFT machine translation (Google Cloud Translation): needs native-speaker correction; fill validated_by when checked
dry.livestock.action.2,advice-dry,en,English,"Give animals shade, feed and water.",fc714bf924,platform (English master),,
dry.livestock.action.2,advice-dry,din,Dinka (Thuongjang),"Ye läi gäm atïït, mïïth ku pïu.",fc714bf924,,,DRAFT machine translation (Google Cloud Translation): needs native-speaker correction; fill validated_by when checked
dry.livestock.action.2,advice-dry,nus,Nuer (Thok Naath),"Kämni ley ti̱e̱e̱p, mi̱eth kɛnɛ pi̱w.",fc714bf924,,,DRAFT machine translation (Google Cloud Translation): needs native-speaker correction; fill validated_by when checked
dry.livestock.action.2,advice-dry,swa,Swahili,"Wape wanyama kivuli, malisho na maji.",fc714bf924,,,DRAFT machine translation (Google Cloud Translation): needs native-speaker correction; fill validated_by when checked
dry.livestock.action.3,advice-dry,en,English,"Plan grazing moves early, and agree on routes and water points peacefully with neighbouring communities.",9dfc98d769,platform (English master),,
dry.livestock.action.3,advice-dry,din,Dinka (Thuongjang),"Aguiɛr de gël de ɣɔ̈k ee lac lɔ tueŋ, ku gam dhɔ̈l ku ɣän ke pïu në dɔ̈ɔ̈r kenë kɔc thiääk kenë yïn.",9dfc98d769,,,DRAFT machine translation (Google Cloud Translation): needs native-speaker correction; fill validated_by when checked
dry.livestock.action.3,advice-dry,nus,Nuer (Thok Naath),"Ca̱r kɛ kui̱ ɣɔ̱ɔ̱k kɛ pɛ̈th, kä mat dup kɛnɛ gua̱th pi̱i̱ni̱ kɛ mal kɛ ji̱ thieekädu.",9dfc98d769,,,DRAFT machine translation (Google Cloud Translation): needs native-speaker correction; fill validated_by when checked
dry.livestock.action.3,advice-dry,swa,Swahili,"Panga hatua za malisho mapema, na ukubaliane kuhusu njia na vituo vya maji kwa amani na jamii jirani.",9dfc98d769,,,DRAFT machine translation (Google Cloud Translation): needs native-speaker correction; fill validated_by when checked
dry.water.impact.1,advice-dry,en,English,"Streams and water levels fall, and more water evaporates.",7b63ad5acb,platform (English master),,
dry.water.impact.1,advice-dry,din,Dinka (Thuongjang),"Wɛ̈ɛ̈r ku pïu aye lööny piny, ku pïu juëc aye jäl.",7b63ad5acb,,,DRAFT machine translation (Google Cloud Translation): needs native-speaker correction; fill validated_by when checked
dry.water.impact.1,advice-dry,nus,Nuer (Thok Naath),"Kiɛɛr kɛnɛ pi̱w ti̱ ŋuan la wäkɛ piny, kä bi̱ pi̱w ti̱ ŋuan rɔ̱ lɛp.",7b63ad5acb,,,DRAFT machine translation (Google Cloud Translation): needs native-speaker correction; fill validated_by when checked
dry.water.impact.1,advice-dry,swa,Swahili,"Vijito na viwango vya maji hupungua, na maji zaidi huvukiza.",7b63ad5acb,,,DRAFT machine translation (Google Cloud Translation): needs native-speaker correction; fill validated_by when checked
dry.water.impact.2,advice-dry,en,English,Less water soaks into the ground to refill wells and boreholes.,b9797984c0,platform (English master),,
dry.water.impact.2,advice-dry,din,Dinka (Thuongjang),Pïu lik aye lɔ piny bïk pïu ë pïu ë pïu ë pïu ë pïu ë pïu ë pïu ë pïu ë pïu.,b9797984c0,,,DRAFT machine translation (Google Cloud Translation): needs native-speaker correction; fill validated_by when checked
dry.water.impact.2,advice-dry,nus,Nuer (Thok Naath),Pi̱w ti̱ tɔt la wäkɛ rɛy muɔ̱ɔ̱n kɛ ɣöö bi̱kɛ puɔ̱l kɛnɛ puɔ̱l tin la yuɔrkɛ piny kulɛ nyɔk kɛ thiäŋ.,b9797984c0,,,DRAFT machine translation (Google Cloud Translation): needs native-speaker correction; fill validated_by when checked
dry.water.impact.2,advice-dry,swa,Swahili,Maji machache huingia ardhini kujaza visima na visima.,b9797984c0,,,DRAFT machine translation (Google Cloud Translation): needs native-speaker correction; fill validated_by when checked
dry.water.action.1,advice-dry,en,English,Use water carefully and store it.,f717bcf02f,platform (English master),,
dry.water.action.1,advice-dry,din,Dinka (Thuongjang),Luɔ̈ɔ̈i pïu apath ku tɔ̈ɔ̈u keek.,f717bcf02f,,,DRAFT machine translation (Google Cloud Translation): needs native-speaker correction; fill validated_by when checked
dry.water.action.1,advice-dry,nus,Nuer (Thok Naath),La̱tdɛ pi̱w a gɔaa kä tɔ̱w kɛ.,f717bcf02f,,,DRAFT machine translation (Google Cloud Translation): needs native-speaker correction; fill validated_by when checked
dry.water.action.1,advice-dry,swa,Swahili,Tumia maji kwa uangalifu na uyahifadhi.,f717bcf02f,,,DRAFT machine translation (Google Cloud Translation): needs native-speaker correction; fill validated_by when checked
dry.water.action.2,advice-dry,en,English,Collect rainwater whenever it falls.,22db209a31,platform (English master),,
dry.water.action.2,advice-dry,din,Dinka (Thuongjang),Kuɔ̈ɔ̈t pïu ke deŋ ëbɛ̈n të cï kek lööny piny.,22db209a31,,,DRAFT machine translation (Google Cloud Translation): needs native-speaker correction; fill validated_by when checked
dry.water.action.2,advice-dry,nus,Nuer (Thok Naath),Kämni pi̱w nhial gua̱thni diaal tin cikɛ pɛn.,22db209a31,,,DRAFT machine translation (Google Cloud Translation): needs native-speaker correction; fill validated_by when checked
dry.water.action.2,advice-dry,swa,Swahili,Kusanya maji ya mvua kila yanapoanguka.,22db209a31,,,DRAFT machine translation (Google Cloud Translation): needs native-speaker correction; fill validated_by when checked
dry.water.action.3,advice-dry,en,English,"Use boreholes and hand pumps, and protect them from damage.",8ee6a13a7f,platform (English master),,
dry.water.action.3,advice-dry,din,Dinka (Thuongjang),"Luɔ̈ɔ̈i ë pïu ë pïu ë pïu ku pïu ë pïu ë cin, ku gël keek bïk cïï riääk.",8ee6a13a7f,,,DRAFT machine translation (Google Cloud Translation): needs native-speaker correction; fill validated_by when checked
dry.water.action.3,advice-dry,nus,Nuer (Thok Naath),"La̱tdɛ boreholes kɛnɛ puɔm tetni̱, kä gaŋ kɛ kä ɣöö /ci̱kɛ bi jiäk.",8ee6a13a7f,,,DRAFT machine translation (Google Cloud Translation): needs native-speaker correction; fill validated_by when checked
dry.water.action.3,advice-dry,swa,Swahili,"Tumia visima na pampu za mkono, na uvilinde kutokana na uharibifu.",8ee6a13a7f,,,DRAFT machine translation (Google Cloud Translation): needs native-speaker correction; fill validated_by when checked
dry.community.impact.1,advice-dry,en,English,Poor harvests and water shortage can lead to hunger and loss of livestock.,d6affd2214,platform (English master),,
dry.community.impact.1,advice-dry,din,Dinka (Thuongjang),Kuɔ̈c tɔ̈ɔ̈u ku pïu lik alëu bïk cɔk ku määr ë läi bɛ̈i.,d6affd2214,,,DRAFT machine translation (Google Cloud Translation): needs native-speaker correction; fill validated_by when checked
dry.community.impact.1,advice-dry,nus,Nuer (Thok Naath),Kä /thiɛl ŋër kɛnɛ dak pi̱i̱ni̱ derɛ naath jakä buɔth kɛnɛ bath ɣɔ̱ɔ̱k.,d6affd2214,,,DRAFT machine translation (Google Cloud Translation): needs native-speaker correction; fill validated_by when checked
dry.community.impact.1,advice-dry,swa,Swahili,Mavuno duni na uhaba wa maji vinaweza kusababisha njaa na kupotea kwa mifugo.,d6affd2214,,,DRAFT machine translation (Google Cloud Translation): needs native-speaker correction; fill validated_by when checked
dry.community.impact.2,advice-dry,en,English,"Disputes over water and pasture, including in cattle camps, can increase.",1a564366bf,platform (English master),,
dry.community.impact.2,advice-dry,din,Dinka (Thuongjang),"Kä ye kɔc thɔ̈ɔ̈r në pïu ku ɣän ke thɔ̈ɔ̈r, agut cï ɣän ke thɔ̈ɔ̈r ke ɣɔ̈k, alëu bïk röt juak.",1a564366bf,,,DRAFT machine translation (Google Cloud Translation): needs native-speaker correction; fill validated_by when checked
dry.community.impact.2,advice-dry,nus,Nuer (Thok Naath),"Ruac kɛ kui̱ pi̱i̱ni̱ kɛnɛ gua̱th mi̱eth, amäni̱ rɛy ka̱a̱pni̱ ɣɔ̱ɔ̱k, derɛ rɔ rep.",1a564366bf,,,DRAFT machine translation (Google Cloud Translation): needs native-speaker correction; fill validated_by when checked
dry.community.impact.2,advice-dry,swa,Swahili,"Migogoro kuhusu maji na malisho, ikiwa ni pamoja na katika kambi za ng'ombe, inaweza kuongezeka.",1a564366bf,,,DRAFT machine translation (Google Cloud Translation): needs native-speaker correction; fill validated_by when checked
dry.community.action.1,advice-dry,en,English,"Stock food, and avoid long journeys in the heat.",2724870656,platform (English master),,
dry.community.action.1,advice-dry,din,Dinka (Thuongjang),"Tääu ë mïïth, ku gël cäth bääric në atuɔ̈c yic.",2724870656,,,DRAFT machine translation (Google Cloud Translation): needs native-speaker correction; fill validated_by when checked
dry.community.action.1,advice-dry,nus,Nuer (Thok Naath),"Kämni mieth raar, kä /cu ja̱l kɛ ja̱l mi bäär rɛy lëthä.",2724870656,,,DRAFT machine translation (Google Cloud Translation): needs native-speaker correction; fill validated_by when checked
dry.community.action.1,advice-dry,swa,Swahili,"Weka akiba ya chakula, na epuka safari ndefu kwenye joto.",2724870656,,,DRAFT machine translation (Google Cloud Translation): needs native-speaker correction; fill validated_by when checked
dry.community.action.2,advice-dry,en,English,"Stay in the shade, and drink enough safe water: about 4 to 8 litres a day, depending on what is available.",4afee4d139,platform (English master),,
dry.community.action.2,advice-dry,din,Dinka (Thuongjang),"Rɛ̈ɛ̈r ë pïu ë pïu ë pïu yiic, ku dek pïu ë pïu ë pïu ë pïu yiic: ë 4 agut cï 8 litres ë kööl tökic, thäät ë pïu ë pïu yiic.",4afee4d139,,,DRAFT machine translation (Google Cloud Translation): needs native-speaker correction; fill validated_by when checked
dry.community.action.2,advice-dry,nus,Nuer (Thok Naath),"Cieŋni rɛy tɔ̱ɔ̱cä, kä math pi̱w ti gɔw ti ro̱ŋ: kɛ li̱e̱e̱t da̱ŋ ŋuaan ɛ wä kä bädäk kɛ cäŋ kɛl, ɛ wä kä min te thi̱n.",4afee4d139,,,DRAFT machine translation (Google Cloud Translation): needs native-speaker correction; fill validated_by when checked
dry.community.action.2,advice-dry,swa,Swahili,"Kaa kivulini, na unywe maji salama ya kutosha: takriban lita 4 hadi 8 kwa siku, kulingana na kile kinachopatikana.",4afee4d139,,,DRAFT machine translation (Google Cloud Translation): needs native-speaker correction; fill validated_by when checked
dry.community.action.3,advice-dry,en,English,Settle disputes over water and pasture through chiefs and local leaders.,8cc39110af,platform (English master),,
dry.community.action.3,advice-dry,din,Dinka (Thuongjang),Tääu ë tɔŋ në pïu ku ɣɔ̈k në bäny ku bäny ke baai.,8cc39110af,,,DRAFT machine translation (Google Cloud Translation): needs native-speaker correction; fill validated_by when checked
dry.community.action.3,advice-dry,nus,Nuer (Thok Naath),La̱tdɛ ŋaknɔm kɛ kui̱ pi̱i̱ni̱ kɛnɛ gua̱th mi̱eth kɛ duɔ̱ɔ̱p kua̱ri kɛnɛ kua̱r wec.,8cc39110af,,,DRAFT machine translation (Google Cloud Translation): needs native-speaker correction; fill validated_by when checked
dry.community.action.3,advice-dry,swa,Swahili,Kutatua migogoro kuhusu maji na malisho kupitia machifu na viongozi wa mitaa.,8cc39110af,,,DRAFT machine translation (Google Cloud Translation): needs native-speaker correction; fill validated_by when checked
heat.health.impact.1,advice-heat,en,English,"Heat can cause dehydration, heat exhaustion and heat stroke.",afa9ed4fc6,platform (English master),,
heat.health.impact.1,advice-heat,din,Dinka (Thuongjang),"Atuɔ̈c alëu bï pïu ë guɔ̈p cɔk thök, thök ë atuɔ̈c ku thök ë atuɔ̈c.",afa9ed4fc6,,,DRAFT machine translation (Google Cloud Translation): needs native-speaker correction; fill validated_by when checked
heat.health.impact.1,advice-heat,nus,Nuer (Thok Naath),"Leth derɛ raan jakä jiɛn pi̱w rɛy pua̱a̱nydɛ, lëthdɛ derɛ raan jakä jiɛn puɔ̱nydɛ kɛnɛ lëthdɛ.",afa9ed4fc6,,,DRAFT machine translation (Google Cloud Translation): needs native-speaker correction; fill validated_by when checked
heat.health.impact.1,advice-heat,swa,Swahili,"Joto linaweza kusababisha upungufu wa maji mwilini, uchovu wa joto na kiharusi cha joto.",afa9ed4fc6,,,DRAFT machine translation (Google Cloud Translation): needs native-speaker correction; fill validated_by when checked
heat.health.impact.2,advice-heat,en,English,"Children, older people and pregnant women are at greatest risk.",8c63f98326,platform (English master),,
heat.health.impact.2,advice-heat,din,Dinka (Thuongjang),"Mïth, kɔcdït ku diäär cë dhiëëth kek aye tɔ̈ në riääk dït yic.",8c63f98326,,,DRAFT machine translation (Google Cloud Translation): needs native-speaker correction; fill validated_by when checked
heat.health.impact.2,advice-heat,nus,Nuer (Thok Naath),"Gaat, nɛy tin ci dɔŋ kɛnɛ män tin ruët kɛ kɛn tin tekɛ riɛk mi di̱i̱t.",8c63f98326,,,DRAFT machine translation (Google Cloud Translation): needs native-speaker correction; fill validated_by when checked
heat.health.impact.2,advice-heat,swa,Swahili,"Watoto, wazee na wanawake wajawazito wako katika hatari kubwa zaidi.",8c63f98326,,,DRAFT machine translation (Google Cloud Translation): needs native-speaker correction; fill validated_by when checked
heat.health.action.1,advice-heat,en,English,"Drink enough safe water: about 4 to 8 litres a day, depending on what is available.",812587765b,platform (English master),,
heat.health.action.1,advice-heat,din,Dinka (Thuongjang),"Dek pïu juëc ë pïu ë pïu ë pïu ë pïu: ë 4 agut cï 8 litres ë kööl tökic, thäät ë pïu ë pïu ë pïu ë pïu.",812587765b,,,DRAFT machine translation (Google Cloud Translation): needs native-speaker correction; fill validated_by when checked
heat.health.action.1,advice-heat,nus,Nuer (Thok Naath),"Math pi̱w ti gɔw ti ro̱ŋ: kɛ pek mi cop litre 4 ɛ wä kä 8 kɛ cäŋ kɛl, ɛ wä kä min te thin.",812587765b,,,DRAFT machine translation (Google Cloud Translation): needs native-speaker correction; fill validated_by when checked
heat.health.action.1,advice-heat,swa,Swahili,"Kunywa maji salama ya kutosha: takriban lita 4 hadi 8 kwa siku, kulingana na kile kinachopatikana.",812587765b,,,DRAFT machine translation (Google Cloud Translation): needs native-speaker correction; fill validated_by when checked
heat.health.action.2,advice-heat,en,English,"Avoid direct sun and wear light-coloured, loose clothes.",55f3419b1f,platform (English master),,
heat.health.action.2,advice-heat,din,Dinka (Thuongjang),"Päl akɔ̈l ku ceŋ alɛ̈th nɔŋ kïït thith, alɛ̈th lääu.",55f3419b1f,,,DRAFT machine translation (Google Cloud Translation): needs native-speaker correction; fill validated_by when checked
heat.health.action.2,advice-heat,nus,Nuer (Thok Naath),/Cu cäŋ wä thi̱n kä la̱thni bieyni ti /thiɛl biɛl ti /thiɛl biɛl.,55f3419b1f,,,DRAFT machine translation (Google Cloud Translation): needs native-speaker correction; fill validated_by when checked
heat.health.action.2,advice-heat,swa,Swahili,Epuka jua moja kwa moja na vaa nguo zenye rangi nyepesi na zisizo na rangi.,55f3419b1f,,,DRAFT machine translation (Google Cloud Translation): needs native-speaker correction; fill validated_by when checked
heat.health.action.3,advice-heat,en,English,Reduce working hours in the midday heat.,e3bbe0b42a,platform (English master),,
heat.health.action.3,advice-heat,din,Dinka (Thuongjang),Tääu ë thää ke luɔi piny në atuɔ̈c de akɔ̈l ciɛlic.,e3bbe0b42a,,,DRAFT machine translation (Google Cloud Translation): needs native-speaker correction; fill validated_by when checked
heat.health.action.3,advice-heat,nus,Nuer (Thok Naath),Kämni thaak lät piny rɛy lëthä ca̱ŋ.,e3bbe0b42a,,,DRAFT machine translation (Google Cloud Translation): needs native-speaker correction; fill validated_by when checked
heat.health.action.3,advice-heat,swa,Swahili,Punguza saa za kazi katika joto la mchana.,e3bbe0b42a,,,DRAFT machine translation (Google Cloud Translation): needs native-speaker correction; fill validated_by when checked
heat.livestock.impact.1,advice-heat,en,English,Animals suffer heat stress and give less milk and meat.,1cc940eb4a,platform (English master),,
heat.livestock.impact.1,advice-heat,din,Dinka (Thuongjang),Läi aye yök ke nɔŋ kë rɛɛc ë atuɔ̈c ku ka ye mïïth ku rïŋ lik gäm.,1cc940eb4a,,,DRAFT machine translation (Google Cloud Translation): needs native-speaker correction; fill validated_by when checked
heat.livestock.impact.1,advice-heat,nus,Nuer (Thok Naath),Ley la cuuc kɛ lëth kä /ci̱ kɛn cak kɛnɛ ri̱ŋ ɛ ka̱m raar.,1cc940eb4a,,,DRAFT machine translation (Google Cloud Translation): needs native-speaker correction; fill validated_by when checked
heat.livestock.impact.1,advice-heat,swa,Swahili,Wanyama hupata msongo wa joto na hutoa maziwa na nyama kidogo.,1cc940eb4a,,,DRAFT machine translation (Google Cloud Translation): needs native-speaker correction; fill validated_by when checked
heat.livestock.action.1,advice-heat,en,English,Give animals shade and water.,4367b1f15f,platform (English master),,
heat.livestock.action.1,advice-heat,din,Dinka (Thuongjang),Ye läi gäm pïu ku pïu.,4367b1f15f,,,DRAFT machine translation (Google Cloud Translation): needs native-speaker correction; fill validated_by when checked
heat.livestock.action.1,advice-heat,nus,Nuer (Thok Naath),Kämni ley ti̱e̱e̱p kɛnɛ pi̱w.,4367b1f15f,,,DRAFT machine translation (Google Cloud Translation): needs native-speaker correction; fill validated_by when checked
heat.livestock.action.1,advice-heat,swa,Swahili,Wape wanyama kivuli na maji.,4367b1f15f,,,DRAFT machine translation (Google Cloud Translation): needs native-speaker correction; fill validated_by when checked
heat.community.impact.1,advice-heat,en,English,"Water points dry faster, and bush fires become more likely.",c642834e66,platform (English master),,
heat.community.impact.1,advice-heat,din,Dinka (Thuongjang),"Të yenë pïu tɔ̈ thïn aye lac riɛl, ku mac de roor ee rot lac looi.",c642834e66,,,DRAFT machine translation (Google Cloud Translation): needs native-speaker correction; fill validated_by when checked
heat.community.impact.1,advice-heat,nus,Nuer (Thok Naath),"Gua̱th pi̱i̱ni̱ la köötdɛ kɛ pɛ̈th, kä bi̱ mac dɔaar cu tuɔɔk ɛlɔ̱ŋ.",c642834e66,,,DRAFT machine translation (Google Cloud Translation): needs native-speaker correction; fill validated_by when checked
heat.community.impact.1,advice-heat,swa,Swahili,"Sehemu za maji hukauka haraka, na uwezekano wa moto wa vichakani huongezeka.",c642834e66,,,DRAFT machine translation (Google Cloud Translation): needs native-speaker correction; fill validated_by when checked
heat.community.action.1,advice-heat,en,English,Make fire lines around villages and fields.,1b0d44ab65,platform (English master),,
heat.community.action.1,advice-heat,din,Dinka (Thuongjang),Loi dhɔ̈l ke mac në bɛ̈i yiic ku në domic.,1b0d44ab65,,,DRAFT machine translation (Google Cloud Translation): needs native-speaker correction; fill validated_by when checked
heat.community.action.1,advice-heat,nus,Nuer (Thok Naath),La̱tdɛ bëër maac gekä wi̱i̱c kɛnɛ ka̱a̱k.,1b0d44ab65,,,DRAFT machine translation (Google Cloud Translation): needs native-speaker correction; fill validated_by when checked
heat.community.action.1,advice-heat,swa,Swahili,Tengeneza mistari ya moto kuzunguka vijiji na mashamba.,1b0d44ab65,,,DRAFT machine translation (Google Cloud Translation): needs native-speaker correction; fill validated_by when checked
heat.community.action.2,advice-heat,en,English,Reduce long journeys by people and animals.,1b5575cef1,platform (English master),,
heat.community.action.2,advice-heat,din,Dinka (Thuongjang),Kuɔny ë cäth bääric ë kɔc ku läi.,1b5575cef1,,,DRAFT machine translation (Google Cloud Translation): needs native-speaker correction; fill validated_by when checked
heat.community.action.2,advice-heat,nus,Nuer (Thok Naath),Kämni ja̱l nath kɛnɛ le̱y piny.,1b5575cef1,,,DRAFT machine translation (Google Cloud Translation): needs native-speaker correction; fill validated_by when checked
heat.community.action.2,advice-heat,swa,Swahili,Punguza safari ndefu za watu na wanyama.,1b5575cef1,,,DRAFT machine translation (Google Cloud Translation): needs native-speaker correction; fill validated_by when checked
