state,county,situation,channel,language,language_name,text,chars,sms_parts,status
Abyei Region,Abyei Region,drought_orange,sms,en,English,ORANGE dry-spell alert Abyei Region: dry days ahead. Save water and protect crops and pasture. SS Climate Monitor (advisory),124,1,draft - validate with SSMS / MHADM before release
Abyei Region,Abyei Region,drought,radio,en,English,"Good day, listeners in Abyei Region. This is a orange dry-spell message for Abyei Region, Abyei Region. About 17 millimetres of rain are expected this week. Over the coming days, please: save water and protect water points; plan grazing moves early and peacefully; delay new planting until rain returns; and check on the elderly and the sick in the heat. Listen again tomorrow. Message prepared by SS Climate Monitor (advisory).",428,,draft - validate with SSMS / MHADM before release
Jonglei,Akobo,drought_orange,sms,en,English,ORANGE dry-spell alert Akobo: dry days ahead. Save water and protect crops and pasture. SS Climate Monitor (advisory),117,1,draft - validate with SSMS / MHADM before release
Jonglei,Akobo,drought,radio,en,English,"Good day, listeners in Akobo. This is a orange dry-spell message for Akobo, Jonglei. About 16 millimetres of rain are expected this week. Over the coming days, please: save water and protect water points; plan grazing moves early and peacefully; delay new planting until rain returns; and check on the elderly and the sick in the heat. Listen again tomorrow. Message prepared by SS Climate Monitor (advisory).",409,,draft - validate with SSMS / MHADM before release
Jonglei,Bor South,drought_orange,sms,en,English,ORANGE dry-spell alert Bor South: dry days ahead. Save water and protect crops and pasture. SS Climate Monitor (advisory),121,1,draft - validate with SSMS / MHADM before release
Jonglei,Bor South,drought,radio,en,English,"Good day, listeners in Bor South. This is a orange dry-spell message for Bor South, Jonglei. About 22 millimetres of rain are expected this week. Over the coming days, please: save water and protect water points; plan grazing moves early and peacefully; delay new planting until rain returns; and check on the elderly and the sick in the heat. Listen again tomorrow. Message prepared by SS Climate Monitor (advisory).",417,,draft - validate with SSMS / MHADM before release
Jonglei,Canal/Pigi,drought_orange,sms,en,English,ORANGE dry-spell alert Canal/Pigi: dry days ahead. Save water and protect crops and pasture. SS Climate Monitor (advisory),122,1,draft - validate with SSMS / MHADM before release
Jonglei,Canal/Pigi,drought,radio,en,English,"Good day, listeners in Canal/Pigi. This is a orange dry-spell message for Canal/Pigi, Jonglei. About 15 millimetres of rain are expected this week. Over the coming days, please: save water and protect water points; plan grazing moves early and peacefully; delay new planting until rain returns; and check on the elderly and the sick in the heat. Listen again tomorrow. Message prepared by SS Climate Monitor (advisory).",419,,draft - validate with SSMS / MHADM before release
Jonglei,Nyirol,drought_orange,sms,en,English,ORANGE dry-spell alert Nyirol: dry days ahead. Save water and protect crops and pasture. SS Climate Monitor (advisory),118,1,draft - validate with SSMS / MHADM before release
Jonglei,Nyirol,drought,radio,en,English,"Good day, listeners in Nyirol. This is a orange dry-spell message for Nyirol, Jonglei. About 17 millimetres of rain are expected this week. Over the coming days, please: save water and protect water points; plan grazing moves early and peacefully; delay new planting until rain returns; and check on the elderly and the sick in the heat. Listen again tomorrow. Message prepared by SS Climate Monitor (advisory).",411,,draft - validate with SSMS / MHADM before release
Jonglei,Pochalla,drought_orange,sms,en,English,ORANGE dry-spell alert Pochalla: dry days ahead. Save water and protect crops and pasture. SS Climate Monitor (advisory),120,1,draft - validate with SSMS / MHADM before release
Jonglei,Pochalla,drought,radio,en,English,"Good day, listeners in Pochalla. This is a orange dry-spell message for Pochalla, Jonglei. About 15 millimetres of rain are expected this week. Over the coming days, please: save water and protect water points; plan grazing moves early and peacefully; delay new planting until rain returns; and check on the elderly and the sick in the heat. Listen again tomorrow. Message prepared by SS Climate Monitor (advisory).",415,,draft - validate with SSMS / MHADM before release
Jonglei,Uror,drought_orange,sms,en,English,ORANGE dry-spell alert Uror: dry days ahead. Save water and protect crops and pasture. SS Climate Monitor (advisory),116,1,draft - validate with SSMS / MHADM before release
Jonglei,Uror,drought,radio,en,English,"Good day, listeners in Uror. This is a orange dry-spell message for Uror, Jonglei. About 21 millimetres of rain are expected this week. Over the coming days, please: save water and protect water points; plan grazing moves early and peacefully; delay new planting until rain returns; and check on the elderly and the sick in the heat. Listen again tomorrow. Message prepared by SS Climate Monitor (advisory).",407,,draft - validate with SSMS / MHADM before release
Lakes,Rumbek Centre,drought_orange,sms,en,English,ORANGE dry-spell alert Rumbek Centre: dry days ahead. Save water and protect crops and pasture. SS Climate Monitor (advisory),125,1,draft - validate with SSMS / MHADM before release
Lakes,Rumbek Centre,drought,radio,en,English,"Good day, listeners in Rumbek Centre. This is a orange dry-spell message for Rumbek Centre, Lakes. About 24 millimetres of rain are expected this week. Over the coming days, please: save water and protect water points; plan grazing moves early and peacefully; delay new planting until rain returns; and check on the elderly and the sick in the heat. Listen again tomorrow. Message prepared by SS Climate Monitor (advisory).",423,,draft - validate with SSMS / MHADM before release
Lakes,Rumbek North,drought_orange,sms,en,English,ORANGE dry-spell alert Rumbek North: dry days ahead. Save water and protect crops and pasture. SS Climate Monitor (advisory),124,1,draft - validate with SSMS / MHADM before release
Lakes,Rumbek North,drought,radio,en,English,"Good day, listeners in Rumbek North. This is a orange dry-spell message for Rumbek North, Lakes. About 22 millimetres of rain are expected this week. Over the coming days, please: save water and protect water points; plan grazing moves early and peacefully; delay new planting until rain returns; and check on the elderly and the sick in the heat. Listen again tomorrow. Message prepared by SS Climate Monitor (advisory).",421,,draft - validate with SSMS / MHADM before release
Lakes,Yirol West,drought_orange,sms,en,English,ORANGE dry-spell alert Yirol West: dry days ahead. Save water and protect crops and pasture. SS Climate Monitor (advisory),122,1,draft - validate with SSMS / MHADM before release
Lakes,Yirol West,drought,radio,en,English,"Good day, listeners in Yirol West. This is a orange dry-spell message for Yirol West, Lakes. About 26 millimetres of rain are expected this week. Over the coming days, please: save water and protect water points; plan grazing moves early and peacefully; delay new planting until rain returns; and check on the elderly and the sick in the heat. Listen again tomorrow. Message prepared by SS Climate Monitor (advisory).",417,,draft - validate with SSMS / MHADM before release
Northern Bahr el Ghazal,Aweil East,drought_orange,sms,en,English,ORANGE dry-spell alert Aweil East: dry days ahead. Save water and protect crops and pasture. SS Climate Monitor (advisory),122,1,draft - validate with SSMS / MHADM before release
Northern Bahr el Ghazal,Aweil East,drought,radio,en,English,"Good day, listeners in Aweil East. This is a orange dry-spell message for Aweil East, Northern Bahr el Ghazal. About 16 millimetres of rain are expected this week. Over the coming days, please: save water and protect water points; plan grazing moves early and peacefully; delay new planting until rain returns; and check on the elderly and the sick in the heat. Listen again tomorrow. Message prepared by SS Climate Monitor (advisory).",435,,draft - validate with SSMS / MHADM before release
Unity,Mayom,drought_orange,sms,en,English,ORANGE dry-spell alert Mayom: dry days ahead. Save water and protect crops and pasture. SS Climate Monitor (advisory),117,1,draft - validate with SSMS / MHADM before release
Unity,Mayom,drought,radio,en,English,"Good day, listeners in Mayom. This is a orange dry-spell message for Mayom, Unity. About 18 millimetres of rain are expected this week. Over the coming days, please: save water and protect water points; plan grazing moves early and peacefully; delay new planting until rain returns; and check on the elderly and the sick in the heat. Listen again tomorrow. Message prepared by SS Climate Monitor (advisory).",407,,draft - validate with SSMS / MHADM before release
Unity,Pariang,drought_orange,sms,en,English,ORANGE dry-spell alert Pariang: dry days ahead. Save water and protect crops and pasture. SS Climate Monitor (advisory),119,1,draft - validate with SSMS / MHADM before release
Unity,Pariang,drought,radio,en,English,"Good day, listeners in Pariang. This is a orange dry-spell message for Pariang, Unity. About 15 millimetres of rain are expected this week. Over the coming days, please: save water and protect water points; plan grazing moves early and peacefully; delay new planting until rain returns; and check on the elderly and the sick in the heat. Listen again tomorrow. Message prepared by SS Climate Monitor (advisory).",411,,draft - validate with SSMS / MHADM before release
Upper Nile,Fashoda,drought_orange,sms,en,English,ORANGE dry-spell alert Fashoda: dry days ahead. Save water and protect crops and pasture. SS Climate Monitor (advisory),119,1,draft - validate with SSMS / MHADM before release
Upper Nile,Fashoda,drought,radio,en,English,"Good day, listeners in Fashoda. This is a orange dry-spell message for Fashoda, Upper Nile. About 13 millimetres of rain are expected this week. Over the coming days, please: save water and protect water points; plan grazing moves early and peacefully; delay new planting until rain returns; and check on the elderly and the sick in the heat. Listen again tomorrow. Message prepared by SS Climate Monitor (advisory).",416,,draft - validate with SSMS / MHADM before release
Upper Nile,Longochuk,drought_orange,sms,en,English,ORANGE dry-spell alert Longochuk: dry days ahead. Save water and protect crops and pasture. SS Climate Monitor (advisory),121,1,draft - validate with SSMS / MHADM before release
Upper Nile,Longochuk,drought,radio,en,English,"Good day, listeners in Longochuk. This is a orange dry-spell message for Longochuk, Upper Nile. About 13 millimetres of rain are expected this week. Over the coming days, please: save water and protect water points; plan grazing moves early and peacefully; delay new planting until rain returns; and check on the elderly and the sick in the heat. Listen again tomorrow. Message prepared by SS Climate Monitor (advisory).",420,,draft - validate with SSMS / MHADM before release
Upper Nile,Luakpiny/Nasir,drought_orange,sms,en,English,ORANGE dry-spell alert Luakpiny/Nasir: dry days ahead. Save water and protect crops and pasture. SS Climate Monitor (advisory),126,1,draft - validate with SSMS / MHADM before release
Upper Nile,Luakpiny/Nasir,drought,radio,en,English,"Good day, listeners in Luakpiny/Nasir. This is a orange dry-spell message for Luakpiny/Nasir, Upper Nile. About 14 millimetres of rain are expected this week. Over the coming days, please: save water and protect water points; plan grazing moves early and peacefully; delay new planting until rain returns; and check on the elderly and the sick in the heat. Listen again tomorrow. Message prepared by SS Climate Monitor (advisory).",430,,draft - validate with SSMS / MHADM before release
Upper Nile,Maiwut,drought_orange,sms,en,English,ORANGE dry-spell alert Maiwut: dry days ahead. Save water and protect crops and pasture. SS Climate Monitor (advisory),118,1,draft - validate with SSMS / MHADM before release
Upper Nile,Maiwut,drought,radio,en,English,"Good day, listeners in Maiwut. This is a orange dry-spell message for Maiwut, Upper Nile. About 12 millimetres of rain are expected this week. Over the coming days, please: save water and protect water points; plan grazing moves early and peacefully; delay new planting until rain returns; and check on the elderly and the sick in the heat. Listen again tomorrow. Message prepared by SS Climate Monitor (advisory).",414,,draft - validate with SSMS / MHADM before release
Upper Nile,Malakal,drought_orange,sms,en,English,ORANGE dry-spell alert Malakal: dry days ahead. Save water and protect crops and pasture. SS Climate Monitor (advisory),119,1,draft - validate with SSMS / MHADM before release
Upper Nile,Malakal,drought,radio,en,English,"Good day, listeners in Malakal. This is a orange dry-spell message for Malakal, Upper Nile. About 14 millimetres of rain are expected this week. Over the coming days, please: save water and protect water points; plan grazing moves early and peacefully; delay new planting until rain returns; and check on the elderly and the sick in the heat. Listen again tomorrow. Message prepared by SS Climate Monitor (advisory).",416,,draft - validate with SSMS / MHADM before release
Upper Nile,Ulang,drought_orange,sms,en,English,ORANGE dry-spell alert Ulang: dry days ahead. Save water and protect crops and pasture. SS Climate Monitor (advisory),117,1,draft - validate with SSMS / MHADM before release
Upper Nile,Ulang,drought,radio,en,English,"Good day, listeners in Ulang. This is a orange dry-spell message for Ulang, Upper Nile. About 15 millimetres of rain are expected this week. Over the coming days, please: save water and protect water points; plan grazing moves early and peacefully; delay new planting until rain returns; and check on the elderly and the sick in the heat. Listen again tomorrow. Message prepared by SS Climate Monitor (advisory).",412,,draft - validate with SSMS / MHADM before release
Warrap,Gogrial East,drought_orange,sms,en,English,ORANGE dry-spell alert Gogrial East: dry days ahead. Save water and protect crops and pasture. SS Climate Monitor (advisory),124,1,draft - validate with SSMS / MHADM before release
Warrap,Gogrial East,drought,radio,en,English,"Good day, listeners in Gogrial East. This is a orange dry-spell message for Gogrial East, Warrap. About 20 millimetres of rain are expected this week. Over the coming days, please: save water and protect water points; plan grazing moves early and peacefully; delay new planting until rain returns; and check on the elderly and the sick in the heat. Listen again tomorrow. Message prepared by SS Climate Monitor (advisory).",422,,draft - validate with SSMS / MHADM before release
Warrap,Tonj East,drought_orange,sms,en,English,ORANGE dry-spell alert Tonj East: dry days ahead. Save water and protect crops and pasture. SS Climate Monitor (advisory),121,1,draft - validate with SSMS / MHADM before release
Warrap,Tonj East,drought,radio,en,English,"Good day, listeners in Tonj East. This is a orange dry-spell message for Tonj East, Warrap. About 20 millimetres of rain are expected this week. Over the coming days, please: save water and protect water points; plan grazing moves early and peacefully; delay new planting until rain returns; and check on the elderly and the sick in the heat. Listen again tomorrow. Message prepared by SS Climate Monitor (advisory).",416,,draft - validate with SSMS / MHADM before release
Warrap,Twic,drought_orange,sms,en,English,ORANGE dry-spell alert Twic: dry days ahead. Save water and protect crops and pasture. SS Climate Monitor (advisory),116,1,draft - validate with SSMS / MHADM before release
Warrap,Twic,drought,radio,en,English,"Good day, listeners in Twic. This is a orange dry-spell message for Twic, Warrap. About 19 millimetres of rain are expected this week. Over the coming days, please: save water and protect water points; plan grazing moves early and peacefully; delay new planting until rain returns; and check on the elderly and the sick in the heat. Listen again tomorrow. Message prepared by SS Climate Monitor (advisory).",406,,draft - validate with SSMS / MHADM before release
Eastern Equatoria,Kapoeta East,drought_yellow,sms,en,English,"Dry-spell watch Kapoeta East: rain may stop for some days. Delay planting, save water. SS Climate Monitor (advisory)",116,1,draft - validate with SSMS / MHADM before release
Eastern Equatoria,Kapoeta East,drought,radio,en,English,"Good day, listeners in Kapoeta East. This is a yellow dry-spell message for Kapoeta East, Eastern Equatoria. About 7 millimetres of rain are expected this week. Over the coming days, please: save water and protect water points; plan grazing moves early and peacefully; delay new planting until rain returns; and check on the elderly and the sick in the heat. Listen again tomorrow. Message prepared by SS Climate Monitor (advisory).",432,,draft - validate with SSMS / MHADM before release
Unity,Abiemnhom,drought_yellow,sms,en,English,"Dry-spell watch Abiemnhom: rain may stop for some days. Delay planting, save water. SS Climate Monitor (advisory)",113,1,draft - validate with SSMS / MHADM before release
Unity,Abiemnhom,drought,radio,en,English,"Good day, listeners in Abiemnhom. This is a yellow dry-spell message for Abiemnhom, Unity. About 17 millimetres of rain are expected this week. Over the coming days, please: save water and protect water points; plan grazing moves early and peacefully; delay new planting until rain returns; and check on the elderly and the sick in the heat. Listen again tomorrow. Message prepared by SS Climate Monitor (advisory).",415,,draft - validate with SSMS / MHADM before release
Upper Nile,Panyikang,drought_yellow,sms,en,English,"Dry-spell watch Panyikang: rain may stop for some days. Delay planting, save water. SS Climate Monitor (advisory)",113,1,draft - validate with SSMS / MHADM before release
Upper Nile,Panyikang,drought,radio,en,English,"Good day, listeners in Panyikang. This is a yellow dry-spell message for Panyikang, Upper Nile. About 14 millimetres of rain are expected this week. Over the coming days, please: save water and protect water points; plan grazing moves early and peacefully; delay new planting until rain returns; and check on the elderly and the sick in the heat. Listen again tomorrow. Message prepared by SS Climate Monitor (advisory).",420,,draft - validate with SSMS / MHADM before release
