state,county,baseline_pop,scenario1_lower,scenario2_planning,scenario3_severe,displaced_planning
Abyei Administrative Area,Abyei Administrative Area,155846.0,723,1125.0,2170,313
Central Equatoria,Juba,555152.0,13095,20369.0,39283,5668
Central Equatoria,Kajo-Keji,196880.0,3656,5687.0,10968,1583
Central Equatoria,Lainya,95927.0,446,693.0,1337,193
Central Equatoria,Morobo,99844.0,464,721.0,1391,201
Central Equatoria,Terekeka,213275.0,2471,3843.0,7412,1069
Central Equatoria,Yei,262485.0,1219,1896.0,3657,528
Eastern Equatoria,Budi,87674.0,407,633.0,1221,176
Eastern Equatoria,Ikotos,89078.0,413,643.0,1240,179
Eastern Equatoria,Kapoeta East,141628.0,658,1023.0,1973,285
Eastern Equatoria,Kapoeta North,129510.0,601,935.0,1803,260
Eastern Equatoria,Kapoeta South,93290.0,433,674.0,1300,188
Eastern Equatoria,Lafon,134020.0,622,968.0,1867,269
Eastern Equatoria,Magwi,233437.0,1084,1686.0,3252,469
Eastern Equatoria,Torit,59185.0,275,427.0,824,119
Jonglei,Akobo,199400.0,10941,17020.0,32824,4736
Jonglei,Ayod,168046.0,18552,28858.0,55655,8030
Jonglei,Bor South,304382.0,28774,44760.0,86323,12455
Jonglei,Canal/Pigi,103008.0,9699,15088.0,29098,4198
Jonglei,Duk,182232.0,13231,20582.0,39694,5727
Jonglei,Fangak,209741.0,36008,56013.0,108025,15586
Jonglei,Nyirol,131307.0,9578,14899.0,28734,4146
Jonglei,Pibor,197163.0,35634,55430.0,106901,15424
Jonglei,Pochalla,69057.0,4234,6586.0,12702,1833
Jonglei,Twic East,108577.0,23245,36159.0,69735,10062
Jonglei,Uror,166178.0,771,1200.0,2314,334
Lakes,Awerial,125659.0,1999,3109.0,5996,865
Lakes,Cueibet,150485.0,3076,4785.0,9228,1332
Lakes,Rumbek Centre,176668.0,24492,38099.0,73477,10602
Lakes,Rumbek East,145007.0,11349,17654.0,34047,4913
Lakes,Rumbek North,65438.0,11215,17445.0,33644,4854
Lakes,Wulu,75314.0,1319,2052.0,3957,571
Lakes,Yirol East,136754.0,11537,17946.0,34610,4994
Lakes,Yirol West,145696.0,22730,35358.0,68191,9839
Northern Bahr el Ghazal,Aweil Centre,78406.0,364,566.0,1092,157
Northern Bahr el Ghazal,Aweil East,353038.0,1639,2549.0,4916,709
Northern Bahr el Ghazal,Aweil North,172063.0,3727,5797.0,11180,1613
Northern Bahr el Ghazal,Aweil South,122901.0,571,888.0,1713,247
Northern Bahr el Ghazal,Aweil West,186135.0,864,1344.0,2592,374
Unity,Abiemnhom,49095.0,1367,2127.0,4102,592
Unity,Guit,64762.0,3888,6048.0,11664,1683
Unity,Koch,90972.0,12999,20221.0,38998,5627
Unity,Leer,77471.0,14888,23159.0,44664,6444
Unity,Mayendit,66149.0,13551,21080.0,40654,5866
Unity,Mayom,146312.0,7471,11622.0,22414,3234
Unity,Panyijiar,113665.0,20175,31383.0,60524,8733
Unity,Pariang,112165.0,3124,4860.0,9373,1352
Unity,Rubkona,374641.0,28002,43558.0,84005,12121
Upper Nile,Baliet,49668.0,1960,3049.0,5880,848
Upper Nile,Fashoda,90034.0,4020,6254.0,12061,1740
Upper Nile,Longochuk,65884.0,2917,4538.0,8752,1263
Upper Nile,Luakpiny/Nasir,293319.0,11575,18005.0,34724,5010
Upper Nile,Maban,90560.0,420,654.0,1261,182
Upper Nile,Maiwut,119726.0,2369,3685.0,7107,1025
Upper Nile,Malakal,243385.0,14001,21779.0,42002,6060
Upper Nile,Manyo,100095.0,7178,11165.0,21533,3107
Upper Nile,Melut,119706.0,8403,13071.0,25208,3637
Upper Nile,Panyikang,61418.0,5059,7870.0,15178,2190
Upper Nile,Renk,563393.0,15954,24817.0,47861,6906
Upper Nile,Ulang,131897.0,5205,8096.0,15614,2253
Warrap,Gogrial East,119762.0,3336,5189.0,10007,1444
Warrap,Gogrial West,298155.0,1384,2153.0,4152,599
Warrap,Tonj East,160081.0,1724,2682.0,5172,746
Warrap,Tonj North,225796.0,6289,9783.0,18867,2722
Warrap,Tonj South,101622.0,472,734.0,1416,204
Warrap,Twic,286682.0,15501,24112.0,46502,6709
Western Bahr el Ghazal,Jur River,246343.0,1144,1779.0,3431,495
Western Bahr el Ghazal,Raja,73292.0,340,529.0,1020,147
Western Bahr el Ghazal,Wau,290695.0,5398,8397.0,16194,2337
Western Equatoria,Ezo,118387.0,550,855.0,1649,238
Western Equatoria,Ibba,56038.0,260,405.0,781,113
Western Equatoria,Maridi,92465.0,429,668.0,1288,186
Western Equatoria,Mundri East,86557.0,402,625.0,1205,174
Western Equatoria,Mundri West,41195.0,191,297.0,573,83
Western Equatoria,Mvolo,62239.0,3036,4723.0,9109,1314
Western Equatoria,Nagero,57068.0,265,412.0,795,115
Western Equatoria,Nzara,68637.0,319,496.0,957,138
Western Equatoria,Tambura,103093.0,478,744.0,1435,207
Western Equatoria,Yambio,141340.0,656,1021.0,1969,284
