station_uid,date,level_m
dahiti:2,2016-01-03,1135.824
dahiti:2,2016-01-13,1135.8
dahiti:2,2016-01-23,1135.912
dahiti:2,2016-02-02,1135.809
dahiti:2,2016-02-12,1135.741
dahiti:2,2016-02-22,1135.776
dahiti:2,2016-03-03,1135.652
dahiti:2,2016-03-12,1135.813
dahiti:2,2016-03-22,1135.711
dahiti:2,2016-04-01,1135.729
dahiti:2,2016-04-11,1135.783
dahiti:2,2016-04-21,1135.845
dahiti:2,2016-05-01,1135.969
dahiti:2,2016-05-11,1135.968
dahiti:2,2016-05-21,1136.012
dahiti:2,2016-05-31,1135.961
dahiti:2,2016-06-10,1135.871
dahiti:2,2016-06-20,1135.875
dahiti:2,2016-06-30,1135.83
dahiti:2,2016-07-09,1135.835
dahiti:2,2016-07-19,1135.783
dahiti:2,2016-07-29,1135.683
dahiti:2,2016-08-08,1135.676
dahiti:2,2016-08-18,1135.598
dahiti:2,2016-08-28,1135.555
dahiti:2,2016-09-07,1135.535
dahiti:2,2016-09-17,1135.535
dahiti:2,2016-09-27,1135.56
dahiti:2,2016-10-07,1135.502
dahiti:2,2016-10-17,1135.487
dahiti:2,2016-10-26,1135.451
dahiti:2,2016-11-05,1135.427
dahiti:2,2016-11-15,1135.415
dahiti:2,2016-11-25,1135.427
dahiti:2,2016-12-05,1135.384
dahiti:2,2016-12-15,1135.406
dahiti:2,2016-12-25,1135.327
dahiti:2,2017-01-04,1135.349
dahiti:2,2017-01-14,1135.297
dahiti:2,2017-01-24,1135.216
dahiti:2,2017-02-22,1135.163
dahiti:2,2017-03-04,1135.208
dahiti:2,2017-03-14,1135.197
dahiti:2,2017-03-24,1135.231
dahiti:2,2017-04-03,1135.245
dahiti:2,2017-04-13,1135.23
dahiti:2,2017-04-23,1135.313
dahiti:2,2017-05-03,1135.389
dahiti:2,2017-06-02,1135.382
dahiti:2,2017-06-12,1135.331
dahiti:2,2017-06-21,1135.321
dahiti:2,2017-07-11,1135.221
dahiti:2,2017-07-21,1135.209
dahiti:2,2017-07-31,1135.191
dahiti:2,2017-08-10,1135.135
dahiti:2,2017-08-20,1135.114
dahiti:2,2017-09-09,1135.12
dahiti:2,2017-09-29,1135.082
dahiti:2,2017-10-09,1135.046
dahiti:2,2017-11-07,1135.193
dahiti:2,2017-11-17,1135.199
dahiti:2,2017-11-27,1135.248
dahiti:2,2017-12-07,1135.187
dahiti:2,2017-12-27,1135.143
dahiti:2,2018-01-06,1135.164
dahiti:2,2018-01-16,1135.128
dahiti:2,2018-01-26,1135.155
dahiti:2,2018-02-14,1135.023
dahiti:2,2018-02-24,1134.993
dahiti:2,2018-03-06,1135.089
dahiti:2,2018-03-16,1135.093
dahiti:2,2018-04-05,1135.265
dahiti:2,2018-05-05,1135.599
dahiti:2,2018-05-15,1135.714
dahiti:2,2018-06-04,1135.779
dahiti:2,2018-06-23,1135.647
dahiti:2,2018-07-03,1135.668
dahiti:2,2018-07-23,1135.534
dahiti:2,2018-08-02,1135.519
dahiti:2,2018-08-12,1135.504
dahiti:2,2018-09-11,1135.467
dahiti:2,2018-09-21,1135.457
dahiti:2,2018-10-01,1135.47
dahiti:2,2018-10-10,1135.437
dahiti:2,2018-10-20,1135.41
dahiti:2,2018-11-09,1135.367
dahiti:2,2018-11-19,1135.396
dahiti:2,2018-12-09,1135.371
dahiti:2,2018-12-19,1135.418
dahiti:2,2018-12-29,1135.45
dahiti:2,2019-01-08,1135.447
dahiti:2,2019-01-18,1135.355
dahiti:2,2019-01-27,1135.471
dahiti:2,2019-02-06,1135.415
dahiti:2,2019-03-08,1135.345
dahiti:2,2019-03-18,1135.341
dahiti:2,2019-03-28,1135.38
dahiti:2,2019-04-17,1135.354
dahiti:2,2019-04-27,1135.351
dahiti:2,2019-05-07,1135.34
dahiti:2,2019-05-17,1135.356
dahiti:2,2019-05-26,1135.466
dahiti:2,2019-06-05,1135.503
dahiti:2,2019-06-15,1135.549
dahiti:2,2019-06-25,1135.48
dahiti:2,2019-07-05,1135.451
dahiti:2,2019-07-15,1135.469
dahiti:2,2019-07-25,1135.477
dahiti:2,2019-08-04,1135.423
dahiti:2,2019-08-14,1135.514
dahiti:2,2019-08-24,1135.315
dahiti:2,2019-09-03,1135.407
dahiti:2,2019-09-13,1135.38
dahiti:2,2019-09-22,1135.339
dahiti:2,2019-10-12,1135.42
dahiti:2,2019-10-22,1135.491
dahiti:2,2019-11-11,1135.517
dahiti:2,2019-11-21,1135.543
dahiti:2,2019-12-01,1135.673
dahiti:2,2019-12-11,1135.828
dahiti:2,2019-12-21,1135.923
dahiti:2,2019-12-31,1135.945
dahiti:2,2020-01-10,1135.967
dahiti:2,2020-01-29,1136.052
dahiti:2,2020-02-18,1136.192
dahiti:2,2020-02-28,1136.165
dahiti:2,2020-03-19,1136.332
dahiti:2,2020-03-29,1136.458
dahiti:2,2020-04-08,1136.479
dahiti:2,2020-04-18,1136.464
dahiti:2,2020-04-28,1136.642
dahiti:2,2020-05-08,1136.647
dahiti:2,2020-05-17,1136.756
dahiti:2,2020-05-27,1136.726
dahiti:2,2020-06-06,1136.697
dahiti:2,2020-06-26,1136.599
dahiti:2,2020-07-06,1136.574
dahiti:2,2020-07-16,1136.543
dahiti:2,2020-07-26,1136.454
dahiti:2,2020-08-05,1136.436
dahiti:2,2020-08-15,1136.357
dahiti:2,2020-08-25,1136.39
dahiti:2,2020-09-13,1136.369
dahiti:2,2020-09-23,1136.291
dahiti:2,2020-10-03,1136.365
dahiti:2,2020-10-13,1136.373
dahiti:2,2020-10-23,1136.347
dahiti:2,2020-11-12,1136.434
dahiti:2,2020-11-22,1136.47
dahiti:2,2020-12-02,1136.526
dahiti:2,2020-12-12,1136.557
dahiti:2,2020-12-22,1136.528
dahiti:2,2021-01-01,1136.559
dahiti:2,2021-01-10,1136.545
dahiti:2,2021-01-20,1136.608
dahiti:2,2021-01-30,1136.577
dahiti:2,2021-02-19,1136.488
dahiti:2,2021-03-01,1136.531
dahiti:2,2021-03-11,1136.417
dahiti:2,2021-03-21,1136.432
dahiti:2,2021-03-31,1136.349
dahiti:2,2021-04-10,1136.347
dahiti:2,2021-04-20,1136.518
dahiti:2,2021-04-29,1136.611
dahiti:2,2021-05-09,1136.712
dahiti:2,2021-05-19,1136.708
dahiti:2,2021-05-29,1136.57
dahiti:2,2021-06-08,1136.634
dahiti:2,2021-06-18,1136.398
dahiti:2,2021-06-28,1136.634
dahiti:2,2021-07-08,1136.372
dahiti:2,2021-07-18,1136.345
dahiti:2,2021-07-28,1136.324
dahiti:2,2021-08-07,1136.16
dahiti:2,2021-08-17,1136.211
dahiti:2,2021-08-26,1136.263
dahiti:2,2021-09-05,1136.057
dahiti:2,2021-09-15,1136.146
dahiti:2,2021-09-25,1135.944
dahiti:2,2021-10-05,1136.203
dahiti:2,2021-10-15,1136.159
dahiti:2,2021-10-25,1136.161
dahiti:2,2021-11-04,1136.191
dahiti:2,2021-11-14,1136.074
dahiti:2,2021-11-24,1136.077
dahiti:2,2021-12-04,1136.02
dahiti:2,2021-12-14,1135.907
dahiti:2,2021-12-23,1136.018
dahiti:2,2022-01-02,1136.069
dahiti:2,2022-01-12,1136.054
dahiti:2,2022-01-22,1135.992
dahiti:2,2022-02-01,1135.927
dahiti:2,2022-02-11,1136.15
dahiti:2,2022-02-21,1136.217
dahiti:2,2022-03-03,1136.197
dahiti:2,2022-03-13,1136.096
dahiti:2,2022-03-23,1136.034
dahiti:2,2022-04-02,1136.153
dahiti:2,2022-04-12,1135.962
dahiti:2,2022-04-21,1136.028
dahiti:2,2022-05-01,1136.174
dahiti:2,2022-05-11,1136.125
dahiti:2,2022-05-21,1136.091
dahiti:2,2022-05-31,1136.168
dahiti:2,2022-06-10,1136.152
dahiti:2,2022-06-20,1136.127
dahiti:2,2022-07-10,1135.88
dahiti:2,2022-07-20,1135.851
dahiti:2,2022-07-30,1135.724
dahiti:2,2022-08-09,1135.81
dahiti:2,2022-08-18,1135.832
dahiti:2,2022-08-28,1135.742
dahiti:2,2022-09-07,1135.778
dahiti:2,2022-09-17,1135.759
dahiti:2,2022-09-27,1135.751
dahiti:2,2022-10-17,1135.666
dahiti:2,2022-10-27,1135.648
dahiti:2,2022-11-06,1135.77
dahiti:2,2022-11-16,1135.717
dahiti:2,2022-11-26,1135.705
dahiti:2,2022-12-06,1135.734
dahiti:2,2022-12-15,1135.746
dahiti:2,2022-12-25,1135.925
dahiti:2,2023-01-04,1135.857
dahiti:2,2023-01-14,1135.936
dahiti:2,2023-01-24,1135.849
dahiti:2,2023-02-03,1135.781
dahiti:2,2023-02-13,1135.775
dahiti:2,2023-02-23,1135.761
dahiti:2,2023-03-05,1135.81
dahiti:2,2023-03-15,1135.769
dahiti:2,2023-03-25,1135.875
dahiti:2,2023-04-04,1135.975
dahiti:2,2023-04-13,1135.968
dahiti:2,2023-04-23,1135.987
dahiti:2,2023-05-13,1136.122
dahiti:2,2023-05-23,1136.119
dahiti:2,2023-06-02,1136.143
dahiti:2,2023-06-12,1136.175
dahiti:2,2023-06-22,1136.135
dahiti:2,2023-07-02,1136.111
dahiti:2,2023-07-12,1136.045
dahiti:2,2023-07-22,1135.916
dahiti:2,2023-08-10,1135.88
dahiti:2,2023-08-20,1135.75
dahiti:2,2023-08-30,1135.727
dahiti:2,2023-09-09,1135.739
dahiti:2,2023-09-19,1135.812
dahiti:2,2023-09-29,1135.784
dahiti:2,2023-10-09,1135.769
dahiti:2,2023-10-19,1135.817
dahiti:2,2023-10-29,1135.746
dahiti:2,2023-11-27,1135.996
dahiti:2,2023-12-07,1136.049
dahiti:2,2023-12-17,1136.18
dahiti:2,2024-01-16,1136.333
dahiti:2,2024-01-26,1136.383
dahiti:2,2024-02-05,1136.383
dahiti:2,2024-02-15,1136.401
dahiti:2,2024-03-06,1136.42
dahiti:2,2024-03-16,1136.323
dahiti:2,2024-03-25,1136.418
dahiti:2,2024-04-04,1136.409
dahiti:2,2024-04-14,1136.519
dahiti:2,2024-04-24,1136.686
dahiti:2,2024-05-04,1136.777
dahiti:2,2024-05-14,1136.766
dahiti:2,2024-05-24,1136.788
dahiti:2,2024-06-13,1136.752
dahiti:2,2024-06-23,1136.601
dahiti:2,2024-07-03,1136.493
dahiti:2,2024-07-13,1136.467
dahiti:2,2024-07-22,1136.461
dahiti:2,2024-08-01,1136.455
dahiti:2,2024-08-11,1136.471
dahiti:2,2024-08-21,1136.265
dahiti:2,2024-08-31,1136.338
dahiti:2,2024-09-20,1136.219
dahiti:2,2024-09-30,1136.22
dahiti:2,2024-10-10,1136.16
dahiti:2,2024-10-30,1136.168
dahiti:2,2024-11-09,1136.286
dahiti:2,2024-11-18,1136.255
dahiti:2,2024-11-28,1136.317
dahiti:2,2024-12-08,1136.346
dahiti:2,2024-12-28,1136.454
dahiti:2,2025-01-07,1136.409
dahiti:2,2025-01-17,1136.348
dahiti:2,2025-01-27,1136.321
dahiti:2,2025-02-06,1136.343
dahiti:2,2025-02-16,1136.267
dahiti:2,2025-02-26,1136.141
dahiti:2,2025-03-17,1136.202
dahiti:2,2025-03-27,1136.222
dahiti:2,2025-04-06,1136.2
dahiti:2,2025-04-16,1136.222
dahiti:2,2025-04-26,1136.364
dahiti:2,2025-05-06,1136.318
dahiti:2,2025-05-16,1136.47
dahiti:2,2025-05-26,1136.471
dahiti:2,2025-06-05,1136.44
dahiti:2,2025-06-15,1136.343
dahiti:2,2025-06-25,1136.352
dahiti:2,2025-07-04,1136.325
dahiti:2,2025-07-14,1136.257
dahiti:2,2025-07-24,1136.276
dahiti:2,2025-08-03,1136.171
dahiti:2,2025-08-13,1136.11
dahiti:2,2025-08-23,1136.136
dahiti:2,2025-09-02,1136.11
dahiti:2,2025-10-12,1135.968
dahiti:2,2025-10-22,1135.922
dahiti:2,2025-10-31,1135.971
dahiti:2,2025-11-10,1136.066
dahiti:2,2025-11-20,1136.031
dahiti:2,2025-11-30,1135.985
dahiti:2,2025-12-10,1135.912
dahiti:2,2025-12-20,1135.993
dahiti:2,2025-12-30,1136.04
dahiti:2,2026-01-09,1136.038
dahiti:2,2026-01-19,1135.973
dahiti:2,2026-01-29,1135.983
dahiti:2,2026-02-08,1135.928
dahiti:2,2026-02-18,1135.946
dahiti:2,2026-02-27,1136.02
dahiti:2,2026-03-09,1136.14
dahiti:2,2026-03-29,1136.235
dahiti:2,2026-04-08,1136.268
dahiti:2,2026-04-18,1136.274
dahiti:2,2026-04-28,1136.216
dahiti:2,2026-05-18,1136.451
dahiti:2,2026-05-28,1136.36
dahiti:2,2026-06-07,1136.292
dahiti:2,2026-06-26,1136.109
dahiti:2,2026-07-06,1136.102
dahiti:2,2026-07-16,1136.125
dahiti:2,2026-07-26,1136.034
dahiti:2,2026-08-05,1135.958
dahiti:2,2026-08-15,1135.889
dahiti:2,2026-08-25,1135.922
hydroweb:1300000000016,2016-01-03,1135.92
hydroweb:1300000000016,2016-01-13,1135.95
hydroweb:1300000000016,2016-01-23,1135.97
hydroweb:1300000000016,2016-02-02,1135.94
hydroweb:1300000000016,2016-02-12,1135.89
hydroweb:1300000000016,2016-02-22,1135.91
hydroweb:1300000000016,2016-03-03,1135.85
hydroweb:1300000000016,2016-03-12,1135.88
hydroweb:1300000000016,2016-03-22,1135.84
hydroweb:1300000000016,2016-04-01,1135.83
hydroweb:1300000000016,2016-04-11,1135.87
hydroweb:1300000000016,2016-04-21,1135.95
hydroweb:1300000000016,2016-05-01,1136.07
hydroweb:1300000000016,2016-05-11,1136.1
hydroweb:1300000000016,2016-05-21,1136.12
hydroweb:1300000000016,2016-05-31,1136.11
hydroweb:1300000000016,2016-06-10,1136.05
hydroweb:1300000000016,2016-06-20,1135.99
hydroweb:1300000000016,2016-06-29,1135.97
hydroweb:1300000000016,2016-07-09,1135.94
hydroweb:1300000000016,2016-07-19,1135.89
hydroweb:1300000000016,2016-07-29,1135.81
hydroweb:1300000000016,2016-08-08,1135.78
hydroweb:1300000000016,2016-08-09,1135.77
hydroweb:1300000000016,2016-08-13,1135.75
hydroweb:1300000000016,2016-08-17,1135.92
hydroweb:1300000000016,2016-08-18,1135.73
hydroweb:1300000000016,2016-08-26,1135.66
hydroweb:1300000000016,2016-08-28,1135.7
hydroweb:1300000000016,2016-09-05,1135.66
hydroweb:1300000000016,2016-09-07,1135.69
hydroweb:1300000000016,2016-09-09,1135.63
hydroweb:1300000000016,2016-09-17,1135.62
hydroweb:1300000000016,2016-09-18,1135.63
hydroweb:1300000000016,2016-09-22,1135.59
hydroweb:1300000000016,2016-09-27,1135.62
hydroweb:1300000000016,2016-10-02,1135.6
hydroweb:1300000000016,2016-10-06,1135.64
hydroweb:1300000000016,2016-10-07,1135.62
hydroweb:1300000000016,2016-10-15,1135.6
hydroweb:1300000000016,2016-10-17,1135.56
hydroweb:1300000000016,2016-10-19,1135.57
hydroweb:1300000000016,2016-10-26,1135.57
hydroweb:1300000000016,2016-10-29,1135.56
hydroweb:1300000000016,2016-11-02,1135.54
hydroweb:1300000000016,2016-11-05,1135.56
hydroweb:1300000000016,2016-11-11,1135.51
hydroweb:1300000000016,2016-11-15,1135.53
hydroweb:1300000000016,2016-11-25,1135.5
hydroweb:1300000000016,2016-11-29,1135.53
hydroweb:1300000000016,2016-12-03,1135.65
hydroweb:1300000000016,2016-12-05,1135.51
hydroweb:1300000000016,2016-12-12,1135.5
hydroweb:1300000000016,2016-12-15,1135.47
hydroweb:1300000000016,2016-12-22,1135.47
hydroweb:1300000000016,2016-12-25,1135.43
hydroweb:1300000000016,2016-12-26,1135.44
hydroweb:1300000000016,2016-12-30,1135.44
hydroweb:1300000000016,2017-01-04,1135.45
hydroweb:1300000000016,2017-01-04,1135.44
hydroweb:1300000000016,2017-01-08,1135.41
hydroweb:1300000000016,2017-01-14,1135.43
hydroweb:1300000000016,2017-01-18,1135.38
hydroweb:1300000000016,2017-01-22,1135.3
hydroweb:1300000000016,2017-01-24,1135.35
hydroweb:1300000000016,2017-01-26,1135.35
hydroweb:1300000000016,2017-01-31,1135.31
hydroweb:1300000000016,2017-02-03,1135.3
hydroweb:1300000000016,2017-02-04,1135.26
hydroweb:1300000000016,2017-02-13,1135.27
hydroweb:1300000000016,2017-02-14,1135.26
hydroweb:1300000000016,2017-02-18,1135.27
hydroweb:1300000000016,2017-02-22,1135.27
hydroweb:1300000000016,2017-02-22,1135.31
hydroweb:1300000000016,2017-02-27,1135.31
hydroweb:1300000000016,2017-03-03,1135.32
hydroweb:1300000000016,2017-03-04,1135.33
hydroweb:1300000000016,2017-03-13,1135.32
hydroweb:1300000000016,2017-03-14,1135.3
hydroweb:1300000000016,2017-03-17,1135.34
hydroweb:1300000000016,2017-03-21,1135.37
hydroweb:1300000000016,2017-03-24,1135.35
hydroweb:1300000000016,2017-03-26,1135.37
hydroweb:1300000000016,2017-03-30,1135.32
hydroweb:1300000000016,2017-04-03,1135.38
hydroweb:1300000000016,2017-04-09,1135.37
hydroweb:1300000000016,2017-04-13,1135.35
hydroweb:1300000000016,2017-04-17,1135.33
hydroweb:1300000000016,2017-04-22,1135.41
hydroweb:1300000000016,2017-04-23,1135.4
hydroweb:1300000000016,2017-04-26,1135.43
hydroweb:1300000000016,2017-05-03,1135.44
hydroweb:1300000000016,2017-05-06,1135.47
hydroweb:1300000000016,2017-05-10,1135.51
hydroweb:1300000000016,2017-05-13,1135.55
hydroweb:1300000000016,2017-05-14,1135.55
hydroweb:1300000000016,2017-05-19,1135.53
hydroweb:1300000000016,2017-05-23,1135.5
hydroweb:1300000000016,2017-05-23,1135.53
hydroweb:1300000000016,2017-06-02,1135.5
hydroweb:1300000000016,2017-06-06,1135.52
hydroweb:1300000000016,2017-06-10,1135.47
hydroweb:1300000000016,2017-06-12,1135.47
hydroweb:1300000000016,2017-06-15,1135.49
hydroweb:1300000000016,2017-06-19,1135.44
hydroweb:1300000000016,2017-06-21,1135.42
hydroweb:1300000000016,2017-06-29,1135.37
hydroweb:1300000000016,2017-07-01,1135.38
hydroweb:1300000000016,2017-07-03,1135.33
hydroweb:1300000000016,2017-07-07,1135.24
hydroweb:1300000000016,2017-07-11,1135.36
hydroweb:1300000000016,2017-07-12,1135.34
hydroweb:1300000000016,2017-07-16,1135.3
hydroweb:1300000000016,2017-07-21,1135.33
hydroweb:1300000000016,2017-07-26,1135.32
hydroweb:1300000000016,2017-07-30,1135.27
hydroweb:1300000000016,2017-07-31,1135.29
hydroweb:1300000000016,2017-08-03,1135.23
hydroweb:1300000000016,2017-08-08,1135.26
hydroweb:1300000000016,2017-08-10,1135.23
hydroweb:1300000000016,2017-08-12,1135.25
hydroweb:1300000000016,2017-08-20,1135.22
hydroweb:1300000000016,2017-08-22,1135.21
hydroweb:1300000000016,2017-08-26,1135.18
hydroweb:1300000000016,2017-08-30,1135.18
hydroweb:1300000000016,2017-08-30,1135.19
hydroweb:1300000000016,2017-09-04,1135.21
hydroweb:1300000000016,2017-09-08,1135.21
hydroweb:1300000000016,2017-09-09,1135.23
hydroweb:1300000000016,2017-09-18,1135.2
hydroweb:1300000000016,2017-09-19,1135.19
hydroweb:1300000000016,2017-09-22,1135.18
hydroweb:1300000000016,2017-09-26,1135.27
hydroweb:1300000000016,2017-09-29,1135.22
hydroweb:1300000000016,2017-10-01,1135.19
hydroweb:1300000000016,2017-10-05,1135.2
hydroweb:1300000000016,2017-10-09,1135.17
hydroweb:1300000000016,2017-10-15,1135.16
hydroweb:1300000000016,2017-10-18,1135.16
hydroweb:1300000000016,2017-10-19,1135.16
hydroweb:1300000000016,2017-10-23,1135.25
hydroweb:1300000000016,2017-10-28,1135.21
hydroweb:1300000000016,2017-10-28,1135.23
hydroweb:1300000000016,2017-11-01,1135.23
hydroweb:1300000000016,2017-11-07,1135.3
hydroweb:1300000000016,2017-11-11,1135.28
hydroweb:1300000000016,2017-11-15,1135.3
hydroweb:1300000000016,2017-11-17,1135.31
hydroweb:1300000000016,2017-11-19,1135.23
hydroweb:1300000000016,2017-11-24,1135.27
hydroweb:1300000000016,2017-11-27,1135.34
hydroweb:1300000000016,2017-11-28,1135.31
hydroweb:1300000000016,2017-12-07,1135.29
hydroweb:1300000000016,2017-12-08,1135.3
hydroweb:1300000000016,2017-12-12,1135.31
hydroweb:1300000000016,2017-12-17,1135.3
hydroweb:1300000000016,2017-12-21,1135.31
hydroweb:1300000000016,2017-12-25,1135.3
hydroweb:1300000000016,2017-12-27,1135.3
hydroweb:1300000000016,2018-01-04,1135.28
hydroweb:1300000000016,2018-01-06,1135.27
hydroweb:1300000000016,2018-01-08,1135.26
hydroweb:1300000000016,2018-01-12,1135.19
hydroweb:1300000000016,2018-01-16,1135.24
hydroweb:1300000000016,2018-01-17,1135.26
hydroweb:1300000000016,2018-01-21,1135.25
hydroweb:1300000000016,2018-01-26,1135.25
hydroweb:1300000000016,2018-01-31,1135.24
hydroweb:1300000000016,2018-02-04,1135.24
hydroweb:1300000000016,2018-02-05,1135.22
hydroweb:1300000000016,2018-02-13,1135.17
hydroweb:1300000000016,2018-02-14,1135.13
hydroweb:1300000000016,2018-02-17,1135.16
hydroweb:1300000000016,2018-02-24,1135.11
hydroweb:1300000000016,2018-02-27,1135.16
hydroweb:1300000000016,2018-03-03,1135.19
hydroweb:1300000000016,2018-03-06,1135.21
hydroweb:1300000000016,2018-03-07,1135.2
hydroweb:1300000000016,2018-03-12,1135.22
hydroweb:1300000000016,2018-03-16,1135.25
hydroweb:1300000000016,2018-03-16,1135.23
hydroweb:1300000000016,2018-03-26,1135.29
hydroweb:1300000000016,2018-03-30,1135.34
hydroweb:1300000000016,2018-04-05,1135.34
hydroweb:1300000000016,2018-04-08,1135.39
hydroweb:1300000000016,2018-04-12,1135.44
hydroweb:1300000000016,2018-04-15,1135.45
hydroweb:1300000000016,2018-04-22,1135.57
hydroweb:1300000000016,2018-04-25,1135.59
hydroweb:1300000000016,2018-04-26,1135.63
hydroweb:1300000000016,2018-05-05,1135.71
hydroweb:1300000000016,2018-05-05,1135.69
hydroweb:1300000000016,2018-05-09,1135.7
hydroweb:1300000000016,2018-05-15,1135.83
hydroweb:1300000000016,2018-05-19,1135.79
hydroweb:1300000000016,2018-05-23,1135.81
hydroweb:1300000000016,2018-05-25,1135.85
hydroweb:1300000000016,2018-06-01,1135.84
hydroweb:1300000000016,2018-06-04,1135.88
hydroweb:1300000000016,2018-06-05,1135.82
hydroweb:1300000000016,2018-06-13,1135.82
hydroweb:1300000000016,2018-06-15,1135.82
hydroweb:1300000000016,2018-06-19,1135.78
hydroweb:1300000000016,2018-06-23,1135.82
hydroweb:1300000000016,2018-06-28,1135.83
hydroweb:1300000000016,2018-07-02,1135.8
hydroweb:1300000000016,2018-07-03,1135.79
hydroweb:1300000000016,2018-07-12,1135.73
hydroweb:1300000000016,2018-07-13,1135.72
hydroweb:1300000000016,2018-07-16,1135.69
hydroweb:1300000000016,2018-07-20,1135.69
hydroweb:1300000000016,2018-07-23,1135.63
hydroweb:1300000000016,2018-07-25,1135.65
hydroweb:1300000000016,2018-07-29,1135.65
hydroweb:1300000000016,2018-08-02,1135.65
hydroweb:1300000000016,2018-08-08,1135.61
hydroweb:1300000000016,2018-08-12,1135.58
hydroweb:1300000000016,2018-08-12,1135.6
hydroweb:1300000000016,2018-08-16,1135.59
hydroweb:1300000000016,2018-08-21,1135.58
hydroweb:1300000000016,2018-08-22,1135.55
hydroweb:1300000000016,2018-08-25,1135.57
hydroweb:1300000000016,2018-09-01,1135.58
hydroweb:1300000000016,2018-09-04,1135.6
hydroweb:1300000000016,2018-09-08,1135.57
hydroweb:1300000000016,2018-09-11,1135.57
hydroweb:1300000000016,2018-09-17,1135.54
hydroweb:1300000000016,2018-09-21,1135.54
hydroweb:1300000000016,2018-09-21,1135.53
hydroweb:1300000000016,2018-10-01,1135.57
hydroweb:1300000000016,2018-10-01,1135.53
hydroweb:1300000000016,2018-10-05,1135.49
hydroweb:1300000000016,2018-10-09,1135.45
hydroweb:1300000000016,2018-10-10,1135.49
hydroweb:1300000000016,2018-10-14,1135.48
hydroweb:1300000000016,2018-10-18,1135.49
hydroweb:1300000000016,2018-10-20,1135.52
hydroweb:1300000000016,2018-10-28,1135.51
hydroweb:1300000000016,2018-10-30,1135.51
hydroweb:1300000000016,2018-11-01,1135.46
hydroweb:1300000000016,2018-11-05,1135.48
hydroweb:1300000000016,2018-11-09,1135.46
hydroweb:1300000000016,2018-11-10,1135.47
hydroweb:1300000000016,2018-11-14,1135.48
hydroweb:1300000000016,2018-11-19,1135.5
hydroweb:1300000000016,2018-11-24,1135.48
hydroweb:1300000000016,2018-11-28,1135.47
hydroweb:1300000000016,2018-11-29,1135.48
hydroweb:1300000000016,2018-12-07,1135.48
hydroweb:1300000000016,2018-12-09,1135.49
hydroweb:1300000000016,2018-12-11,1135.53
hydroweb:1300000000016,2018-12-19,1135.54
hydroweb:1300000000016,2018-12-21,1135.55
hydroweb:1300000000016,2018-12-25,1135.58
hydroweb:1300000000016,2018-12-29,1135.58
hydroweb:1300000000016,2019-01-03,1135.57
hydroweb:1300000000016,2019-01-07,1135.6
hydroweb:1300000000016,2019-01-08,1135.55
hydroweb:1300000000016,2019-01-17,1135.54
hydroweb:1300000000016,2019-01-18,1135.5
hydroweb:1300000000016,2019-01-21,1135.56
hydroweb:1300000000016,2019-01-25,1135.59
hydroweb:1300000000016,2019-01-27,1135.55
hydroweb:1300000000016,2019-01-30,1135.55
hydroweb:1300000000016,2019-02-03,1135.54
hydroweb:1300000000016,2019-02-06,1135.54
hydroweb:1300000000016,2019-02-13,1135.51
hydroweb:1300000000016,2019-02-16,1135.48
hydroweb:1300000000016,2019-02-17,1135.49
hydroweb:1300000000016,2019-02-26,1135.49
hydroweb:1300000000016,2019-03-02,1135.44
hydroweb:1300000000016,2019-03-08,1135.48
hydroweb:1300000000016,2019-03-12,1135.45
hydroweb:1300000000016,2019-03-16,1135.47
hydroweb:1300000000016,2019-03-18,1135.48
hydroweb:1300000000016,2019-03-20,1135.46
hydroweb:1300000000016,2019-03-25,1135.42
hydroweb:1300000000016,2019-03-28,1135.48
hydroweb:1300000000016,2019-03-29,1135.44
hydroweb:1300000000016,2019-04-08,1135.4
hydroweb:1300000000016,2019-04-12,1135.41
hydroweb:1300000000016,2019-04-16,1135.4
hydroweb:1300000000016,2019-04-17,1135.45
hydroweb:1300000000016,2019-04-21,1135.41
hydroweb:1300000000016,2019-04-25,1135.43
hydroweb:1300000000016,2019-04-27,1135.45
hydroweb:1300000000016,2019-05-05,1135.46
hydroweb:1300000000016,2019-05-07,1135.45
hydroweb:1300000000016,2019-05-09,1135.47
hydroweb:1300000000016,2019-05-13,1135.52
hydroweb:1300000000016,2019-05-17,1135.5
hydroweb:1300000000016,2019-05-18,1135.51
hydroweb:1300000000016,2019-05-22,1135.52
hydroweb:1300000000016,2019-05-26,1135.56
hydroweb:1300000000016,2019-06-01,1135.59
hydroweb:1300000000016,2019-06-05,1135.59
hydroweb:1300000000016,2019-06-05,1135.64
hydroweb:1300000000016,2019-06-14,1135.6
hydroweb:1300000000016,2019-06-15,1135.65
hydroweb:1300000000016,2019-06-18,1135.59
hydroweb:1300000000016,2019-06-25,1135.58
hydroweb:1300000000016,2019-06-28,1135.59
hydroweb:1300000000016,2019-07-02,1135.61
hydroweb:1300000000016,2019-07-05,1135.6
hydroweb:1300000000016,2019-07-06,1135.58
hydroweb:1300000000016,2019-07-11,1135.59
hydroweb:1300000000016,2019-07-15,1135.57
hydroweb:1300000000016,2019-07-15,1135.62
hydroweb:1300000000016,2019-07-25,1135.55
hydroweb:1300000000016,2019-07-29,1135.55
hydroweb:1300000000016,2019-08-02,1135.58
hydroweb:1300000000016,2019-08-04,1135.56
hydroweb:1300000000016,2019-08-07,1135.52
hydroweb:1300000000016,2019-08-11,1135.53
hydroweb:1300000000016,2019-08-14,1135.57
hydroweb:1300000000016,2019-08-21,1135.45
hydroweb:1300000000016,2019-08-24,1135.42
hydroweb:1300000000016,2019-08-25,1135.42
hydroweb:1300000000016,2019-08-29,1135.45
hydroweb:1300000000016,2019-09-03,1135.49
hydroweb:1300000000016,2019-09-07,1135.45
hydroweb:1300000000016,2019-09-13,1135.51
hydroweb:1300000000016,2019-09-17,1135.47
hydroweb:1300000000016,2019-09-21,1135.43
hydroweb:1300000000016,2019-09-22,1135.45
hydroweb:1300000000016,2019-09-25,1135.43
hydroweb:1300000000016,2019-09-30,1135.44
hydroweb:1300000000016,2019-10-02,1135.5
hydroweb:1300000000016,2019-10-04,1135.47
hydroweb:1300000000016,2019-10-12,1135.52
hydroweb:1300000000016,2019-10-14,1135.52
hydroweb:1300000000016,2019-10-18,1135.5
hydroweb:1300000000016,2019-10-22,1135.6
hydroweb:1300000000016,2019-10-22,1135.54
hydroweb:1300000000016,2019-10-27,1135.62
hydroweb:1300000000016,2019-10-31,1135.64
hydroweb:1300000000016,2019-11-01,1135.59
hydroweb:1300000000016,2019-11-10,1135.63
hydroweb:1300000000016,2019-11-11,1135.64
hydroweb:1300000000016,2019-11-14,1135.67
hydroweb:1300000000016,2019-11-21,1135.66
hydroweb:1300000000016,2019-11-23,1135.67
hydroweb:1300000000016,2019-11-27,1135.75
hydroweb:1300000000016,2019-12-01,1135.75
hydroweb:1300000000016,2019-12-07,1135.85
hydroweb:1300000000016,2019-12-20,1136.0
hydroweb:1300000000016,2019-12-21,1136.04
hydroweb:1300000000016,2019-12-24,1136.03
hydroweb:1300000000016,2019-12-31,1136.06
hydroweb:1300000000016,2020-01-03,1136.07
hydroweb:1300000000016,2020-01-07,1136.09
hydroweb:1300000000016,2020-01-10,1136.06
hydroweb:1300000000016,2020-01-11,1136.1
hydroweb:1300000000016,2020-01-16,1136.1
hydroweb:1300000000016,2020-01-19,1136.09
hydroweb:1300000000016,2020-01-20,1136.15
hydroweb:1300000000016,2020-01-29,1136.19
hydroweb:1300000000016,2020-01-30,1136.17
hydroweb:1300000000016,2020-02-03,1136.21
hydroweb:1300000000016,2020-02-12,1136.3
hydroweb:1300000000016,2020-02-16,1136.28
hydroweb:1300000000016,2020-02-18,1136.29
hydroweb:1300000000016,2020-02-26,1136.3
hydroweb:1300000000016,2020-02-28,1136.27
hydroweb:1300000000016,2020-03-01,1136.29
hydroweb:1300000000016,2020-03-05,1136.37
hydroweb:1300000000016,2020-03-09,1136.3
hydroweb:1300000000016,2020-03-10,1136.38
hydroweb:1300000000016,2020-03-14,1136.37
hydroweb:1300000000016,2020-03-19,1136.42
hydroweb:1300000000016,2020-03-24,1136.46
hydroweb:1300000000016,2020-03-28,1136.51
hydroweb:1300000000016,2020-03-29,1136.54
hydroweb:1300000000016,2020-04-01,1136.56
hydroweb:1300000000016,2020-04-06,1136.54
hydroweb:1300000000016,2020-04-08,1136.55
hydroweb:1300000000016,2020-04-10,1136.51
hydroweb:1300000000016,2020-04-18,1136.53
hydroweb:1300000000016,2020-04-20,1136.63
hydroweb:1300000000016,2020-04-28,1136.72
hydroweb:1300000000016,2020-04-28,1136.68
hydroweb:1300000000016,2020-05-07,1136.85
hydroweb:1300000000016,2020-05-08,1136.77
hydroweb:1300000000016,2020-05-17,1136.89
hydroweb:1300000000016,2020-05-17,1136.87
hydroweb:1300000000016,2020-05-21,1136.85
hydroweb:1300000000016,2020-05-25,1136.8
hydroweb:1300000000016,2020-05-27,1136.86
hydroweb:1300000000016,2020-05-30,1136.83
hydroweb:1300000000016,2020-06-03,1136.81
hydroweb:1300000000016,2020-06-06,1136.83
hydroweb:1300000000016,2020-06-13,1136.77
hydroweb:1300000000016,2020-06-17,1136.75
hydroweb:1300000000016,2020-06-26,1136.74
hydroweb:1300000000016,2020-06-26,1136.72
hydroweb:1300000000016,2020-06-30,1136.73
hydroweb:1300000000016,2020-07-06,1136.65
hydroweb:1300000000016,2020-07-10,1136.64
hydroweb:1300000000016,2020-07-14,1136.63
hydroweb:1300000000016,2020-07-16,1136.63
hydroweb:1300000000016,2020-07-18,1136.61
hydroweb:1300000000016,2020-07-23,1136.62
hydroweb:1300000000016,2020-07-26,1136.58
hydroweb:1300000000016,2020-07-27,1136.58
hydroweb:1300000000016,2020-08-05,1136.55
hydroweb:1300000000016,2020-08-06,1136.52
hydroweb:1300000000016,2020-08-10,1136.5
hydroweb:1300000000016,2020-08-15,1136.49
hydroweb:1300000000016,2020-08-19,1136.53
hydroweb:1300000000016,2020-08-23,1136.48
hydroweb:1300000000016,2020-08-25,1136.5
hydroweb:1300000000016,2020-09-02,1136.47
hydroweb:1300000000016,2020-09-04,1136.43
hydroweb:1300000000016,2020-09-06,1136.44
hydroweb:1300000000016,2020-09-10,1136.44
hydroweb:1300000000016,2020-09-13,1136.45
hydroweb:1300000000016,2020-09-15,1136.47
hydroweb:1300000000016,2020-09-19,1136.43
hydroweb:1300000000016,2020-09-23,1136.42
hydroweb:1300000000016,2020-09-29,1136.47
hydroweb:1300000000016,2020-10-03,1136.46
hydroweb:1300000000016,2020-10-03,1136.49
hydroweb:1300000000016,2020-10-07,1136.59
hydroweb:1300000000016,2020-10-13,1136.47
hydroweb:1300000000016,2020-10-16,1136.44
hydroweb:1300000000016,2020-10-23,1136.46
hydroweb:1300000000016,2020-10-26,1136.46
hydroweb:1300000000016,2020-10-30,1136.45
hydroweb:1300000000016,2020-11-02,1136.46
hydroweb:1300000000016,2020-11-03,1136.41
hydroweb:1300000000016,2020-11-08,1136.43
hydroweb:1300000000016,2020-11-12,1136.5
hydroweb:1300000000016,2020-11-12,1136.48
hydroweb:1300000000016,2020-11-22,1136.54
hydroweb:1300000000016,2020-11-22,1136.6
hydroweb:1300000000016,2020-11-26,1136.56
hydroweb:1300000000016,2020-11-30,1136.76
hydroweb:1300000000016,2020-12-02,1136.62
hydroweb:1300000000016,2020-12-09,1136.62
hydroweb:1300000000016,2020-12-12,1136.64
hydroweb:1300000000016,2020-12-19,1136.63
hydroweb:1300000000016,2020-12-22,1136.66
hydroweb:1300000000016,2020-12-23,1136.62
hydroweb:1300000000016,2020-12-27,1136.63
hydroweb:1300000000016,2021-01-01,1136.6
hydroweb:1300000000016,2021-01-01,1136.67
hydroweb:1300000000016,2021-01-05,1136.66
hydroweb:1300000000016,2021-01-10,1136.67
hydroweb:1300000000016,2021-01-15,1136.69
hydroweb:1300000000016,2021-01-19,1136.69
hydroweb:1300000000016,2021-01-20,1136.68
hydroweb:1300000000016,2021-01-23,1136.71
hydroweb:1300000000016,2021-01-28,1136.71
hydroweb:1300000000016,2021-01-30,1136.66
hydroweb:1300000000016,2021-02-01,1136.69
hydroweb:1300000000016,2021-02-09,1136.68
hydroweb:1300000000016,2021-02-11,1136.65
hydroweb:1300000000016,2021-02-15,1136.68
hydroweb:1300000000016,2021-02-19,1136.7
hydroweb:1300000000016,2021-02-19,1136.68
hydroweb:1300000000016,2021-02-24,1136.64
hydroweb:1300000000016,2021-02-28,1136.67
hydroweb:1300000000016,2021-03-01,1136.66
hydroweb:1300000000016,2021-03-10,1136.62
hydroweb:1300000000016,2021-03-11,1136.64
hydroweb:1300000000016,2021-03-14,1136.61
hydroweb:1300000000016,2021-03-21,1136.58
hydroweb:1300000000016,2021-03-23,1136.59
hydroweb:1300000000016,2021-03-27,1136.58
hydroweb:1300000000016,2021-03-31,1136.63
hydroweb:1300000000016,2021-04-06,1136.62
hydroweb:1300000000016,2021-04-10,1136.58
hydroweb:1300000000016,2021-04-10,1136.68
hydroweb:1300000000016,2021-04-14,1136.67
hydroweb:1300000000016,2021-04-19,1136.63
hydroweb:1300000000016,2021-04-20,1136.66
hydroweb:1300000000016,2021-04-23,1136.65
hydroweb:1300000000016,2021-04-29,1136.74
hydroweb:1300000000016,2021-05-03,1136.76
hydroweb:1300000000016,2021-05-07,1136.77
hydroweb:1300000000016,2021-05-09,1136.82
hydroweb:1300000000016,2021-05-11,1136.9
hydroweb:1300000000016,2021-05-16,1136.91
hydroweb:1300000000016,2021-05-19,1136.88
hydroweb:1300000000016,2021-05-20,1136.87
hydroweb:1300000000016,2021-05-29,1136.82
hydroweb:1300000000016,2021-05-30,1136.82
hydroweb:1300000000016,2021-06-03,1136.79
hydroweb:1300000000016,2021-06-08,1136.78
hydroweb:1300000000016,2021-06-12,1136.73
hydroweb:1300000000016,2021-06-16,1136.72
hydroweb:1300000000016,2021-06-18,1136.72
hydroweb:1300000000016,2021-06-26,1136.68
hydroweb:1300000000016,2021-06-28,1136.7
hydroweb:1300000000016,2021-06-30,1136.61
hydroweb:1300000000016,2021-07-04,1136.61
hydroweb:1300000000016,2021-07-08,1136.61
hydroweb:1300000000016,2021-07-09,1136.6
hydroweb:1300000000016,2021-07-13,1136.57
hydroweb:1300000000016,2021-07-18,1136.49
hydroweb:1300000000016,2021-07-23,1136.47
hydroweb:1300000000016,2021-07-27,1136.42
hydroweb:1300000000016,2021-07-28,1136.42
hydroweb:1300000000016,2021-08-05,1136.4
hydroweb:1300000000016,2021-08-07,1136.38
hydroweb:1300000000016,2021-08-09,1136.41
hydroweb:1300000000016,2021-08-17,1136.35
hydroweb:1300000000016,2021-08-19,1136.35
hydroweb:1300000000016,2021-08-23,1136.35
hydroweb:1300000000016,2021-08-26,1136.32
hydroweb:1300000000016,2021-09-01,1136.3
hydroweb:1300000000016,2021-09-05,1136.3
hydroweb:1300000000016,2021-09-05,1136.27
hydroweb:1300000000016,2021-09-15,1136.24
hydroweb:1300000000016,2021-09-15,1136.25
hydroweb:1300000000016,2021-09-19,1136.28
hydroweb:1300000000016,2021-09-23,1136.23
hydroweb:1300000000016,2021-09-28,1136.28
hydroweb:1300000000016,2021-10-02,1136.28
hydroweb:1300000000016,2021-10-05,1136.25
hydroweb:1300000000016,2021-10-12,1136.25
hydroweb:1300000000016,2021-10-15,1136.28
hydroweb:1300000000016,2021-10-16,1136.26
hydroweb:1300000000016,2021-10-25,1136.28
hydroweb:1300000000016,2021-10-29,1136.24
hydroweb:1300000000016,2021-11-04,1136.27
hydroweb:1300000000016,2021-11-08,1136.24
hydroweb:1300000000016,2021-11-12,1136.23
hydroweb:1300000000016,2021-11-14,1136.21
hydroweb:1300000000016,2021-11-21,1136.23
hydroweb:1300000000016,2021-11-25,1136.21
hydroweb:1300000000016,2021-12-04,1136.23
hydroweb:1300000000016,2021-12-05,1136.27
hydroweb:1300000000016,2021-12-09,1136.22
hydroweb:1300000000016,2021-12-13,1136.21
hydroweb:1300000000016,2021-12-14,1136.21
hydroweb:1300000000016,2021-12-18,1136.22
hydroweb:1300000000016,2021-12-22,1136.24
hydroweb:1300000000016,2021-12-23,1136.23
hydroweb:1300000000016,2022-01-01,1136.23
hydroweb:1300000000016,2022-01-02,1136.25
hydroweb:1300000000016,2022-01-05,1136.22
hydroweb:1300000000016,2022-01-12,1136.17
hydroweb:1300000000016,2022-01-14,1136.18
hydroweb:1300000000016,2022-01-18,1136.16
hydroweb:1300000000016,2022-01-22,1136.19
hydroweb:1300000000016,2022-01-28,1136.2
hydroweb:1300000000016,2022-02-01,1136.23
hydroweb:1300000000016,2022-02-01,1136.19
hydroweb:1300000000016,2022-02-05,1136.21
hydroweb:1300000000016,2022-02-10,1136.21
hydroweb:1300000000016,2022-02-11,1136.25
hydroweb:1300000000016,2022-02-14,1136.21
hydroweb:1300000000016,2022-02-21,1136.31
hydroweb:1300000000016,2022-02-24,1136.24
hydroweb:1300000000016,2022-02-28,1136.25
hydroweb:1300000000016,2022-03-03,1136.28
hydroweb:1300000000016,2022-03-04,1136.28
hydroweb:1300000000016,2022-03-09,1136.2
hydroweb:1300000000016,2022-03-13,1136.21
hydroweb:1300000000016,2022-03-13,1136.23
hydroweb:1300000000016,2022-03-23,1136.2
hydroweb:1300000000016,2022-03-23,1136.22
hydroweb:1300000000016,2022-03-27,1136.23
hydroweb:1300000000016,2022-03-31,1136.31
hydroweb:1300000000016,2022-04-02,1136.25
hydroweb:1300000000016,2022-04-05,1136.23
hydroweb:1300000000016,2022-04-09,1136.21
hydroweb:1300000000016,2022-04-12,1136.19
hydroweb:1300000000016,2022-04-19,1136.23
hydroweb:1300000000016,2022-04-21,1136.25
hydroweb:1300000000016,2022-04-23,1136.29
hydroweb:1300000000016,2022-04-27,1136.26
hydroweb:1300000000016,2022-05-01,1136.36
hydroweb:1300000000016,2022-05-02,1136.31
hydroweb:1300000000016,2022-05-06,1136.35
hydroweb:1300000000016,2022-05-11,1136.35
hydroweb:1300000000016,2022-05-16,1136.38
hydroweb:1300000000016,2022-05-20,1136.38
hydroweb:1300000000016,2022-05-21,1136.37
hydroweb:1300000000016,2022-05-24,1136.24
hydroweb:1300000000016,2022-05-31,1136.37
hydroweb:1300000000016,2022-06-02,1136.36
hydroweb:1300000000016,2022-06-10,1136.35
hydroweb:1300000000016,2022-06-12,1136.35
hydroweb:1300000000016,2022-06-16,1136.33
hydroweb:1300000000016,2022-06-20,1136.3
hydroweb:1300000000016,2022-06-20,1136.32
hydroweb:1300000000016,2022-06-25,1136.29
hydroweb:1300000000016,2022-06-29,1136.27
hydroweb:1300000000016,2022-06-30,1136.22
hydroweb:1300000000016,2022-07-09,1136.15
hydroweb:1300000000016,2022-07-10,1136.15
hydroweb:1300000000016,2022-07-13,1136.13
hydroweb:1300000000016,2022-07-17,1136.11
hydroweb:1300000000016,2022-07-22,1136.05
hydroweb:1300000000016,2022-07-26,1136.04
hydroweb:1300000000016,2022-08-05,1136.05
hydroweb:1300000000016,2022-08-09,1136.04
hydroweb:1300000000016,2022-08-13,1136.06
hydroweb:1300000000016,2022-08-18,1136.04
hydroweb:1300000000016,2022-08-18,1136.03
hydroweb:1300000000016,2022-08-22,1135.99
hydroweb:1300000000016,2022-08-28,1136.01
hydroweb:1300000000016,2022-09-01,1136.0
hydroweb:1300000000016,2022-09-05,1135.96
hydroweb:1300000000016,2022-09-07,1136.02
hydroweb:1300000000016,2022-09-09,1136.06
hydroweb:1300000000016,2022-09-14,1136.01
hydroweb:1300000000016,2022-09-17,1136.02
hydroweb:1300000000016,2022-09-18,1135.99
hydroweb:1300000000016,2022-09-27,1135.99
hydroweb:1300000000016,2022-09-28,1136.01
hydroweb:1300000000016,2022-10-02,1135.99
hydroweb:1300000000016,2022-10-06,1136.0
hydroweb:1300000000016,2022-10-07,1135.97
hydroweb:1300000000016,2022-10-11,1135.99
hydroweb:1300000000016,2022-10-15,1135.92
hydroweb:1300000000016,2022-10-17,1135.95
hydroweb:1300000000016,2022-10-25,1135.95
hydroweb:1300000000016,2022-10-27,1135.91
hydroweb:1300000000016,2022-10-29,1135.93
hydroweb:1300000000016,2022-11-06,1135.93
hydroweb:1300000000016,2022-11-07,1135.96
hydroweb:1300000000016,2022-11-11,1135.94
hydroweb:1300000000016,2022-11-16,1135.98
hydroweb:1300000000016,2022-11-21,1135.99
hydroweb:1300000000016,2022-11-25,1136.02
hydroweb:1300000000016,2022-11-26,1135.99
hydroweb:1300000000016,2022-12-04,1135.98
hydroweb:1300000000016,2022-12-06,1135.96
hydroweb:1300000000016,2022-12-08,1136.03
hydroweb:1300000000016,2022-12-15,1136.02
hydroweb:1300000000016,2022-12-18,1136.04
hydroweb:1300000000016,2022-12-22,1136.06
hydroweb:1300000000016,2022-12-25,1136.12
hydroweb:1300000000016,2022-12-26,1135.94
hydroweb:1300000000016,2023-01-04,1136.12
hydroweb:1300000000016,2023-01-04,1136.11
hydroweb:1300000000016,2023-01-14,1136.12
hydroweb:1300000000016,2023-01-18,1136.09
hydroweb:1300000000016,2023-01-22,1136.15
hydroweb:1300000000016,2023-01-24,1136.08
hydroweb:1300000000016,2023-01-27,1136.07
hydroweb:1300000000016,2023-01-31,1136.08
hydroweb:1300000000016,2023-02-03,1136.04
hydroweb:1300000000016,2023-02-10,1136.05
hydroweb:1300000000016,2023-02-13,1136.04
hydroweb:1300000000016,2023-02-14,1136.03
hydroweb:1300000000016,2023-02-18,1136.09
hydroweb:1300000000016,2023-02-23,1136.03
hydroweb:1300000000016,2023-03-05,1136.04
hydroweb:1300000000016,2023-03-09,1135.96
hydroweb:1300000000016,2023-03-13,1136.01
hydroweb:1300000000016,2023-03-15,1136.01
hydroweb:1300000000016,2023-03-17,1136.06
hydroweb:1300000000016,2023-03-22,1136.08
hydroweb:1300000000016,2023-03-25,1136.09
hydroweb:1300000000016,2023-03-26,1136.08
hydroweb:1300000000016,2023-04-04,1136.18
hydroweb:1300000000016,2023-04-05,1136.21
hydroweb:1300000000016,2023-04-09,1136.22
hydroweb:1300000000016,2023-04-13,1136.16
hydroweb:1300000000016,2023-04-18,1136.24
hydroweb:1300000000016,2023-04-22,1136.28
hydroweb:1300000000016,2023-04-23,1136.26
hydroweb:1300000000016,2023-05-06,1136.45
hydroweb:1300000000016,2023-05-10,1136.41
hydroweb:1300000000016,2023-05-13,1136.46
hydroweb:1300000000016,2023-05-15,1136.42
hydroweb:1300000000016,2023-05-19,1136.45
hydroweb:1300000000016,2023-05-23,1136.42
hydroweb:1300000000016,2023-05-29,1136.4
hydroweb:1300000000016,2023-06-02,1136.4
hydroweb:1300000000016,2023-06-02,1136.37
hydroweb:1300000000016,2023-06-06,1136.39
hydroweb:1300000000016,2023-06-11,1136.35
hydroweb:1300000000016,2023-06-12,1136.36
hydroweb:1300000000016,2023-06-15,1136.39
hydroweb:1300000000016,2023-06-22,1136.37
hydroweb:1300000000016,2023-06-25,1136.37
hydroweb:1300000000016,2023-06-29,1136.35
hydroweb:1300000000016,2023-07-02,1136.33
hydroweb:1300000000016,2023-07-08,1136.27
hydroweb:1300000000016,2023-07-12,1136.28
hydroweb:1300000000016,2023-07-12,1136.26
hydroweb:1300000000016,2023-07-22,1136.18
hydroweb:1300000000016,2023-07-22,1136.17
hydroweb:1300000000016,2023-07-23,1136.18
hydroweb:1300000000016,2023-07-26,1136.14
hydroweb:1300000000016,2023-07-29,1136.19
hydroweb:1300000000016,2023-07-31,1136.14
hydroweb:1300000000016,2023-08-02,1136.12
hydroweb:1300000000016,2023-08-03,1136.15
hydroweb:1300000000016,2023-08-04,1136.17
hydroweb:1300000000016,2023-08-08,1136.13
hydroweb:1300000000016,2023-08-08,1136.15
hydroweb:1300000000016,2023-08-10,1136.09
hydroweb:1300000000016,2023-08-13,1136.09
hydroweb:1300000000016,2023-08-18,1136.11
hydroweb:1300000000016,2023-08-18,1136.12
hydroweb:1300000000016,2023-08-20,1136.05
hydroweb:1300000000016,2023-08-22,1136.08
hydroweb:1300000000016,2023-08-23,1135.91
hydroweb:1300000000016,2023-08-24,1136.08
hydroweb:1300000000016,2023-08-26,1136.01
hydroweb:1300000000016,2023-08-28,1136.0
hydroweb:1300000000016,2023-08-30,1136.04
hydroweb:1300000000016,2023-08-31,1136.01
hydroweb:1300000000016,2023-09-03,1136.02
hydroweb:1300000000016,2023-09-04,1136.0
hydroweb:1300000000016,2023-09-08,1136.06
hydroweb:1300000000016,2023-09-09,1136.03
hydroweb:1300000000016,2023-09-13,1135.95
hydroweb:1300000000016,2023-09-14,1136.02
hydroweb:1300000000016,2023-09-14,1136.03
hydroweb:1300000000016,2023-09-18,1136.04
hydroweb:1300000000016,2023-09-19,1136.07
hydroweb:1300000000016,2023-09-22,1136.08
hydroweb:1300000000016,2023-09-27,1136.04
hydroweb:1300000000016,2023-09-28,1136.0
hydroweb:1300000000016,2023-09-29,1136.02
hydroweb:1300000000016,2023-09-29,1135.99
hydroweb:1300000000016,2023-10-01,1135.98
hydroweb:1300000000016,2023-10-04,1136.01
hydroweb:1300000000016,2023-10-05,1135.93
hydroweb:1300000000016,2023-10-09,1135.96
hydroweb:1300000000016,2023-10-09,1135.99
hydroweb:1300000000016,2023-10-11,1135.97
hydroweb:1300000000016,2023-10-15,1135.95
hydroweb:1300000000016,2023-10-15,1135.99
hydroweb:1300000000016,2023-10-19,1136.0
hydroweb:1300000000016,2023-10-19,1135.92
hydroweb:1300000000016,2023-10-19,1136.03
hydroweb:1300000000016,2023-10-20,1135.99
hydroweb:1300000000016,2023-10-24,1136.0
hydroweb:1300000000016,2023-10-25,1135.94
hydroweb:1300000000016,2023-10-26,1136.02
hydroweb:1300000000016,2023-10-28,1136.02
hydroweb:1300000000016,2023-10-29,1135.94
hydroweb:1300000000016,2023-10-30,1136.0
hydroweb:1300000000016,2023-11-04,1136.03
hydroweb:1300000000016,2023-11-07,1136.0
hydroweb:1300000000016,2023-11-08,1136.12
hydroweb:1300000000016,2023-11-09,1136.06
hydroweb:1300000000016,2023-11-10,1136.05
hydroweb:1300000000016,2023-11-11,1136.1
hydroweb:1300000000016,2023-11-14,1136.1
hydroweb:1300000000016,2023-11-15,1136.14
hydroweb:1300000000016,2023-11-15,1136.12
hydroweb:1300000000016,2023-11-18,1136.1
hydroweb:1300000000016,2023-11-20,1136.16
hydroweb:1300000000016,2023-11-20,1136.17
hydroweb:1300000000016,2023-11-27,1136.23
hydroweb:1300000000016,2023-11-30,1136.25
hydroweb:1300000000016,2023-12-01,1136.3
hydroweb:1300000000016,2023-12-04,1136.31
hydroweb:1300000000016,2023-12-05,1136.28
hydroweb:1300000000016,2023-12-06,1136.27
hydroweb:1300000000016,2023-12-07,1136.3
hydroweb:1300000000016,2023-12-08,1136.31
hydroweb:1300000000016,2023-12-11,1136.36
hydroweb:1300000000016,2023-12-16,1136.38
hydroweb:1300000000016,2023-12-17,1136.39
hydroweb:1300000000016,2023-12-17,1136.42
hydroweb:1300000000016,2023-12-21,1136.41
hydroweb:1300000000016,2023-12-22,1136.41
hydroweb:1300000000016,2023-12-26,1136.41
hydroweb:1300000000016,2023-12-27,1136.35
hydroweb:1300000000016,2023-12-27,1136.39
hydroweb:1300000000016,2023-12-31,1136.44
hydroweb:1300000000016,2024-01-04,1136.48
hydroweb:1300000000016,2024-01-06,1136.51
hydroweb:1300000000016,2024-01-06,1136.5
hydroweb:1300000000016,2024-01-11,1136.51
hydroweb:1300000000016,2024-01-12,1136.5
hydroweb:1300000000016,2024-01-13,1136.56
hydroweb:1300000000016,2024-01-16,1136.55
hydroweb:1300000000016,2024-01-16,1136.57
hydroweb:1300000000016,2024-01-17,1136.55
hydroweb:1300000000016,2024-01-17,1136.58
hydroweb:1300000000016,2024-01-21,1136.54
hydroweb:1300000000016,2024-01-26,1136.58
hydroweb:1300000000016,2024-01-27,1136.57
hydroweb:1300000000016,2024-01-27,1136.58
hydroweb:1300000000016,2024-01-31,1136.58
hydroweb:1300000000016,2024-01-31,1136.54
hydroweb:1300000000016,2024-02-01,1136.57
hydroweb:1300000000016,2024-02-04,1136.46
hydroweb:1300000000016,2024-02-05,1136.59
hydroweb:1300000000016,2024-02-06,1136.67
hydroweb:1300000000016,2024-02-07,1136.61
hydroweb:1300000000016,2024-02-11,1136.65
hydroweb:1300000000016,2024-02-13,1136.64
hydroweb:1300000000016,2024-02-15,1136.63
hydroweb:1300000000016,2024-02-17,1136.63
hydroweb:1300000000016,2024-02-21,1136.66
hydroweb:1300000000016,2024-02-22,1136.67
hydroweb:1300000000016,2024-02-23,1136.67
hydroweb:1300000000016,2024-02-25,1136.61
hydroweb:1300000000016,2024-02-27,1136.66
hydroweb:1300000000016,2024-02-27,1136.63
hydroweb:1300000000016,2024-02-28,1136.69
hydroweb:1300000000016,2024-03-02,1136.62
hydroweb:1300000000016,2024-03-03,1136.63
hydroweb:1300000000016,2024-03-06,1136.65
hydroweb:1300000000016,2024-03-07,1136.62
hydroweb:1300000000016,2024-03-09,1136.63
hydroweb:1300000000016,2024-03-11,1136.64
hydroweb:1300000000016,2024-03-14,1136.63
hydroweb:1300000000016,2024-03-16,1136.63
hydroweb:1300000000016,2024-03-19,1136.61
hydroweb:1300000000016,2024-03-20,1136.63
hydroweb:1300000000016,2024-03-21,1136.6
hydroweb:1300000000016,2024-03-24,1136.58
hydroweb:1300000000016,2024-03-25,1136.6
hydroweb:1300000000016,2024-03-25,1136.56
hydroweb:1300000000016,2024-03-29,1136.67
hydroweb:1300000000016,2024-03-30,1136.61
hydroweb:1300000000016,2024-04-03,1136.65
hydroweb:1300000000016,2024-04-03,1136.69
hydroweb:1300000000016,2024-04-04,1136.7
hydroweb:1300000000016,2024-04-04,1136.68
hydroweb:1300000000016,2024-04-07,1136.76
hydroweb:1300000000016,2024-04-08,1136.76
hydroweb:1300000000016,2024-04-09,1136.76
hydroweb:1300000000016,2024-04-14,1136.83
hydroweb:1300000000016,2024-04-14,1136.78
hydroweb:1300000000016,2024-04-17,1136.86
hydroweb:1300000000016,2024-04-19,1136.86
hydroweb:1300000000016,2024-04-21,1136.87
hydroweb:1300000000016,2024-04-24,1136.83
hydroweb:1300000000016,2024-04-24,1136.87
hydroweb:1300000000016,2024-04-25,1136.86
hydroweb:1300000000016,2024-04-29,1136.91
hydroweb:1300000000016,2024-04-30,1136.93
hydroweb:1300000000016,2024-04-30,1136.96
hydroweb:1300000000016,2024-05-04,1137.0
hydroweb:1300000000016,2024-05-04,1136.96
hydroweb:1300000000016,2024-05-05,1137.01
hydroweb:1300000000016,2024-05-10,1137.03
hydroweb:1300000000016,2024-05-14,1137.03
hydroweb:1300000000016,2024-05-14,1137.01
hydroweb:1300000000016,2024-05-15,1137.08
hydroweb:1300000000016,2024-05-16,1137.03
hydroweb:1300000000016,2024-05-18,1137.04
hydroweb:1300000000016,2024-05-20,1137.0
hydroweb:1300000000016,2024-05-21,1137.03
hydroweb:1300000000016,2024-05-22,1137.1
hydroweb:1300000000016,2024-05-24,1137.01
hydroweb:1300000000016,2024-05-26,1136.99
hydroweb:1300000000016,2024-05-27,1137.0
hydroweb:1300000000016,2024-05-31,1137.0
hydroweb:1300000000016,2024-05-31,1136.96
hydroweb:1300000000016,2024-06-03,1136.99
hydroweb:1300000000016,2024-06-05,1136.86
hydroweb:1300000000016,2024-06-06,1137.0
hydroweb:1300000000016,2024-06-10,1136.95
hydroweb:1300000000016,2024-06-10,1137.01
hydroweb:1300000000016,2024-06-11,1136.97
hydroweb:1300000000016,2024-06-13,1136.92
hydroweb:1300000000016,2024-06-14,1136.9
hydroweb:1300000000016,2024-06-16,1136.93
hydroweb:1300000000016,2024-06-18,1136.91
hydroweb:1300000000016,2024-06-21,1136.87
hydroweb:1300000000016,2024-06-23,1136.84
hydroweb:1300000000016,2024-06-26,1136.83
hydroweb:1300000000016,2024-06-27,1136.78
hydroweb:1300000000016,2024-07-01,1136.71
hydroweb:1300000000016,2024-07-02,1136.78
hydroweb:1300000000016,2024-07-03,1136.76
hydroweb:1300000000016,2024-07-06,1136.76
hydroweb:1300000000016,2024-07-07,1136.77
hydroweb:1300000000016,2024-07-11,1136.74
hydroweb:1300000000016,2024-07-12,1136.72
hydroweb:1300000000016,2024-07-13,1136.71
hydroweb:1300000000016,2024-07-17,1136.71
hydroweb:1300000000016,2024-07-20,1136.71
hydroweb:1300000000016,2024-07-22,1136.7
hydroweb:1300000000016,2024-07-23,1136.67
hydroweb:1300000000016,2024-07-24,1136.72
hydroweb:1300000000016,2024-07-27,1136.68
hydroweb:1300000000016,2024-08-01,1136.65
hydroweb:1300000000016,2024-08-02,1136.66
hydroweb:1300000000016,2024-08-03,1136.68
hydroweb:1300000000016,2024-08-06,1136.67
hydroweb:1300000000016,2024-08-07,1136.65
hydroweb:1300000000016,2024-08-07,1136.64
hydroweb:1300000000016,2024-08-11,1136.62
hydroweb:1300000000016,2024-08-12,1136.55
hydroweb:1300000000016,2024-08-13,1136.64
hydroweb:1300000000016,2024-08-16,1136.59
hydroweb:1300000000016,2024-08-17,1136.59
hydroweb:1300000000016,2024-08-20,1136.69
hydroweb:1300000000016,2024-08-21,1136.55
hydroweb:1300000000016,2024-08-23,1136.57
hydroweb:1300000000016,2024-08-27,1136.53
hydroweb:1300000000016,2024-08-28,1136.55
hydroweb:1300000000016,2024-08-30,1136.56
hydroweb:1300000000016,2024-08-31,1136.54
hydroweb:1300000000016,2024-09-02,1136.5
hydroweb:1300000000016,2024-09-03,1136.62
hydroweb:1300000000016,2024-09-03,1136.55
hydroweb:1300000000016,2024-09-07,1136.55
hydroweb:1300000000016,2024-09-10,1136.5
hydroweb:1300000000016,2024-09-12,1136.5
hydroweb:1300000000016,2024-09-12,1136.47
hydroweb:1300000000016,2024-09-16,1136.47
hydroweb:1300000000016,2024-09-17,1136.56
hydroweb:1300000000016,2024-09-18,1136.47
hydroweb:1300000000016,2024-09-20,1136.45
hydroweb:1300000000016,2024-09-22,1136.59
hydroweb:1300000000016,2024-09-23,1136.53
hydroweb:1300000000016,2024-09-26,1136.47
hydroweb:1300000000016,2024-09-28,1136.43
hydroweb:1300000000016,2024-09-30,1136.44
hydroweb:1300000000016,2024-09-30,1136.43
hydroweb:1300000000016,2024-10-03,1136.46
hydroweb:1300000000016,2024-10-04,1136.45
hydroweb:1300000000016,2024-10-08,1136.46
hydroweb:1300000000016,2024-10-09,1136.42
hydroweb:1300000000016,2024-10-09,1136.45
hydroweb:1300000000016,2024-10-10,1136.4
hydroweb:1300000000016,2024-10-13,1136.45
hydroweb:1300000000016,2024-10-13,1136.39
hydroweb:1300000000016,2024-10-14,1136.42
hydroweb:1300000000016,2024-10-19,1136.4
hydroweb:1300000000016,2024-10-20,1136.37
hydroweb:1300000000016,2024-10-23,1136.45
hydroweb:1300000000016,2024-10-24,1136.43
hydroweb:1300000000016,2024-10-27,1136.43
hydroweb:1300000000016,2024-10-29,1136.38
hydroweb:1300000000016,2024-10-30,1136.42
hydroweb:1300000000016,2024-10-30,1136.45
hydroweb:1300000000016,2024-10-31,1136.48
hydroweb:1300000000016,2024-11-03,1136.43
hydroweb:1300000000016,2024-11-04,1136.47
hydroweb:1300000000016,2024-11-05,1136.44
hydroweb:1300000000016,2024-11-09,1136.45
hydroweb:1300000000016,2024-11-09,1136.44
hydroweb:1300000000016,2024-11-14,1136.42
hydroweb:1300000000016,2024-11-18,1136.44
hydroweb:1300000000016,2024-11-18,1136.4
hydroweb:1300000000016,2024-11-19,1136.45
hydroweb:1300000000016,2024-11-19,1136.48
hydroweb:1300000000016,2024-11-23,1136.49
hydroweb:1300000000016,2024-11-24,1136.51
hydroweb:1300000000016,2024-11-25,1136.54
hydroweb:1300000000016,2024-11-28,1136.56
hydroweb:1300000000016,2024-11-29,1136.55
hydroweb:1300000000016,2024-12-02,1136.63
hydroweb:1300000000016,2024-12-05,1136.6
hydroweb:1300000000016,2024-12-06,1136.64
hydroweb:1300000000016,2024-12-08,1136.58
hydroweb:1300000000016,2024-12-09,1136.58
hydroweb:1300000000016,2024-12-15,1136.66
hydroweb:1300000000016,2024-12-16,1136.67
hydroweb:1300000000016,2024-12-18,1136.64
hydroweb:1300000000016,2024-12-20,1136.61
hydroweb:1300000000016,2024-12-24,1136.71
hydroweb:1300000000016,2024-12-26,1136.65
hydroweb:1300000000016,2024-12-28,1136.67
hydroweb:1300000000016,2024-12-29,1136.7
hydroweb:1300000000016,2024-12-30,1136.65
hydroweb:1300000000016,2024-12-31,1136.65
hydroweb:1300000000016,2025-01-02,1136.63
hydroweb:1300000000016,2025-01-05,1136.63
hydroweb:1300000000016,2025-01-06,1136.64
hydroweb:1300000000016,2025-01-07,1136.62
hydroweb:1300000000016,2025-01-10,1136.62
hydroweb:1300000000016,2025-01-12,1136.67
hydroweb:1300000000016,2025-01-16,1136.6
hydroweb:1300000000016,2025-01-16,1136.58
hydroweb:1300000000016,2025-01-17,1136.62
hydroweb:1300000000016,2025-01-20,1136.6
hydroweb:1300000000016,2025-01-20,1136.69
hydroweb:1300000000016,2025-01-21,1136.6
hydroweb:1300000000016,2025-01-25,1136.57
hydroweb:1300000000016,2025-01-26,1136.52
hydroweb:1300000000016,2025-01-27,1136.59
hydroweb:1300000000016,2025-01-29,1136.57
hydroweb:1300000000016,2025-01-31,1136.56
hydroweb:1300000000016,2025-02-05,1136.56
hydroweb:1300000000016,2025-02-06,1136.56
hydroweb:1300000000016,2025-02-08,1136.57
hydroweb:1300000000016,2025-02-10,1136.64
hydroweb:1300000000016,2025-02-11,1136.56
hydroweb:1300000000016,2025-02-12,1136.55
hydroweb:1300000000016,2025-02-15,1136.53
hydroweb:1300000000016,2025-02-21,1136.5
hydroweb:1300000000016,2025-02-21,1136.52
hydroweb:1300000000016,2025-02-25,1136.48
hydroweb:1300000000016,2025-02-26,1136.41
hydroweb:1300000000016,2025-02-26,1136.45
hydroweb:1300000000016,2025-03-03,1136.54
hydroweb:1300000000016,2025-03-04,1136.4
hydroweb:1300000000016,2025-03-07,1136.37
hydroweb:1300000000016,2025-03-08,1136.37
hydroweb:1300000000016,2025-03-08,1136.36
hydroweb:1300000000016,2025-03-11,1136.39
hydroweb:1300000000016,2025-03-14,1136.4
hydroweb:1300000000016,2025-03-15,1136.37
hydroweb:1300000000016,2025-03-17,1136.4
hydroweb:1300000000016,2025-03-19,1136.37
hydroweb:1300000000016,2025-03-20,1136.38
hydroweb:1300000000016,2025-03-24,1136.42
hydroweb:1300000000016,2025-03-25,1136.43
hydroweb:1300000000016,2025-03-27,1136.46
hydroweb:1300000000016,2025-03-29,1136.46
hydroweb:1300000000016,2025-03-30,1136.42
hydroweb:1300000000016,2025-04-03,1136.42
hydroweb:1300000000016,2025-04-04,1136.46
hydroweb:1300000000016,2025-04-06,1136.47
hydroweb:1300000000016,2025-04-07,1136.51
hydroweb:1300000000016,2025-04-09,1136.51
hydroweb:1300000000016,2025-04-11,1136.55
hydroweb:1300000000016,2025-04-14,1136.58
hydroweb:1300000000016,2025-04-15,1136.53
hydroweb:1300000000016,2025-04-16,1136.54
hydroweb:1300000000016,2025-04-16,1136.59
hydroweb:1300000000016,2025-04-19,1136.63
hydroweb:1300000000016,2025-04-20,1136.64
hydroweb:1300000000016,2025-04-20,1136.54
hydroweb:1300000000016,2025-04-24,1136.57
hydroweb:1300000000016,2025-04-26,1136.57
hydroweb:1300000000016,2025-04-30,1136.59
hydroweb:1300000000016,2025-04-30,1136.57
hydroweb:1300000000016,2025-05-04,1136.57
hydroweb:1300000000016,2025-05-04,1136.51
hydroweb:1300000000016,2025-05-05,1136.6
hydroweb:1300000000016,2025-05-06,1136.59
hydroweb:1300000000016,2025-05-08,1136.56
hydroweb:1300000000016,2025-05-10,1136.65
hydroweb:1300000000016,2025-05-13,1136.64
hydroweb:1300000000016,2025-05-15,1136.68
hydroweb:1300000000016,2025-05-16,1136.67
hydroweb:1300000000016,2025-05-17,1136.64
hydroweb:1300000000016,2025-05-21,1136.65
hydroweb:1300000000016,2025-05-25,1136.69
hydroweb:1300000000016,2025-05-26,1136.68
hydroweb:1300000000016,2025-05-26,1136.69
hydroweb:1300000000016,2025-05-27,1136.69
hydroweb:1300000000016,2025-05-31,1136.67
hydroweb:1300000000016,2025-05-31,1136.68
hydroweb:1300000000016,2025-06-01,1136.63
hydroweb:1300000000016,2025-06-05,1136.66
hydroweb:1300000000016,2025-06-05,1136.65
hydroweb:1300000000016,2025-06-09,1136.64
hydroweb:1300000000016,2025-06-11,1136.65
hydroweb:1300000000016,2025-06-13,1136.63
hydroweb:1300000000016,2025-06-15,1136.58
hydroweb:1300000000016,2025-06-16,1136.58
hydroweb:1300000000016,2025-06-21,1136.6
hydroweb:1300000000016,2025-06-22,1136.55
hydroweb:1300000000016,2025-06-23,1136.58
hydroweb:1300000000016,2025-06-25,1136.58
hydroweb:1300000000016,2025-06-26,1136.58
hydroweb:1300000000016,2025-06-27,1136.59
hydroweb:1300000000016,2025-07-02,1136.59
hydroweb:1300000000016,2025-07-04,1136.55
hydroweb:1300000000016,2025-07-06,1136.55
hydroweb:1300000000016,2025-07-07,1136.56
hydroweb:1300000000016,2025-07-10,1136.55
hydroweb:1300000000016,2025-07-11,1136.5
hydroweb:1300000000016,2025-07-12,1136.54
hydroweb:1300000000016,2025-07-14,1136.52
hydroweb:1300000000016,2025-07-17,1136.55
hydroweb:1300000000016,2025-07-20,1136.5
hydroweb:1300000000016,2025-07-22,1136.53
hydroweb:1300000000016,2025-07-24,1136.52
hydroweb:1300000000016,2025-07-24,1136.49
hydroweb:1300000000016,2025-07-28,1136.44
hydroweb:1300000000016,2025-07-28,1136.45
hydroweb:1300000000016,2025-08-01,1136.63
hydroweb:1300000000016,2025-08-02,1136.42
hydroweb:1300000000016,2025-08-02,1136.43
hydroweb:1300000000016,2025-08-03,1136.43
hydroweb:1300000000016,2025-08-06,1136.4
hydroweb:1300000000016,2025-08-07,1136.41
hydroweb:1300000000016,2025-08-12,1136.41
hydroweb:1300000000016,2025-08-13,1136.38
hydroweb:1300000000016,2025-08-16,1136.41
hydroweb:1300000000016,2025-08-18,1136.39
hydroweb:1300000000016,2025-08-20,1136.43
hydroweb:1300000000016,2025-08-22,1136.41
hydroweb:1300000000016,2025-08-23,1136.38
hydroweb:1300000000016,2025-08-23,1136.43
hydroweb:1300000000016,2025-08-24,1136.38
hydroweb:1300000000016,2025-08-28,1136.37
hydroweb:1300000000016,2025-08-29,1136.39
hydroweb:1300000000016,2025-09-02,1136.35
hydroweb:1300000000016,2025-09-02,1136.34
hydroweb:1300000000016,2025-09-02,1136.39
hydroweb:1300000000016,2025-09-07,1136.53
hydroweb:1300000000016,2025-09-08,1136.39
hydroweb:1300000000016,2025-09-12,1136.35
hydroweb:1300000000016,2025-09-12,1136.31
hydroweb:1300000000016,2025-09-16,1136.3
hydroweb:1300000000016,2025-09-18,1136.3
hydroweb:1300000000016,2025-09-22,1136.28
hydroweb:1300000000016,2025-09-23,1136.27
hydroweb:1300000000016,2025-09-25,1136.28
hydroweb:1300000000016,2025-09-27,1136.18
hydroweb:1300000000016,2025-09-28,1136.27
hydroweb:1300000000016,2025-09-29,1136.25
hydroweb:1300000000016,2025-10-02,1136.22
hydroweb:1300000000016,2025-10-03,1136.28
hydroweb:1300000000016,2025-10-04,1136.23
hydroweb:1300000000016,2025-10-08,1136.24
hydroweb:1300000000016,2025-10-09,1136.23
hydroweb:1300000000016,2025-10-12,1136.22
hydroweb:1300000000016,2025-10-13,1136.23
hydroweb:1300000000016,2025-10-14,1136.24
hydroweb:1300000000016,2025-10-17,1136.28
hydroweb:1300000000016,2025-10-18,1136.27
hydroweb:1300000000016,2025-10-19,1136.25
hydroweb:1300000000016,2025-10-22,1136.11
hydroweb:1300000000016,2025-10-22,1136.23
hydroweb:1300000000016,2025-10-24,1136.21
hydroweb:1300000000016,2025-10-25,1136.16
hydroweb:1300000000016,2025-10-26,1136.27
hydroweb:1300000000016,2025-10-29,1136.23
hydroweb:1300000000016,2025-10-31,1136.23
hydroweb:1300000000016,2025-11-04,1136.28
hydroweb:1300000000016,2025-11-05,1136.31
hydroweb:1300000000016,2025-11-08,1136.29
hydroweb:1300000000016,2025-11-09,1136.29
hydroweb:1300000000016,2025-11-09,1136.3
hydroweb:1300000000016,2025-11-10,1136.29
hydroweb:1300000000016,2025-11-13,1136.34
hydroweb:1300000000016,2025-11-15,1136.24
hydroweb:1300000000016,2025-11-18,1136.34
hydroweb:1300000000016,2025-11-19,1136.27
hydroweb:1300000000016,2025-11-20,1136.27
hydroweb:1300000000016,2025-11-22,1136.28
hydroweb:1300000000016,2025-11-25,1136.26
hydroweb:1300000000016,2025-11-29,1136.22
hydroweb:1300000000016,2025-11-30,1136.21
hydroweb:1300000000016,2025-11-30,1136.24
hydroweb:1300000000016,2025-12-02,1136.26
hydroweb:1300000000016,2025-12-05,1136.27
hydroweb:1300000000016,2025-12-06,1136.2
hydroweb:1300000000016,2025-12-06,1136.22
hydroweb:1300000000016,2025-12-10,1136.19
hydroweb:1300000000016,2025-12-10,1136.18
hydroweb:1300000000016,2025-12-15,1136.22
hydroweb:1300000000016,2025-12-15,1136.19
hydroweb:1300000000016,2025-12-19,1136.25
hydroweb:1300000000016,2025-12-20,1136.23
hydroweb:1300000000016,2025-12-21,1136.22
hydroweb:1300000000016,2025-12-25,1136.33
hydroweb:1300000000016,2025-12-26,1136.22
hydroweb:1300000000016,2025-12-29,1136.32
hydroweb:1300000000016,2025-12-30,1136.27
hydroweb:1300000000016,2025-12-31,1136.29
hydroweb:1300000000016,2026-01-02,1136.32
hydroweb:1300000000016,2026-01-05,1136.3
hydroweb:1300000000016,2026-01-09,1136.29
hydroweb:1300000000016,2026-01-10,1136.28
hydroweb:1300000000016,2026-01-11,1136.25
hydroweb:1300000000016,2026-01-15,1136.24
hydroweb:1300000000016,2026-01-15,1136.27
hydroweb:1300000000016,2026-01-16,1136.18
hydroweb:1300000000016,2026-01-19,1136.24
hydroweb:1300000000016,2026-01-21,1136.22
hydroweb:1300000000016,2026-01-25,1136.18
hydroweb:1300000000016,2026-01-29,1136.21
hydroweb:1300000000016,2026-02-02,1136.23
hydroweb:1300000000016,2026-02-07,1136.17
hydroweb:1300000000016,2026-02-08,1136.19
hydroweb:1300000000016,2026-02-11,1136.19
hydroweb:1300000000016,2026-02-18,1136.19
hydroweb:1300000000016,2026-02-21,1136.25
hydroweb:1300000000016,2026-02-25,1136.25
hydroweb:1300000000016,2026-02-27,1136.23
hydroweb:1300000000016,2026-03-01,1136.27
hydroweb:1300000000016,2026-03-06,1136.36
hydroweb:1300000000016,2026-03-09,1136.32
hydroweb:1300000000016,2026-03-10,1136.38
hydroweb:1300000000016,2026-03-19,1136.38
hydroweb:1300000000016,2026-03-29,1136.5
hydroweb:1300000000016,2026-04-02,1136.49
hydroweb:1300000000016,2026-04-06,1136.47
hydroweb:1300000000016,2026-04-08,1136.5
hydroweb:1300000000016,2026-04-14,1136.53
hydroweb:1300000000016,2026-04-16,1136.53
hydroweb:1300000000016,2026-04-18,1136.51
hydroweb:1300000000016,2026-04-20,1136.52
hydroweb:1300000000016,2026-04-20,1136.55
hydroweb:1300000000016,2026-04-24,1136.47
hydroweb:1300000000016,2026-04-25,1136.53
hydroweb:1300000000016,2026-04-28,1136.51
hydroweb:1300000000016,2026-04-29,1136.56
hydroweb:1300000000016,2026-04-30,1136.61
hydroweb:1300000000016,2026-05-03,1136.61
hydroweb:1300000000016,2026-05-05,1136.61
hydroweb:1300000000016,2026-05-08,1136.62
hydroweb:1300000000016,2026-05-11,1136.64
hydroweb:1300000000016,2026-05-13,1136.66
hydroweb:1300000000016,2026-05-16,1136.62
hydroweb:1300000000016,2026-05-17,1136.66
hydroweb:1300000000016,2026-05-18,1136.64
hydroweb:1300000000016,2026-05-20,1136.63
hydroweb:1300000000016,2026-05-21,1136.65
hydroweb:1300000000016,2026-05-21,1136.59
hydroweb:1300000000016,2026-05-26,1136.61
hydroweb:1300000000016,2026-05-26,1136.58
hydroweb:1300000000016,2026-05-28,1136.58
hydroweb:1300000000016,2026-05-30,1136.61
hydroweb:1300000000016,2026-05-31,1136.58
hydroweb:1300000000016,2026-06-05,1136.51
hydroweb:1300000000016,2026-06-06,1136.55
hydroweb:1300000000016,2026-06-07,1136.54
hydroweb:1300000000016,2026-06-09,1136.55
hydroweb:1300000000016,2026-06-10,1136.5
hydroweb:1300000000016,2026-06-11,1136.54
hydroweb:1300000000016,2026-06-13,1136.51
hydroweb:1300000000016,2026-06-16,1136.5
hydroweb:1300000000016,2026-06-17,1136.46
hydroweb:1300000000016,2026-06-17,1136.5
hydroweb:1300000000016,2026-06-21,1136.44
hydroweb:1300000000016,2026-06-22,1136.44
hydroweb:1300000000016,2026-06-26,1136.41
hydroweb:1300000000016,2026-06-26,1136.4
hydroweb:1300000000016,2026-06-27,1136.42
hydroweb:1300000000016,2026-07-01,1136.37
hydroweb:1300000000016,2026-07-02,1136.43
hydroweb:1300000000016,2026-07-06,1136.36
hydroweb:1300000000016,2026-07-06,1136.35
hydroweb:1300000000016,2026-07-07,1136.33
hydroweb:1300000000016,2026-07-10,1136.32
hydroweb:1300000000016,2026-07-12,1136.31
hydroweb:1300000000016,2026-07-16,1136.31
hydroweb:1300000000016,2026-07-17,1136.29
hydroweb:1300000000016,2026-07-18,1136.32
hydroweb:1300000000016,2026-07-19,1136.3
hydroweb:1300000000016,2026-07-22,1136.3
hydroweb:1300000000016,2026-07-23,1136.26
hydroweb:1300000000016,2026-07-26,1136.24
hydroweb:1300000000016,2026-07-28,1136.26
hydroweb:1300000000016,2026-08-02,1136.25
hydroweb:1300000000016,2026-08-02,1136.23
hydroweb:1300000000016,2026-08-05,1136.2
hydroweb:1300000000016,2026-08-06,1136.22
hydroweb:1300000000016,2026-08-06,1136.28
hydroweb:1300000000016,2026-08-07,1136.27
hydroweb:1300000000016,2026-08-12,1136.21
hydroweb:1300000000016,2026-08-13,1136.16
hydroweb:1300000000016,2026-08-15,1136.18
hydroweb:1300000000016,2026-08-17,1136.17
hydroweb:1300000000016,2026-08-19,1136.11
hydroweb:1300000000016,2026-08-23,1136.09
hydroweb:1300000000016,2026-08-25,1136.09
hydroweb:1300000000016,2026-08-27,1136.17
hydroweb:1300000000016,2026-08-28,1136.11
hydroweb:1300000000016,2026-08-29,1136.09
hydroweb:1300000000016,2026-09-02,1136.02
hydroweb:1300000000016,2026-09-04,1136.0
hydroweb:1300000000016,2026-09-06,1136.0
hydroweb:1300000000016,2026-09-07,1136.04
hydroweb:1300000000016,2026-09-11,1135.97
hydroweb:1300000000016,2026-09-13,1135.95
hydroweb:1300000000016,2026-09-14,1135.91
hydroweb:1300000000016,2026-09-15,1135.97
hydroweb:1300000000016,2026-09-18,1135.95
hydroweb:1300000000016,2026-09-23,1135.91
hydroweb:1300000000016,2026-09-24,1135.95
