state,county,pcode,pop_2025
Abyei Administrative Area,Abyei Region,SS0001,145358
Central Equatoria,Juba,SS0101,570834
Central Equatoria,Kajo-keji,SS0102,257989
Central Equatoria,Lainya,SS0103,119155
Central Equatoria,Morobo,SS0104,136697
Central Equatoria,Terekeka,SS0105,266693
Central Equatoria,Yei,SS0106,327602
Eastern Equatoria,Budi,SS0201,108474
Eastern Equatoria,Ikotos,SS0202,111148
Eastern Equatoria,Kapoeta East,SS0203,175078
Eastern Equatoria,Kapoeta North,SS0204,162158
Eastern Equatoria,Kapoeta South,SS0205,105511
Eastern Equatoria,Lafon,SS0206,163767
Eastern Equatoria,Magwi,SS0207,314109
Eastern Equatoria,Torit,SS0208,65844
Jonglei,Akobo,SS0301,238042
Jonglei,Ayod,SS0302,205709
Jonglei,Bor South,SS0303,354711
Jonglei,Canal/Pigi,SS0304,111613
Jonglei,Duk,SS0305,206545
Jonglei,Fangak,SS0306,213029
Jonglei,Nyirol,SS0307,153295
Jonglei,Pibor,SS0308,237649
Jonglei,Pochalla,SS0309,82568
Jonglei,Twic East,SS0310,129822
Jonglei,Uror,SS0311,205594
Lakes,Awerial,SS0401,144223
Lakes,Cueibet,SS0402,189199
Lakes,Rumbek Centre,SS0403,222497
Lakes,Rumbek East,SS0404,180970
Lakes,Rumbek North,SS0405,75047
Lakes,Wulu,SS0406,92247
Lakes,Yirol East,SS0407,165810
Lakes,Yirol West,SS0408,181325
Northern Bahr el Ghazal,Aweil Centre,SS0501,78958
Northern Bahr el Ghazal,Aweil East,SS0502,395769
Northern Bahr el Ghazal,Aweil North,SS0503,185929
Northern Bahr el Ghazal,Aweil South,SS0504,151604
Northern Bahr el Ghazal,Aweil West,SS0505,223173
Unity,Abiemnhom,SS0601,60349
Unity,Guit,SS0602,73878
Unity,Koch,SS0603,115158
Unity,Leer,SS0604,86784
Unity,Mayendit,SS0605,74335
Unity,Mayom,SS0606,170251
Unity,Panyijiar,SS0607,126239
Unity,Pariang,SS0608,143832
Unity,Rubkona,SS0609,361802
Upper Nile,Baliet,SS0701,76145
Upper Nile,Fashoda,SS0702,83775
Upper Nile,Longochuk,SS0703,80526
Upper Nile,Luakpiny/Nasir,SS0704,350742
Upper Nile,Maban,SS0705,84550
Upper Nile,Maiwut,SS0706,147823
Upper Nile,Malakal,SS0707,204041
Upper Nile,Manyo,SS0708,83853
Upper Nile,Melut,SS0709,134054
Upper Nile,Panyikang,SS0710,69656
Upper Nile,Renk,SS0711,210351
Upper Nile,Ulang,SS0712,167265
Warrap,Gogrial East,SS0801,138793
Warrap,Gogrial West,SS0802,347953
Warrap,Tonj East,SS0803,190959
Warrap,Tonj North,SS0804,271487
Warrap,Tonj South,SS0805,126289
Warrap,Twic,SS0806,291675
Western Bahr el Ghazal,Jur River,SS0901,293840
Western Bahr el Ghazal,Raja,SS0902,76633
Western Bahr el Ghazal,Wau,SS0903,345948
Western Equatoria,Ezo,SS1001,138291
Western Equatoria,Ibba,SS1002,68544
Western Equatoria,Maridi,SS1003,113864
Western Equatoria,Mundri East,SS1004,103283
Western Equatoria,Mundri West,SS1005,51413
Western Equatoria,Mvolo,SS1006,77611
Western Equatoria,Nagero,SS1007,61561
Western Equatoria,Nzara,SS1008,86370
Western Equatoria,Tambura,SS1009,122913
Western Equatoria,Yambio,SS1010,173972
